config,event_id,event_size,card,coin,kind,start_hour_utc,event_kinds,event_first_hour_utc,event_last_hour_utc
none/none/none,E0001,1,C267,ZROUSDT,calm,2025-09-02T14:00Z,calm,2025-09-02T14:00Z,2025-09-02T14:00Z
none/none/none,E0002,1,C135,KOMAUSDT,calm,2025-09-03T01:00Z,calm,2025-09-03T01:00Z,2025-09-03T01:00Z
none/none/none,E0003,1,C215,NILUSDT,calm,2025-09-03T10:00Z,calm,2025-09-03T10:00Z,2025-09-03T10:00Z
none/none/none,E0004,1,C095,FHEUSDT,calm,2025-09-06T07:00Z,calm,2025-09-06T07:00Z,2025-09-06T07:00Z
none/none/none,E0005,1,C216,NILUSDT,calm,2025-09-07T09:00Z,calm,2025-09-07T09:00Z,2025-09-07T09:00Z
none/none/none,E0006,1,C175,NEWTUSDT,large,2025-09-08T07:00Z,large,2025-09-08T07:00Z,2025-09-08T07:00Z
none/none/none,E0007,1,C217,NILUSDT,calm,2025-09-09T15:00Z,calm,2025-09-09T15:00Z,2025-09-09T15:00Z
none/none/none,E0008,1,C265,OMNIUSDT,large,2025-09-09T19:00Z,large,2025-09-09T19:00Z,2025-09-09T19:00Z
none/none/none,E0009,1,C176,NEWTUSDT,calm,2025-09-13T11:00Z,calm,2025-09-13T11:00Z,2025-09-13T11:00Z
none/none/none,E0010,1,C177,NEWTUSDT,calm,2025-09-13T14:00Z,calm,2025-09-13T14:00Z,2025-09-13T14:00Z
none/none/none,E0011,1,C055,FARTCOINUSDT,calm,2025-09-15T22:00Z,calm,2025-09-15T22:00Z,2025-09-15T22:00Z
none/none/none,E0012,1,C218,NILUSDT,calm,2025-09-16T05:00Z,calm,2025-09-16T05:00Z,2025-09-16T05:00Z
none/none/none,E0013,1,C096,FHEUSDT,calm,2025-09-17T17:00Z,calm,2025-09-17T17:00Z,2025-09-17T17:00Z
none/none/none,E0014,1,C268,ZROUSDT,calm,2025-09-18T14:00Z,calm,2025-09-18T14:00Z,2025-09-18T14:00Z
none/none/none,E0015,1,C015,BCHUSDT,calm,2025-09-19T08:00Z,calm,2025-09-19T08:00Z,2025-09-19T08:00Z
none/none/none,E0016,1,C097,FHEUSDT,calm,2025-09-19T21:00Z,calm,2025-09-19T21:00Z,2025-09-19T21:00Z
none/none/none,E0017,1,C266,OMNIUSDT,calm,2025-09-21T00:00Z,calm,2025-09-21T00:00Z,2025-09-21T00:00Z
none/none/none,E0018,1,C136,KOMAUSDT,large,2025-09-21T07:00Z,large,2025-09-21T07:00Z,2025-09-21T07:00Z
none/none/none,E0019,1,C056,FARTCOINUSDT,large,2025-09-21T08:00Z,large,2025-09-21T08:00Z,2025-09-21T08:00Z
none/none/none,E0020,1,C016,BCHUSDT,calm,2025-09-21T09:00Z,calm,2025-09-21T09:00Z,2025-09-21T09:00Z
none/none/none,E0021,1,C178,NEWTUSDT,large,2025-09-21T16:00Z,large,2025-09-21T16:00Z,2025-09-21T16:00Z
none/none/none,E0022,1,C269,ZROUSDT,large,2025-09-23T12:00Z,large,2025-09-23T12:00Z,2025-09-23T12:00Z
none/none/none,E0023,1,C137,KOMAUSDT,calm,2025-09-28T17:00Z,calm,2025-09-28T17:00Z,2025-09-28T17:00Z
none/none/none,E0024,1,C098,FHEUSDT,calm,2025-09-29T18:00Z,calm,2025-09-29T18:00Z,2025-09-29T18:00Z
none/none/none,E0025,1,C179,NEWTUSDT,large,2025-09-30T19:00Z,large,2025-09-30T19:00Z,2025-09-30T19:00Z
none/none/none,E0026,1,C219,NILUSDT,large,2025-10-01T07:00Z,large,2025-10-01T07:00Z,2025-10-01T07:00Z
none/none/none,E0027,1,C270,ZROUSDT,large,2025-10-01T07:00Z,large,2025-10-01T07:00Z,2025-10-01T07:00Z
none/none/none,E0028,1,C271,ZROUSDT,calm,2025-10-04T16:00Z,calm,2025-10-04T16:00Z,2025-10-04T16:00Z
none/none/none,E0029,1,C057,FARTCOINUSDT,calm,2025-10-06T03:00Z,calm,2025-10-06T03:00Z,2025-10-06T03:00Z
none/none/none,E0030,1,C220,NILUSDT,calm,2025-10-06T22:00Z,calm,2025-10-06T22:00Z,2025-10-06T22:00Z
none/none/none,E0031,1,C138,KOMAUSDT,large,2025-10-07T05:00Z,large,2025-10-07T05:00Z,2025-10-07T05:00Z
none/none/none,E0032,1,C139,KOMAUSDT,large,2025-10-09T10:00Z,large,2025-10-09T10:00Z,2025-10-09T10:00Z
none/none/none,E0033,1,C099,FHEUSDT,large,2025-10-09T22:00Z,large,2025-10-09T22:00Z,2025-10-09T22:00Z
none/none/none,E0034,1,C180,NEWTUSDT,large,2025-10-09T22:00Z,large,2025-10-09T22:00Z,2025-10-09T22:00Z
none/none/none,E0035,1,C272,ZROUSDT,large,2025-10-09T22:00Z,large,2025-10-09T22:00Z,2025-10-09T22:00Z
none/none/none,E0036,1,C017,BCHUSDT,large,2025-10-10T02:00Z,large,2025-10-10T02:00Z,2025-10-10T02:00Z
none/none/none,E0037,1,C221,NILUSDT,large,2025-10-10T05:00Z,large,2025-10-10T05:00Z,2025-10-10T05:00Z
none/none/none,E0038,1,C058,FARTCOINUSDT,large,2025-10-10T14:00Z,large,2025-10-10T14:00Z,2025-10-10T14:00Z
none/none/none,E0039,1,C018,BCHUSDT,large,2025-10-12T02:00Z,large,2025-10-12T02:00Z,2025-10-12T02:00Z
none/none/none,E0040,1,C273,ZROUSDT,large,2025-10-12T02:00Z,large,2025-10-12T02:00Z,2025-10-12T02:00Z
none/none/none,E0041,1,C059,FARTCOINUSDT,large,2025-10-12T14:00Z,large,2025-10-12T14:00Z,2025-10-12T14:00Z
none/none/none,E0042,1,C181,NEWTUSDT,large,2025-10-12T14:00Z,large,2025-10-12T14:00Z,2025-10-12T14:00Z
none/none/none,E0043,1,C182,NEWTUSDT,large,2025-10-16T08:00Z,large,2025-10-16T08:00Z,2025-10-16T08:00Z
none/none/none,E0044,1,C019,BCHUSDT,large,2025-10-16T09:00Z,large,2025-10-16T09:00Z,2025-10-16T09:00Z
none/none/none,E0045,1,C100,FHEUSDT,large,2025-10-17T01:00Z,large,2025-10-17T01:00Z,2025-10-17T01:00Z
none/none/none,E0046,1,C140,KOMAUSDT,large,2025-10-17T09:00Z,large,2025-10-17T09:00Z,2025-10-17T09:00Z
none/none/none,E0047,1,C222,NILUSDT,calm,2025-10-18T05:00Z,calm,2025-10-18T05:00Z,2025-10-18T05:00Z
none/none/none,E0048,1,C223,NILUSDT,large,2025-10-21T10:00Z,large,2025-10-21T10:00Z,2025-10-21T10:00Z
none/none/none,E0049,1,C020,BCHUSDT,large,2025-10-25T13:00Z,large,2025-10-25T13:00Z,2025-10-25T13:00Z
none/none/none,E0050,1,C224,NILUSDT,calm,2025-10-29T10:00Z,calm,2025-10-29T10:00Z,2025-10-29T10:00Z
none/none/none,E0051,1,C060,FARTCOINUSDT,large,2025-10-29T21:00Z,large,2025-10-29T21:00Z,2025-10-29T21:00Z
none/none/none,E0052,1,C183,NEWTUSDT,large,2025-10-29T21:00Z,large,2025-10-29T21:00Z,2025-10-29T21:00Z
none/none/none,E0053,1,C225,NILUSDT,calm,2025-10-30T19:00Z,calm,2025-10-30T19:00Z,2025-10-30T19:00Z
none/none/none,E0054,1,C101,FHEUSDT,calm,2025-10-31T22:00Z,calm,2025-10-31T22:00Z,2025-10-31T22:00Z
none/none/none,E0055,1,C021,BCHUSDT,calm,2025-11-01T04:00Z,calm,2025-11-01T04:00Z,2025-11-01T04:00Z
none/none/none,E0056,1,C184,NEWTUSDT,large,2025-11-02T21:00Z,large,2025-11-02T21:00Z,2025-11-02T21:00Z
none/none/none,E0057,1,C226,NILUSDT,large,2025-11-03T00:00Z,large,2025-11-03T00:00Z,2025-11-03T00:00Z
none/none/none,E0058,1,C061,FARTCOINUSDT,large,2025-11-03T08:00Z,large,2025-11-03T08:00Z,2025-11-03T08:00Z
none/none/none,E0059,1,C141,KOMAUSDT,calm,2025-11-04T20:00Z,calm,2025-11-04T20:00Z,2025-11-04T20:00Z
none/none/none,E0060,1,C022,BCHUSDT,calm,2025-11-04T23:00Z,calm,2025-11-04T23:00Z,2025-11-04T23:00Z
none/none/none,E0061,1,C274,ZROUSDT,large,2025-11-06T08:00Z,large,2025-11-06T08:00Z,2025-11-06T08:00Z
none/none/none,E0062,1,C185,NEWTUSDT,calm,2025-11-06T14:00Z,calm,2025-11-06T14:00Z,2025-11-06T14:00Z
none/none/none,E0063,1,C062,FARTCOINUSDT,large,2025-11-06T21:00Z,large,2025-11-06T21:00Z,2025-11-06T21:00Z
none/none/none,E0064,1,C023,BCHUSDT,calm,2025-11-07T08:00Z,calm,2025-11-07T08:00Z,2025-11-07T08:00Z
none/none/none,E0065,1,C142,KOMAUSDT,calm,2025-11-14T06:00Z,calm,2025-11-14T06:00Z,2025-11-14T06:00Z
none/none/none,E0066,1,C102,FHEUSDT,calm,2025-11-14T07:00Z,calm,2025-11-14T07:00Z,2025-11-14T07:00Z
none/none/none,E0067,1,C024,BCHUSDT,calm,2025-11-15T03:00Z,calm,2025-11-15T03:00Z,2025-11-15T03:00Z
none/none/none,E0068,1,C186,NEWTUSDT,calm,2025-11-15T14:00Z,calm,2025-11-15T14:00Z,2025-11-15T14:00Z
none/none/none,E0069,1,C227,NILUSDT,large,2025-11-15T21:00Z,large,2025-11-15T21:00Z,2025-11-15T21:00Z
none/none/none,E0070,1,C275,ZROUSDT,calm,2025-11-17T08:00Z,calm,2025-11-17T08:00Z,2025-11-17T08:00Z
none/none/none,E0071,1,C228,NILUSDT,large,2025-11-18T19:00Z,large,2025-11-18T19:00Z,2025-11-18T19:00Z
none/none/none,E0072,1,C025,BCHUSDT,large,2025-11-18T20:00Z,large,2025-11-18T20:00Z,2025-11-18T20:00Z
none/none/none,E0073,1,C187,NEWTUSDT,large,2025-11-20T14:00Z,large,2025-11-20T14:00Z,2025-11-20T14:00Z
none/none/none,E0074,1,C063,FARTCOINUSDT,large,2025-11-20T23:00Z,large,2025-11-20T23:00Z,2025-11-20T23:00Z
none/none/none,E0075,1,C229,NILUSDT,large,2025-11-20T23:00Z,large,2025-11-20T23:00Z,2025-11-20T23:00Z
none/none/none,E0076,1,C026,BCHUSDT,large,2025-11-21T12:00Z,large,2025-11-21T12:00Z,2025-11-21T12:00Z
none/none/none,E0077,1,C064,FARTCOINUSDT,large,2025-11-23T21:00Z,large,2025-11-23T21:00Z,2025-11-23T21:00Z
none/none/none,E0078,1,C065,FARTCOINUSDT,large,2025-11-25T22:00Z,large,2025-11-25T22:00Z,2025-11-25T22:00Z
none/none/none,E0079,1,C188,NEWTUSDT,calm,2025-11-26T19:00Z,calm,2025-11-26T19:00Z,2025-11-26T19:00Z
none/none/none,E0080,1,C103,FHEUSDT,calm,2025-11-27T16:00Z,calm,2025-11-27T16:00Z,2025-11-27T16:00Z
none/none/none,E0081,1,C066,FARTCOINUSDT,large,2025-12-01T16:00Z,large,2025-12-01T16:00Z,2025-12-01T16:00Z
none/none/none,E0082,1,C276,ZROUSDT,large,2025-12-01T18:00Z,large,2025-12-01T18:00Z,2025-12-01T18:00Z
none/none/none,E0083,1,C027,BCHUSDT,large,2025-12-02T05:00Z,large,2025-12-02T05:00Z,2025-12-02T05:00Z
none/none/none,E0084,1,C189,NEWTUSDT,calm,2025-12-02T05:00Z,calm,2025-12-02T05:00Z,2025-12-02T05:00Z
none/none/none,E0085,1,C067,FARTCOINUSDT,large,2025-12-03T21:00Z,large,2025-12-03T21:00Z,2025-12-03T21:00Z
none/none/none,E0086,1,C104,FHEUSDT,large,2025-12-06T19:00Z,large,2025-12-06T19:00Z,2025-12-06T19:00Z
none/none/none,E0087,1,C230,NILUSDT,large,2025-12-09T05:00Z,large,2025-12-09T05:00Z,2025-12-09T05:00Z
none/none/none,E0088,1,C105,FHEUSDT,large,2025-12-09T22:00Z,large,2025-12-09T22:00Z,2025-12-09T22:00Z
none/none/none,E0089,1,C277,ZROUSDT,calm,2025-12-10T07:00Z,calm,2025-12-10T07:00Z,2025-12-10T07:00Z
none/none/none,E0090,1,C028,BCHUSDT,calm,2025-12-15T02:00Z,calm,2025-12-15T02:00Z,2025-12-15T02:00Z
none/none/none,E0091,1,C106,FHEUSDT,large,2025-12-15T04:00Z,large,2025-12-15T04:00Z,2025-12-15T04:00Z
none/none/none,E0092,1,C231,NILUSDT,calm,2025-12-16T18:00Z,calm,2025-12-16T18:00Z,2025-12-16T18:00Z
none/none/none,E0093,1,C068,FARTCOINUSDT,large,2025-12-18T01:00Z,large,2025-12-18T01:00Z,2025-12-18T01:00Z
none/none/none,E0094,1,C143,KOMAUSDT,calm,2025-12-18T05:00Z,calm,2025-12-18T05:00Z,2025-12-18T05:00Z
none/none/none,E0095,1,C029,BCHUSDT,large,2025-12-18T20:00Z,large,2025-12-18T20:00Z,2025-12-18T20:00Z
none/none/none,E0096,1,C190,NEWTUSDT,large,2025-12-19T13:00Z,large,2025-12-19T13:00Z,2025-12-19T13:00Z
none/none/none,E0097,1,C107,FHEUSDT,large,2025-12-19T15:00Z,large,2025-12-19T15:00Z,2025-12-19T15:00Z
none/none/none,E0098,1,C191,NEWTUSDT,large,2025-12-24T11:00Z,large,2025-12-24T11:00Z,2025-12-24T11:00Z
none/none/none,E0099,1,C232,NILUSDT,large,2025-12-26T01:00Z,large,2025-12-26T01:00Z,2025-12-26T01:00Z
none/none/none,E0100,1,C108,FHEUSDT,calm,2025-12-29T00:00Z,calm,2025-12-29T00:00Z,2025-12-29T00:00Z
none/none/none,E0101,1,C144,KOMAUSDT,calm,2025-12-30T01:00Z,calm,2025-12-30T01:00Z,2025-12-30T01:00Z
none/none/none,E0102,1,C069,FARTCOINUSDT,large,2026-01-02T03:00Z,large,2026-01-02T03:00Z,2026-01-02T03:00Z
none/none/none,E0103,1,C145,KOMAUSDT,calm,2026-01-02T07:00Z,calm,2026-01-02T07:00Z,2026-01-02T07:00Z
none/none/none,E0104,1,C070,FARTCOINUSDT,large,2026-01-05T14:00Z,large,2026-01-05T14:00Z,2026-01-05T14:00Z
none/none/none,E0105,1,C109,FHEUSDT,large,2026-01-06T02:00Z,large,2026-01-06T02:00Z,2026-01-06T02:00Z
none/none/none,E0106,1,C030,BCHUSDT,calm,2026-01-06T17:00Z,calm,2026-01-06T17:00Z,2026-01-06T17:00Z
none/none/none,E0107,1,C233,NILUSDT,calm,2026-01-07T00:00Z,calm,2026-01-07T00:00Z,2026-01-07T00:00Z
none/none/none,E0108,1,C146,KOMAUSDT,calm,2026-01-08T17:00Z,calm,2026-01-08T17:00Z,2026-01-08T17:00Z
none/none/none,E0109,1,C192,NEWTUSDT,calm,2026-01-09T11:00Z,calm,2026-01-09T11:00Z,2026-01-09T11:00Z
none/none/none,E0110,1,C278,ZROUSDT,calm,2026-01-12T05:00Z,calm,2026-01-12T05:00Z,2026-01-12T05:00Z
none/none/none,E0111,1,C071,FARTCOINUSDT,calm,2026-01-13T16:00Z,calm,2026-01-13T16:00Z,2026-01-13T16:00Z
none/none/none,E0112,1,C110,FHEUSDT,large,2026-01-14T12:00Z,large,2026-01-14T12:00Z,2026-01-14T12:00Z
none/none/none,E0113,1,C072,FARTCOINUSDT,calm,2026-01-14T20:00Z,calm,2026-01-14T20:00Z,2026-01-14T20:00Z
none/none/none,E0114,1,C111,FHEUSDT,large,2026-01-16T14:00Z,large,2026-01-16T14:00Z,2026-01-16T14:00Z
none/none/none,E0115,1,C112,FHEUSDT,large,2026-01-18T14:00Z,large,2026-01-18T14:00Z,2026-01-18T14:00Z
none/none/none,E0116,1,C234,NILUSDT,calm,2026-01-18T22:00Z,calm,2026-01-18T22:00Z,2026-01-18T22:00Z
none/none/none,E0117,1,C113,FHEUSDT,large,2026-01-20T16:00Z,large,2026-01-20T16:00Z,2026-01-20T16:00Z
none/none/none,E0118,1,C279,ZROUSDT,large,2026-01-20T16:00Z,large,2026-01-20T16:00Z,2026-01-20T16:00Z
none/none/none,E0119,1,C235,NILUSDT,calm,2026-01-22T08:00Z,calm,2026-01-22T08:00Z,2026-01-22T08:00Z
none/none/none,E0120,1,C280,ZROUSDT,large,2026-01-22T17:00Z,large,2026-01-22T17:00Z,2026-01-22T17:00Z
none/none/none,E0121,1,C193,NEWTUSDT,large,2026-01-24T01:00Z,large,2026-01-24T01:00Z,2026-01-24T01:00Z
none/none/none,E0122,1,C031,BCHUSDT,large,2026-01-30T20:00Z,large,2026-01-30T20:00Z,2026-01-30T20:00Z
none/none/none,E0123,1,C194,NEWTUSDT,large,2026-01-30T20:00Z,large,2026-01-30T20:00Z,2026-01-30T20:00Z
none/none/none,E0124,1,C281,ZROUSDT,large,2026-01-30T20:00Z,large,2026-01-30T20:00Z,2026-01-30T20:00Z
none/none/none,E0125,1,C236,NILUSDT,calm,2026-02-01T21:00Z,calm,2026-02-01T21:00Z,2026-02-01T21:00Z
none/none/none,E0126,1,C147,KOMAUSDT,calm,2026-02-03T03:00Z,calm,2026-02-03T03:00Z,2026-02-03T03:00Z
none/none/none,E0127,1,C114,FHEUSDT,large,2026-02-03T15:00Z,large,2026-02-03T15:00Z,2026-02-03T15:00Z
none/none/none,E0128,1,C282,ZROUSDT,large,2026-02-05T00:00Z,large,2026-02-05T00:00Z,2026-02-05T00:00Z
none/none/none,E0129,1,C195,NEWTUSDT,large,2026-02-05T01:00Z,large,2026-02-05T01:00Z,2026-02-05T01:00Z
none/none/none,E0130,1,C032,BCHUSDT,large,2026-02-06T03:00Z,large,2026-02-06T03:00Z,2026-02-06T03:00Z
none/none/none,E0131,1,C115,FHEUSDT,large,2026-02-09T14:00Z,large,2026-02-09T14:00Z,2026-02-09T14:00Z
none/none/none,E0132,1,C237,NILUSDT,large,2026-02-10T11:00Z,large,2026-02-10T11:00Z,2026-02-10T11:00Z
none/none/none,E0133,1,C283,ZROUSDT,large,2026-02-10T14:00Z,large,2026-02-10T14:00Z,2026-02-10T14:00Z
none/none/none,E0134,1,C073,FARTCOINUSDT,calm,2026-02-11T10:00Z,calm,2026-02-11T10:00Z,2026-02-11T10:00Z
none/none/none,E0135,1,C116,FHEUSDT,large,2026-02-11T14:00Z,large,2026-02-11T14:00Z,2026-02-11T14:00Z
none/none/none,E0136,1,C033,BCHUSDT,large,2026-02-12T22:00Z,large,2026-02-12T22:00Z,2026-02-12T22:00Z
none/none/none,E0137,1,C117,FHEUSDT,large,2026-02-15T06:00Z,large,2026-02-15T06:00Z,2026-02-15T06:00Z
none/none/none,E0138,1,C074,FARTCOINUSDT,calm,2026-02-17T17:00Z,calm,2026-02-17T17:00Z,2026-02-17T17:00Z
none/none/none,E0139,1,C284,ZROUSDT,large,2026-02-19T16:00Z,large,2026-02-19T16:00Z,2026-02-19T16:00Z
none/none/none,E0140,1,C034,BCHUSDT,large,2026-02-23T00:00Z,large,2026-02-23T00:00Z,2026-02-23T00:00Z
none/none/none,E0141,1,C196,NEWTUSDT,large,2026-02-26T12:00Z,large,2026-02-26T12:00Z,2026-02-26T12:00Z
none/none/none,E0142,1,C118,FHEUSDT,calm,2026-02-28T08:00Z,calm,2026-02-28T08:00Z,2026-02-28T08:00Z
none/none/none,E0143,1,C285,ZROUSDT,large,2026-02-28T09:00Z,large,2026-02-28T09:00Z,2026-02-28T09:00Z
none/none/none,E0144,1,C075,FARTCOINUSDT,calm,2026-03-02T05:00Z,calm,2026-03-02T05:00Z,2026-03-02T05:00Z
none/none/none,E0145,1,C238,NILUSDT,calm,2026-03-02T09:00Z,calm,2026-03-02T09:00Z,2026-03-02T09:00Z
none/none/none,E0146,1,C119,FHEUSDT,calm,2026-03-03T03:00Z,calm,2026-03-03T03:00Z,2026-03-03T03:00Z
none/none/none,E0147,1,C120,FHEUSDT,large,2026-03-06T13:00Z,large,2026-03-06T13:00Z,2026-03-06T13:00Z
none/none/none,E0148,1,C035,BCHUSDT,calm,2026-03-07T23:00Z,calm,2026-03-07T23:00Z,2026-03-07T23:00Z
none/none/none,E0149,1,C239,NILUSDT,calm,2026-03-08T22:00Z,calm,2026-03-08T22:00Z,2026-03-08T22:00Z
none/none/none,E0150,1,C076,FARTCOINUSDT,calm,2026-03-10T00:00Z,calm,2026-03-10T00:00Z,2026-03-10T00:00Z
none/none/none,E0151,1,C121,FHEUSDT,calm,2026-03-12T23:00Z,calm,2026-03-12T23:00Z,2026-03-12T23:00Z
none/none/none,E0152,1,C286,ZROUSDT,calm,2026-03-12T23:00Z,calm,2026-03-12T23:00Z,2026-03-12T23:00Z
none/none/none,E0153,1,C077,FARTCOINUSDT,large,2026-03-16T02:00Z,large,2026-03-16T02:00Z,2026-03-16T02:00Z
none/none/none,E0154,1,C148,KOMAUSDT,calm,2026-03-16T10:00Z,calm,2026-03-16T10:00Z,2026-03-16T10:00Z
none/none/none,E0155,1,C036,BCHUSDT,calm,2026-03-18T17:00Z,calm,2026-03-18T17:00Z,2026-03-18T17:00Z
none/none/none,E0156,1,C287,ZROUSDT,calm,2026-03-19T19:00Z,calm,2026-03-19T19:00Z,2026-03-19T19:00Z
none/none/none,E0157,1,C037,BCHUSDT,calm,2026-03-21T21:00Z,calm,2026-03-21T21:00Z,2026-03-21T21:00Z
none/none/none,E0158,1,C288,ZROUSDT,large,2026-03-23T01:00Z,large,2026-03-23T01:00Z,2026-03-23T01:00Z
none/none/none,E0159,1,C240,NILUSDT,calm,2026-03-25T03:00Z,calm,2026-03-25T03:00Z,2026-03-25T03:00Z
none/none/none,E0160,1,C038,BCHUSDT,calm,2026-03-30T04:00Z,calm,2026-03-30T04:00Z,2026-03-30T04:00Z
none/none/none,E0161,1,C149,KOMAUSDT,large,2026-04-04T13:00Z,large,2026-04-04T13:00Z,2026-04-04T13:00Z
none/none/none,E0162,1,C150,KOMAUSDT,large,2026-04-06T15:00Z,large,2026-04-06T15:00Z,2026-04-06T15:00Z
none/none/none,E0163,1,C289,ZROUSDT,large,2026-04-07T03:00Z,large,2026-04-07T03:00Z,2026-04-07T03:00Z
none/none/none,E0164,1,C241,NILUSDT,calm,2026-04-08T02:00Z,calm,2026-04-08T02:00Z,2026-04-08T02:00Z
none/none/none,E0165,1,C078,FARTCOINUSDT,large,2026-04-08T23:00Z,large,2026-04-08T23:00Z,2026-04-08T23:00Z
none/none/none,E0166,1,C197,NEWTUSDT,calm,2026-04-10T16:00Z,calm,2026-04-10T16:00Z,2026-04-10T16:00Z
none/none/none,E0167,1,C122,FHEUSDT,calm,2026-04-12T11:00Z,calm,2026-04-12T11:00Z,2026-04-12T11:00Z
none/none/none,E0168,1,C151,KOMAUSDT,large,2026-04-13T02:00Z,large,2026-04-13T02:00Z,2026-04-13T02:00Z
none/none/none,E0169,1,C242,NILUSDT,calm,2026-04-14T12:00Z,calm,2026-04-14T12:00Z,2026-04-14T12:00Z
none/none/none,E0170,1,C152,KOMAUSDT,large,2026-04-15T06:00Z,large,2026-04-15T06:00Z,2026-04-15T06:00Z
none/none/none,E0171,1,C123,FHEUSDT,large,2026-04-17T06:00Z,large,2026-04-17T06:00Z,2026-04-17T06:00Z
none/none/none,E0172,1,C153,KOMAUSDT,large,2026-04-18T05:00Z,large,2026-04-18T05:00Z,2026-04-18T05:00Z
none/none/none,E0173,1,C290,ZROUSDT,large,2026-04-18T07:00Z,large,2026-04-18T07:00Z,2026-04-18T07:00Z
none/none/none,E0174,1,C079,FARTCOINUSDT,calm,2026-04-19T00:00Z,calm,2026-04-19T00:00Z,2026-04-19T00:00Z
none/none/none,E0175,1,C039,BCHUSDT,calm,2026-04-20T03:00Z,calm,2026-04-20T03:00Z,2026-04-20T03:00Z
none/none/none,E0176,1,C080,FARTCOINUSDT,calm,2026-04-20T12:00Z,calm,2026-04-20T12:00Z,2026-04-20T12:00Z
none/none/none,E0177,1,C198,NEWTUSDT,large,2026-04-20T12:00Z,large,2026-04-20T12:00Z,2026-04-20T12:00Z
none/none/none,E0178,1,C040,BCHUSDT,calm,2026-04-20T23:00Z,calm,2026-04-20T23:00Z,2026-04-20T23:00Z
none/none/none,E0179,1,C154,KOMAUSDT,calm,2026-04-22T04:00Z,calm,2026-04-22T04:00Z,2026-04-22T04:00Z
none/none/none,E0180,1,C041,BCHUSDT,calm,2026-04-22T19:00Z,calm,2026-04-22T19:00Z,2026-04-22T19:00Z
none/none/none,E0181,1,C081,FARTCOINUSDT,calm,2026-04-28T10:00Z,calm,2026-04-28T10:00Z,2026-04-28T10:00Z
none/none/none,E0182,1,C291,ZROUSDT,calm,2026-04-30T04:00Z,calm,2026-04-30T04:00Z,2026-04-30T04:00Z
none/none/none,E0183,1,C292,ZROUSDT,calm,2026-04-30T19:00Z,calm,2026-04-30T19:00Z,2026-04-30T19:00Z
none/none/none,E0184,1,C155,KOMAUSDT,calm,2026-05-01T06:00Z,calm,2026-05-01T06:00Z,2026-05-01T06:00Z
none/none/none,E0185,1,C082,FARTCOINUSDT,calm,2026-05-01T23:00Z,calm,2026-05-01T23:00Z,2026-05-01T23:00Z
none/none/none,E0186,1,C124,FHEUSDT,large,2026-05-02T01:00Z,large,2026-05-02T01:00Z,2026-05-02T01:00Z
none/none/none,E0187,1,C125,FHEUSDT,large,2026-05-04T21:00Z,large,2026-05-04T21:00Z,2026-05-04T21:00Z
none/none/none,E0188,1,C199,NEWTUSDT,calm,2026-05-05T21:00Z,calm,2026-05-05T21:00Z,2026-05-05T21:00Z
none/none/none,E0189,1,C243,NILUSDT,large,2026-05-06T23:00Z,large,2026-05-06T23:00Z,2026-05-06T23:00Z
none/none/none,E0190,1,C042,BCHUSDT,calm,2026-05-07T15:00Z,calm,2026-05-07T15:00Z,2026-05-07T15:00Z
none/none/none,E0191,1,C001,AVGOUSDT,calm,2026-05-07T20:00Z,calm,2026-05-07T20:00Z,2026-05-07T20:00Z
none/none/none,E0192,1,C083,FARTCOINUSDT,calm,2026-05-09T08:00Z,calm,2026-05-09T08:00Z,2026-05-09T08:00Z
none/none/none,E0193,1,C084,FARTCOINUSDT,calm,2026-05-13T16:00Z,calm,2026-05-13T16:00Z,2026-05-13T16:00Z
none/none/none,E0194,1,C085,FARTCOINUSDT,calm,2026-05-15T01:00Z,calm,2026-05-15T01:00Z,2026-05-15T01:00Z
none/none/none,E0195,1,C126,FHEUSDT,calm,2026-05-15T09:00Z,calm,2026-05-15T09:00Z,2026-05-15T09:00Z
none/none/none,E0196,1,C043,BCHUSDT,large,2026-05-17T12:00Z,large,2026-05-17T12:00Z,2026-05-17T12:00Z
none/none/none,E0197,1,C293,ZROUSDT,calm,2026-05-18T19:00Z,calm,2026-05-18T19:00Z,2026-05-18T19:00Z
none/none/none,E0198,1,C294,ZROUSDT,calm,2026-05-19T13:00Z,calm,2026-05-19T13:00Z,2026-05-19T13:00Z
none/none/none,E0199,1,C244,NILUSDT,large,2026-05-20T01:00Z,large,2026-05-20T01:00Z,2026-05-20T01:00Z
none/none/none,E0200,1,C245,NILUSDT,large,2026-05-23T20:00Z,large,2026-05-23T20:00Z,2026-05-23T20:00Z
none/none/none,E0201,1,C002,AVGOUSDT,calm,2026-05-23T22:00Z,calm,2026-05-23T22:00Z,2026-05-23T22:00Z
none/none/none,E0202,1,C200,NEWTUSDT,calm,2026-05-25T21:00Z,calm,2026-05-25T21:00Z,2026-05-25T21:00Z
none/none/none,E0203,1,C044,BCHUSDT,large,2026-05-27T16:00Z,large,2026-05-27T16:00Z,2026-05-27T16:00Z
none/none/none,E0204,1,C127,FHEUSDT,calm,2026-05-28T00:00Z,calm,2026-05-28T00:00Z,2026-05-28T00:00Z
none/none/none,E0205,1,C156,KOMAUSDT,large,2026-05-28T11:00Z,large,2026-05-28T11:00Z,2026-05-28T11:00Z
none/none/none,E0206,1,C201,NEWTUSDT,large,2026-05-28T21:00Z,large,2026-05-28T21:00Z,2026-05-28T21:00Z
none/none/none,E0207,1,C246,NILUSDT,calm,2026-05-30T05:00Z,calm,2026-05-30T05:00Z,2026-05-30T05:00Z
none/none/none,E0208,1,C295,ZROUSDT,calm,2026-05-30T08:00Z,calm,2026-05-30T08:00Z,2026-05-30T08:00Z
none/none/none,E0209,1,C128,FHEUSDT,large,2026-05-31T06:00Z,large,2026-05-31T06:00Z,2026-05-31T06:00Z
none/none/none,E0210,1,C003,AVGOUSDT,large,2026-06-01T10:00Z,large,2026-06-01T10:00Z,2026-06-01T10:00Z
none/none/none,E0211,1,C045,BCHUSDT,large,2026-06-02T04:00Z,large,2026-06-02T04:00Z,2026-06-02T04:00Z
none/none/none,E0212,1,C004,AVGOUSDT,large,2026-06-03T12:00Z,large,2026-06-03T12:00Z,2026-06-03T12:00Z
none/none/none,E0213,1,C247,NILUSDT,large,2026-06-03T22:00Z,large,2026-06-03T22:00Z,2026-06-03T22:00Z
none/none/none,E0214,1,C086,FARTCOINUSDT,large,2026-06-04T19:00Z,large,2026-06-04T19:00Z,2026-06-04T19:00Z
none/none/none,E0215,1,C296,ZROUSDT,large,2026-06-04T19:00Z,large,2026-06-04T19:00Z,2026-06-04T19:00Z
none/none/none,E0216,1,C255,NOKUSDT,large,2026-06-05T03:00Z,large,2026-06-05T03:00Z,2026-06-05T03:00Z
none/none/none,E0217,1,C046,BCHUSDT,large,2026-06-05T05:00Z,large,2026-06-05T05:00Z,2026-06-05T05:00Z
none/none/none,E0218,1,C202,NEWTUSDT,large,2026-06-05T05:00Z,large,2026-06-05T05:00Z,2026-06-05T05:00Z
none/none/none,E0219,1,C005,AVGOUSDT,large,2026-06-05T12:00Z,large,2026-06-05T12:00Z,2026-06-05T12:00Z
none/none/none,E0220,1,C047,BCHUSDT,large,2026-06-08T01:00Z,large,2026-06-08T01:00Z,2026-06-08T01:00Z
none/none/none,E0221,1,C087,FARTCOINUSDT,calm,2026-06-08T14:00Z,calm,2026-06-08T14:00Z,2026-06-08T14:00Z
none/none/none,E0222,1,C256,NOKUSDT,calm,2026-06-09T00:00Z,calm,2026-06-09T00:00Z,2026-06-09T00:00Z
none/none/none,E0223,1,C297,ZROUSDT,calm,2026-06-09T18:00Z,calm,2026-06-09T18:00Z,2026-06-09T18:00Z
none/none/none,E0224,1,C298,ZROUSDT,calm,2026-06-09T21:00Z,calm,2026-06-09T21:00Z,2026-06-09T21:00Z
none/none/none,E0225,1,C157,KOMAUSDT,large,2026-06-10T01:00Z,large,2026-06-10T01:00Z,2026-06-10T01:00Z
none/none/none,E0226,1,C006,AVGOUSDT,calm,2026-06-10T07:00Z,calm,2026-06-10T07:00Z,2026-06-10T07:00Z
none/none/none,E0227,1,C203,NEWTUSDT,calm,2026-06-14T12:00Z,calm,2026-06-14T12:00Z,2026-06-14T12:00Z
none/none/none,E0228,1,C048,BCHUSDT,large,2026-06-14T15:00Z,large,2026-06-14T15:00Z,2026-06-14T15:00Z
none/none/none,E0229,1,C299,ZROUSDT,large,2026-06-14T15:00Z,large,2026-06-14T15:00Z,2026-06-14T15:00Z
none/none/none,E0230,1,C088,FARTCOINUSDT,large,2026-06-14T18:00Z,large,2026-06-14T18:00Z,2026-06-14T18:00Z
none/none/none,E0231,1,C158,KOMAUSDT,large,2026-06-16T12:00Z,large,2026-06-16T12:00Z,2026-06-16T12:00Z
none/none/none,E0232,1,C257,NOKUSDT,calm,2026-06-16T21:00Z,calm,2026-06-16T21:00Z,2026-06-16T21:00Z
none/none/none,E0233,1,C049,BCHUSDT,large,2026-06-17T16:00Z,large,2026-06-17T16:00Z,2026-06-17T16:00Z
none/none/none,E0234,1,C204,NEWTUSDT,calm,2026-06-18T00:00Z,calm,2026-06-18T00:00Z,2026-06-18T00:00Z
none/none/none,E0235,1,C205,NEWTUSDT,calm,2026-06-19T21:00Z,calm,2026-06-19T21:00Z,2026-06-19T21:00Z
none/none/none,E0236,1,C206,NEWTUSDT,calm,2026-06-21T08:00Z,calm,2026-06-21T08:00Z,2026-06-21T08:00Z
none/none/none,E0237,1,C159,KOMAUSDT,large,2026-06-22T04:00Z,large,2026-06-22T04:00Z,2026-06-22T04:00Z
none/none/none,E0238,1,C007,AVGOUSDT,large,2026-06-22T13:00Z,large,2026-06-22T13:00Z,2026-06-22T13:00Z
none/none/none,E0239,1,C258,NOKUSDT,calm,2026-06-23T19:00Z,calm,2026-06-23T19:00Z,2026-06-23T19:00Z
none/none/none,E0240,1,C207,NEWTUSDT,large,2026-06-24T14:00Z,large,2026-06-24T14:00Z,2026-06-24T14:00Z
none/none/none,E0241,1,C160,KOMAUSDT,calm,2026-06-25T23:00Z,calm,2026-06-25T23:00Z,2026-06-25T23:00Z
none/none/none,E0242,1,C300,ZROUSDT,calm,2026-06-26T04:00Z,calm,2026-06-26T04:00Z,2026-06-26T04:00Z
none/none/none,E0243,1,C089,FARTCOINUSDT,calm,2026-06-26T22:00Z,calm,2026-06-26T22:00Z,2026-06-26T22:00Z
none/none/none,E0244,1,C259,NOKUSDT,calm,2026-06-28T14:00Z,calm,2026-06-28T14:00Z,2026-06-28T14:00Z
none/none/none,E0245,1,C301,ZROUSDT,calm,2026-06-28T17:00Z,calm,2026-06-28T17:00Z,2026-06-28T17:00Z
none/none/none,E0246,1,C129,FHEUSDT,calm,2026-06-29T10:00Z,calm,2026-06-29T10:00Z,2026-06-29T10:00Z
none/none/none,E0247,1,C090,FARTCOINUSDT,large,2026-07-02T07:00Z,large,2026-07-02T07:00Z,2026-07-02T07:00Z
none/none/none,E0248,1,C008,AVGOUSDT,calm,2026-07-03T05:00Z,calm,2026-07-03T05:00Z,2026-07-03T05:00Z
none/none/none,E0249,1,C161,KOMAUSDT,calm,2026-07-03T11:00Z,calm,2026-07-03T11:00Z,2026-07-03T11:00Z
none/none/none,E0250,1,C162,KOMAUSDT,calm,2026-07-04T02:00Z,calm,2026-07-04T02:00Z,2026-07-04T02:00Z
none/none/none,E0251,1,C163,KOMAUSDT,calm,2026-07-05T21:00Z,calm,2026-07-05T21:00Z,2026-07-05T21:00Z
none/none/none,E0252,1,C248,NILUSDT,calm,2026-07-07T00:00Z,calm,2026-07-07T00:00Z,2026-07-07T00:00Z
none/none/none,E0253,1,C164,KOMAUSDT,calm,2026-07-07T06:00Z,calm,2026-07-07T06:00Z,2026-07-07T06:00Z
none/none/none,E0254,1,C009,AVGOUSDT,large,2026-07-08T12:00Z,large,2026-07-08T12:00Z,2026-07-08T12:00Z
none/none/none,E0255,1,C208,NEWTUSDT,calm,2026-07-09T00:00Z,calm,2026-07-09T00:00Z,2026-07-09T00:00Z
none/none/none,E0256,1,C209,NEWTUSDT,calm,2026-07-11T03:00Z,calm,2026-07-11T03:00Z,2026-07-11T03:00Z
none/none/none,E0257,1,C302,ZROUSDT,calm,2026-07-11T04:00Z,calm,2026-07-11T04:00Z,2026-07-11T04:00Z
none/none/none,E0258,1,C165,KOMAUSDT,calm,2026-07-12T01:00Z,calm,2026-07-12T01:00Z,2026-07-12T01:00Z
none/none/none,E0259,1,C130,FHEUSDT,calm,2026-07-13T15:00Z,calm,2026-07-13T15:00Z,2026-07-13T15:00Z
none/none/none,E0260,1,C010,AVGOUSDT,calm,2026-07-16T00:00Z,calm,2026-07-16T00:00Z,2026-07-16T00:00Z
none/none/none,E0261,1,C260,NOKUSDT,large,2026-07-16T06:00Z,large,2026-07-16T06:00Z,2026-07-16T06:00Z
none/none/none,E0262,1,C011,AVGOUSDT,calm,2026-07-16T14:00Z,calm,2026-07-16T14:00Z,2026-07-16T14:00Z
none/none/none,E0263,1,C210,NEWTUSDT,calm,2026-07-17T23:00Z,calm,2026-07-17T23:00Z,2026-07-17T23:00Z
none/none/none,E0264,1,C211,NEWTUSDT,calm,2026-07-18T10:00Z,calm,2026-07-18T10:00Z,2026-07-18T10:00Z
none/none/none,E0265,1,C091,FARTCOINUSDT,calm,2026-07-19T00:00Z,calm,2026-07-19T00:00Z,2026-07-19T00:00Z
none/none/none,E0266,1,C166,KOMAUSDT,large,2026-07-19T21:00Z,large,2026-07-19T21:00Z,2026-07-19T21:00Z
none/none/none,E0267,1,C261,NOKUSDT,large,2026-07-23T07:00Z,large,2026-07-23T07:00Z,2026-07-23T07:00Z
none/none/none,E0268,1,C012,AVGOUSDT,calm,2026-07-24T06:00Z,calm,2026-07-24T06:00Z,2026-07-24T06:00Z
none/none/none,E0269,1,C167,KOMAUSDT,calm,2026-07-25T15:00Z,calm,2026-07-25T15:00Z,2026-07-25T15:00Z
none/none/none,E0270,1,C249,NILUSDT,large,2026-07-26T11:00Z,large,2026-07-26T11:00Z,2026-07-26T11:00Z
none/none/none,E0271,1,C212,NEWTUSDT,calm,2026-07-26T20:00Z,calm,2026-07-26T20:00Z,2026-07-26T20:00Z
none/none/none,E0272,1,C050,BCHUSDT,calm,2026-07-28T19:00Z,calm,2026-07-28T19:00Z,2026-07-28T19:00Z
none/none/none,E0273,1,C051,BCHUSDT,calm,2026-07-29T02:00Z,calm,2026-07-29T02:00Z,2026-07-29T02:00Z
none/none/none,E0274,1,C262,NOKUSDT,large,2026-07-30T07:00Z,large,2026-07-30T07:00Z,2026-07-30T07:00Z
none/none/none,E0275,1,C168,KOMAUSDT,large,2026-07-30T08:00Z,large,2026-07-30T08:00Z,2026-07-30T08:00Z
none/none/none,E0276,1,C052,BCHUSDT,calm,2026-07-30T09:00Z,calm,2026-07-30T09:00Z,2026-07-30T09:00Z
none/none/none,E0277,1,C169,KOMAUSDT,large,2026-08-01T10:00Z,large,2026-08-01T10:00Z,2026-08-01T10:00Z
none/none/none,E0278,1,C013,AVGOUSDT,large,2026-08-03T18:00Z,large,2026-08-03T18:00Z,2026-08-03T18:00Z
none/none/none,E0279,1,C170,KOMAUSDT,large,2026-08-03T21:00Z,large,2026-08-03T21:00Z,2026-08-03T21:00Z
none/none/none,E0280,1,C053,BCHUSDT,calm,2026-08-04T20:00Z,calm,2026-08-04T20:00Z,2026-08-04T20:00Z
none/none/none,E0281,1,C092,FARTCOINUSDT,calm,2026-08-05T17:00Z,calm,2026-08-05T17:00Z,2026-08-05T17:00Z
none/none/none,E0282,1,C093,FARTCOINUSDT,calm,2026-08-05T21:00Z,calm,2026-08-05T21:00Z,2026-08-05T21:00Z
none/none/none,E0283,1,C171,KOMAUSDT,large,2026-08-06T03:00Z,large,2026-08-06T03:00Z,2026-08-06T03:00Z
none/none/none,E0284,1,C250,NILUSDT,large,2026-08-06T19:00Z,large,2026-08-06T19:00Z,2026-08-06T19:00Z
none/none/none,E0285,1,C251,NILUSDT,large,2026-08-09T05:00Z,large,2026-08-09T05:00Z,2026-08-09T05:00Z
none/none/none,E0286,1,C131,FHEUSDT,calm,2026-08-09T13:00Z,calm,2026-08-09T13:00Z,2026-08-09T13:00Z
none/none/none,E0287,1,C303,ZROUSDT,calm,2026-08-09T14:00Z,calm,2026-08-09T14:00Z,2026-08-09T14:00Z
none/none/none,E0288,1,C263,NOKUSDT,large,2026-08-11T12:00Z,large,2026-08-11T12:00Z,2026-08-11T12:00Z
none/none/none,E0289,1,C132,FHEUSDT,calm,2026-08-11T15:00Z,calm,2026-08-11T15:00Z,2026-08-11T15:00Z
none/none/none,E0290,1,C252,NILUSDT,large,2026-08-11T23:00Z,large,2026-08-11T23:00Z,2026-08-11T23:00Z
none/none/none,E0291,1,C304,ZROUSDT,calm,2026-08-13T07:00Z,calm,2026-08-13T07:00Z,2026-08-13T07:00Z
none/none/none,E0292,1,C014,AVGOUSDT,large,2026-08-13T19:00Z,large,2026-08-13T19:00Z,2026-08-13T19:00Z
none/none/none,E0293,1,C253,NILUSDT,large,2026-08-14T19:00Z,large,2026-08-14T19:00Z,2026-08-14T19:00Z
none/none/none,E0294,1,C264,NOKUSDT,calm,2026-08-15T13:00Z,calm,2026-08-15T13:00Z,2026-08-15T13:00Z
none/none/none,E0295,1,C172,KOMAUSDT,calm,2026-08-17T03:00Z,calm,2026-08-17T03:00Z,2026-08-17T03:00Z
none/none/none,E0296,1,C133,FHEUSDT,calm,2026-08-21T01:00Z,calm,2026-08-21T01:00Z,2026-08-21T01:00Z
none/none/none,E0297,1,C054,BCHUSDT,large,2026-08-21T03:00Z,large,2026-08-21T03:00Z,2026-08-21T03:00Z
none/none/none,E0298,1,C213,NEWTUSDT,large,2026-08-21T04:00Z,large,2026-08-21T04:00Z,2026-08-21T04:00Z
none/none/none,E0299,1,C094,FARTCOINUSDT,large,2026-08-21T05:00Z,large,2026-08-21T05:00Z,2026-08-21T05:00Z
none/none/none,E0300,1,C173,KOMAUSDT,large,2026-08-22T05:00Z,large,2026-08-22T05:00Z,2026-08-22T05:00Z
none/none/none,E0301,1,C305,ZROUSDT,large,2026-08-22T08:00Z,large,2026-08-22T08:00Z,2026-08-22T08:00Z
none/none/none,E0302,1,C214,NEWTUSDT,calm,2026-08-24T08:00Z,calm,2026-08-24T08:00Z,2026-08-24T08:00Z
none/none/none,E0303,1,C134,FHEUSDT,calm,2026-08-24T13:00Z,calm,2026-08-24T13:00Z,2026-08-24T13:00Z
none/none/none,E0304,1,C306,ZROUSDT,large,2026-08-24T17:00Z,large,2026-08-24T17:00Z,2026-08-24T17:00Z
none/none/none,E0305,1,C174,KOMAUSDT,large,2026-08-28T19:00Z,large,2026-08-28T19:00Z,2026-08-28T19:00Z
none/none/none,E0306,1,C254,NILUSDT,large,2026-08-28T19:00Z,large,2026-08-28T19:00Z,2026-08-28T19:00Z
start-hour/component/any,E0001,1,C267,ZROUSDT,calm,2025-09-02T14:00Z,calm,2025-09-02T14:00Z,2025-09-02T14:00Z
start-hour/component/any,E0002,1,C135,KOMAUSDT,calm,2025-09-03T01:00Z,calm,2025-09-03T01:00Z,2025-09-03T01:00Z
start-hour/component/any,E0003,1,C215,NILUSDT,calm,2025-09-03T10:00Z,calm,2025-09-03T10:00Z,2025-09-03T10:00Z
start-hour/component/any,E0004,1,C095,FHEUSDT,calm,2025-09-06T07:00Z,calm,2025-09-06T07:00Z,2025-09-06T07:00Z
start-hour/component/any,E0005,1,C216,NILUSDT,calm,2025-09-07T09:00Z,calm,2025-09-07T09:00Z,2025-09-07T09:00Z
start-hour/component/any,E0006,1,C175,NEWTUSDT,large,2025-09-08T07:00Z,large,2025-09-08T07:00Z,2025-09-08T07:00Z
start-hour/component/any,E0007,1,C217,NILUSDT,calm,2025-09-09T15:00Z,calm,2025-09-09T15:00Z,2025-09-09T15:00Z
start-hour/component/any,E0008,1,C265,OMNIUSDT,large,2025-09-09T19:00Z,large,2025-09-09T19:00Z,2025-09-09T19:00Z
start-hour/component/any,E0009,1,C176,NEWTUSDT,calm,2025-09-13T11:00Z,calm,2025-09-13T11:00Z,2025-09-13T11:00Z
start-hour/component/any,E0010,1,C177,NEWTUSDT,calm,2025-09-13T14:00Z,calm,2025-09-13T14:00Z,2025-09-13T14:00Z
start-hour/component/any,E0011,1,C055,FARTCOINUSDT,calm,2025-09-15T22:00Z,calm,2025-09-15T22:00Z,2025-09-15T22:00Z
start-hour/component/any,E0012,1,C218,NILUSDT,calm,2025-09-16T05:00Z,calm,2025-09-16T05:00Z,2025-09-16T05:00Z
start-hour/component/any,E0013,1,C096,FHEUSDT,calm,2025-09-17T17:00Z,calm,2025-09-17T17:00Z,2025-09-17T17:00Z
start-hour/component/any,E0014,1,C268,ZROUSDT,calm,2025-09-18T14:00Z,calm,2025-09-18T14:00Z,2025-09-18T14:00Z
start-hour/component/any,E0015,1,C015,BCHUSDT,calm,2025-09-19T08:00Z,calm,2025-09-19T08:00Z,2025-09-19T08:00Z
start-hour/component/any,E0016,1,C097,FHEUSDT,calm,2025-09-19T21:00Z,calm,2025-09-19T21:00Z,2025-09-19T21:00Z
start-hour/component/any,E0017,1,C266,OMNIUSDT,calm,2025-09-21T00:00Z,calm,2025-09-21T00:00Z,2025-09-21T00:00Z
start-hour/component/any,E0018,1,C136,KOMAUSDT,large,2025-09-21T07:00Z,large,2025-09-21T07:00Z,2025-09-21T07:00Z
start-hour/component/any,E0019,1,C056,FARTCOINUSDT,large,2025-09-21T08:00Z,large,2025-09-21T08:00Z,2025-09-21T08:00Z
start-hour/component/any,E0020,1,C016,BCHUSDT,calm,2025-09-21T09:00Z,calm,2025-09-21T09:00Z,2025-09-21T09:00Z
start-hour/component/any,E0021,1,C178,NEWTUSDT,large,2025-09-21T16:00Z,large,2025-09-21T16:00Z,2025-09-21T16:00Z
start-hour/component/any,E0022,1,C269,ZROUSDT,large,2025-09-23T12:00Z,large,2025-09-23T12:00Z,2025-09-23T12:00Z
start-hour/component/any,E0023,1,C137,KOMAUSDT,calm,2025-09-28T17:00Z,calm,2025-09-28T17:00Z,2025-09-28T17:00Z
start-hour/component/any,E0024,1,C098,FHEUSDT,calm,2025-09-29T18:00Z,calm,2025-09-29T18:00Z,2025-09-29T18:00Z
start-hour/component/any,E0025,1,C179,NEWTUSDT,large,2025-09-30T19:00Z,large,2025-09-30T19:00Z,2025-09-30T19:00Z
start-hour/component/any,E0026,2,C219,NILUSDT,large,2025-10-01T07:00Z,large,2025-10-01T07:00Z,2025-10-01T07:00Z
start-hour/component/any,E0026,2,C270,ZROUSDT,large,2025-10-01T07:00Z,large,2025-10-01T07:00Z,2025-10-01T07:00Z
start-hour/component/any,E0027,1,C271,ZROUSDT,calm,2025-10-04T16:00Z,calm,2025-10-04T16:00Z,2025-10-04T16:00Z
start-hour/component/any,E0028,1,C057,FARTCOINUSDT,calm,2025-10-06T03:00Z,calm,2025-10-06T03:00Z,2025-10-06T03:00Z
start-hour/component/any,E0029,1,C220,NILUSDT,calm,2025-10-06T22:00Z,calm,2025-10-06T22:00Z,2025-10-06T22:00Z
start-hour/component/any,E0030,1,C138,KOMAUSDT,large,2025-10-07T05:00Z,large,2025-10-07T05:00Z,2025-10-07T05:00Z
start-hour/component/any,E0031,1,C139,KOMAUSDT,large,2025-10-09T10:00Z,large,2025-10-09T10:00Z,2025-10-09T10:00Z
start-hour/component/any,E0032,3,C099,FHEUSDT,large,2025-10-09T22:00Z,large,2025-10-09T22:00Z,2025-10-09T22:00Z
start-hour/component/any,E0032,3,C180,NEWTUSDT,large,2025-10-09T22:00Z,large,2025-10-09T22:00Z,2025-10-09T22:00Z
start-hour/component/any,E0032,3,C272,ZROUSDT,large,2025-10-09T22:00Z,large,2025-10-09T22:00Z,2025-10-09T22:00Z
start-hour/component/any,E0033,1,C017,BCHUSDT,large,2025-10-10T02:00Z,large,2025-10-10T02:00Z,2025-10-10T02:00Z
start-hour/component/any,E0034,1,C221,NILUSDT,large,2025-10-10T05:00Z,large,2025-10-10T05:00Z,2025-10-10T05:00Z
start-hour/component/any,E0035,1,C058,FARTCOINUSDT,large,2025-10-10T14:00Z,large,2025-10-10T14:00Z,2025-10-10T14:00Z
start-hour/component/any,E0036,2,C018,BCHUSDT,large,2025-10-12T02:00Z,large,2025-10-12T02:00Z,2025-10-12T02:00Z
start-hour/component/any,E0036,2,C273,ZROUSDT,large,2025-10-12T02:00Z,large,2025-10-12T02:00Z,2025-10-12T02:00Z
start-hour/component/any,E0037,2,C059,FARTCOINUSDT,large,2025-10-12T14:00Z,large,2025-10-12T14:00Z,2025-10-12T14:00Z
start-hour/component/any,E0037,2,C181,NEWTUSDT,large,2025-10-12T14:00Z,large,2025-10-12T14:00Z,2025-10-12T14:00Z
start-hour/component/any,E0038,1,C182,NEWTUSDT,large,2025-10-16T08:00Z,large,2025-10-16T08:00Z,2025-10-16T08:00Z
start-hour/component/any,E0039,1,C019,BCHUSDT,large,2025-10-16T09:00Z,large,2025-10-16T09:00Z,2025-10-16T09:00Z
start-hour/component/any,E0040,1,C100,FHEUSDT,large,2025-10-17T01:00Z,large,2025-10-17T01:00Z,2025-10-17T01:00Z
start-hour/component/any,E0041,1,C140,KOMAUSDT,large,2025-10-17T09:00Z,large,2025-10-17T09:00Z,2025-10-17T09:00Z
start-hour/component/any,E0042,1,C222,NILUSDT,calm,2025-10-18T05:00Z,calm,2025-10-18T05:00Z,2025-10-18T05:00Z
start-hour/component/any,E0043,1,C223,NILUSDT,large,2025-10-21T10:00Z,large,2025-10-21T10:00Z,2025-10-21T10:00Z
start-hour/component/any,E0044,1,C020,BCHUSDT,large,2025-10-25T13:00Z,large,2025-10-25T13:00Z,2025-10-25T13:00Z
start-hour/component/any,E0045,1,C224,NILUSDT,calm,2025-10-29T10:00Z,calm,2025-10-29T10:00Z,2025-10-29T10:00Z
start-hour/component/any,E0046,2,C060,FARTCOINUSDT,large,2025-10-29T21:00Z,large,2025-10-29T21:00Z,2025-10-29T21:00Z
start-hour/component/any,E0046,2,C183,NEWTUSDT,large,2025-10-29T21:00Z,large,2025-10-29T21:00Z,2025-10-29T21:00Z
start-hour/component/any,E0047,1,C225,NILUSDT,calm,2025-10-30T19:00Z,calm,2025-10-30T19:00Z,2025-10-30T19:00Z
start-hour/component/any,E0048,1,C101,FHEUSDT,calm,2025-10-31T22:00Z,calm,2025-10-31T22:00Z,2025-10-31T22:00Z
start-hour/component/any,E0049,1,C021,BCHUSDT,calm,2025-11-01T04:00Z,calm,2025-11-01T04:00Z,2025-11-01T04:00Z
start-hour/component/any,E0050,1,C184,NEWTUSDT,large,2025-11-02T21:00Z,large,2025-11-02T21:00Z,2025-11-02T21:00Z
start-hour/component/any,E0051,1,C226,NILUSDT,large,2025-11-03T00:00Z,large,2025-11-03T00:00Z,2025-11-03T00:00Z
start-hour/component/any,E0052,1,C061,FARTCOINUSDT,large,2025-11-03T08:00Z,large,2025-11-03T08:00Z,2025-11-03T08:00Z
start-hour/component/any,E0053,1,C141,KOMAUSDT,calm,2025-11-04T20:00Z,calm,2025-11-04T20:00Z,2025-11-04T20:00Z
start-hour/component/any,E0054,1,C022,BCHUSDT,calm,2025-11-04T23:00Z,calm,2025-11-04T23:00Z,2025-11-04T23:00Z
start-hour/component/any,E0055,1,C274,ZROUSDT,large,2025-11-06T08:00Z,large,2025-11-06T08:00Z,2025-11-06T08:00Z
start-hour/component/any,E0056,1,C185,NEWTUSDT,calm,2025-11-06T14:00Z,calm,2025-11-06T14:00Z,2025-11-06T14:00Z
start-hour/component/any,E0057,1,C062,FARTCOINUSDT,large,2025-11-06T21:00Z,large,2025-11-06T21:00Z,2025-11-06T21:00Z
start-hour/component/any,E0058,1,C023,BCHUSDT,calm,2025-11-07T08:00Z,calm,2025-11-07T08:00Z,2025-11-07T08:00Z
start-hour/component/any,E0059,1,C142,KOMAUSDT,calm,2025-11-14T06:00Z,calm,2025-11-14T06:00Z,2025-11-14T06:00Z
start-hour/component/any,E0060,1,C102,FHEUSDT,calm,2025-11-14T07:00Z,calm,2025-11-14T07:00Z,2025-11-14T07:00Z
start-hour/component/any,E0061,1,C024,BCHUSDT,calm,2025-11-15T03:00Z,calm,2025-11-15T03:00Z,2025-11-15T03:00Z
start-hour/component/any,E0062,1,C186,NEWTUSDT,calm,2025-11-15T14:00Z,calm,2025-11-15T14:00Z,2025-11-15T14:00Z
start-hour/component/any,E0063,1,C227,NILUSDT,large,2025-11-15T21:00Z,large,2025-11-15T21:00Z,2025-11-15T21:00Z
start-hour/component/any,E0064,1,C275,ZROUSDT,calm,2025-11-17T08:00Z,calm,2025-11-17T08:00Z,2025-11-17T08:00Z
start-hour/component/any,E0065,1,C228,NILUSDT,large,2025-11-18T19:00Z,large,2025-11-18T19:00Z,2025-11-18T19:00Z
start-hour/component/any,E0066,1,C025,BCHUSDT,large,2025-11-18T20:00Z,large,2025-11-18T20:00Z,2025-11-18T20:00Z
start-hour/component/any,E0067,1,C187,NEWTUSDT,large,2025-11-20T14:00Z,large,2025-11-20T14:00Z,2025-11-20T14:00Z
start-hour/component/any,E0068,2,C063,FARTCOINUSDT,large,2025-11-20T23:00Z,large,2025-11-20T23:00Z,2025-11-20T23:00Z
start-hour/component/any,E0068,2,C229,NILUSDT,large,2025-11-20T23:00Z,large,2025-11-20T23:00Z,2025-11-20T23:00Z
start-hour/component/any,E0069,1,C026,BCHUSDT,large,2025-11-21T12:00Z,large,2025-11-21T12:00Z,2025-11-21T12:00Z
start-hour/component/any,E0070,1,C064,FARTCOINUSDT,large,2025-11-23T21:00Z,large,2025-11-23T21:00Z,2025-11-23T21:00Z
start-hour/component/any,E0071,1,C065,FARTCOINUSDT,large,2025-11-25T22:00Z,large,2025-11-25T22:00Z,2025-11-25T22:00Z
start-hour/component/any,E0072,1,C188,NEWTUSDT,calm,2025-11-26T19:00Z,calm,2025-11-26T19:00Z,2025-11-26T19:00Z
start-hour/component/any,E0073,1,C103,FHEUSDT,calm,2025-11-27T16:00Z,calm,2025-11-27T16:00Z,2025-11-27T16:00Z
start-hour/component/any,E0074,1,C066,FARTCOINUSDT,large,2025-12-01T16:00Z,large,2025-12-01T16:00Z,2025-12-01T16:00Z
start-hour/component/any,E0075,1,C276,ZROUSDT,large,2025-12-01T18:00Z,large,2025-12-01T18:00Z,2025-12-01T18:00Z
start-hour/component/any,E0076,2,C027,BCHUSDT,large,2025-12-02T05:00Z,calm+large,2025-12-02T05:00Z,2025-12-02T05:00Z
start-hour/component/any,E0076,2,C189,NEWTUSDT,calm,2025-12-02T05:00Z,calm+large,2025-12-02T05:00Z,2025-12-02T05:00Z
start-hour/component/any,E0077,1,C067,FARTCOINUSDT,large,2025-12-03T21:00Z,large,2025-12-03T21:00Z,2025-12-03T21:00Z
start-hour/component/any,E0078,1,C104,FHEUSDT,large,2025-12-06T19:00Z,large,2025-12-06T19:00Z,2025-12-06T19:00Z
start-hour/component/any,E0079,1,C230,NILUSDT,large,2025-12-09T05:00Z,large,2025-12-09T05:00Z,2025-12-09T05:00Z
start-hour/component/any,E0080,1,C105,FHEUSDT,large,2025-12-09T22:00Z,large,2025-12-09T22:00Z,2025-12-09T22:00Z
start-hour/component/any,E0081,1,C277,ZROUSDT,calm,2025-12-10T07:00Z,calm,2025-12-10T07:00Z,2025-12-10T07:00Z
start-hour/component/any,E0082,1,C028,BCHUSDT,calm,2025-12-15T02:00Z,calm,2025-12-15T02:00Z,2025-12-15T02:00Z
start-hour/component/any,E0083,1,C106,FHEUSDT,large,2025-12-15T04:00Z,large,2025-12-15T04:00Z,2025-12-15T04:00Z
start-hour/component/any,E0084,1,C231,NILUSDT,calm,2025-12-16T18:00Z,calm,2025-12-16T18:00Z,2025-12-16T18:00Z
start-hour/component/any,E0085,1,C068,FARTCOINUSDT,large,2025-12-18T01:00Z,large,2025-12-18T01:00Z,2025-12-18T01:00Z
start-hour/component/any,E0086,1,C143,KOMAUSDT,calm,2025-12-18T05:00Z,calm,2025-12-18T05:00Z,2025-12-18T05:00Z
start-hour/component/any,E0087,1,C029,BCHUSDT,large,2025-12-18T20:00Z,large,2025-12-18T20:00Z,2025-12-18T20:00Z
start-hour/component/any,E0088,1,C190,NEWTUSDT,large,2025-12-19T13:00Z,large,2025-12-19T13:00Z,2025-12-19T13:00Z
start-hour/component/any,E0089,1,C107,FHEUSDT,large,2025-12-19T15:00Z,large,2025-12-19T15:00Z,2025-12-19T15:00Z
start-hour/component/any,E0090,1,C191,NEWTUSDT,large,2025-12-24T11:00Z,large,2025-12-24T11:00Z,2025-12-24T11:00Z
start-hour/component/any,E0091,1,C232,NILUSDT,large,2025-12-26T01:00Z,large,2025-12-26T01:00Z,2025-12-26T01:00Z
start-hour/component/any,E0092,1,C108,FHEUSDT,calm,2025-12-29T00:00Z,calm,2025-12-29T00:00Z,2025-12-29T00:00Z
start-hour/component/any,E0093,1,C144,KOMAUSDT,calm,2025-12-30T01:00Z,calm,2025-12-30T01:00Z,2025-12-30T01:00Z
start-hour/component/any,E0094,1,C069,FARTCOINUSDT,large,2026-01-02T03:00Z,large,2026-01-02T03:00Z,2026-01-02T03:00Z
start-hour/component/any,E0095,1,C145,KOMAUSDT,calm,2026-01-02T07:00Z,calm,2026-01-02T07:00Z,2026-01-02T07:00Z
start-hour/component/any,E0096,1,C070,FARTCOINUSDT,large,2026-01-05T14:00Z,large,2026-01-05T14:00Z,2026-01-05T14:00Z
start-hour/component/any,E0097,1,C109,FHEUSDT,large,2026-01-06T02:00Z,large,2026-01-06T02:00Z,2026-01-06T02:00Z
start-hour/component/any,E0098,1,C030,BCHUSDT,calm,2026-01-06T17:00Z,calm,2026-01-06T17:00Z,2026-01-06T17:00Z
start-hour/component/any,E0099,1,C233,NILUSDT,calm,2026-01-07T00:00Z,calm,2026-01-07T00:00Z,2026-01-07T00:00Z
start-hour/component/any,E0100,1,C146,KOMAUSDT,calm,2026-01-08T17:00Z,calm,2026-01-08T17:00Z,2026-01-08T17:00Z
start-hour/component/any,E0101,1,C192,NEWTUSDT,calm,2026-01-09T11:00Z,calm,2026-01-09T11:00Z,2026-01-09T11:00Z
start-hour/component/any,E0102,1,C278,ZROUSDT,calm,2026-01-12T05:00Z,calm,2026-01-12T05:00Z,2026-01-12T05:00Z
start-hour/component/any,E0103,1,C071,FARTCOINUSDT,calm,2026-01-13T16:00Z,calm,2026-01-13T16:00Z,2026-01-13T16:00Z
start-hour/component/any,E0104,1,C110,FHEUSDT,large,2026-01-14T12:00Z,large,2026-01-14T12:00Z,2026-01-14T12:00Z
start-hour/component/any,E0105,1,C072,FARTCOINUSDT,calm,2026-01-14T20:00Z,calm,2026-01-14T20:00Z,2026-01-14T20:00Z
start-hour/component/any,E0106,1,C111,FHEUSDT,large,2026-01-16T14:00Z,large,2026-01-16T14:00Z,2026-01-16T14:00Z
start-hour/component/any,E0107,1,C112,FHEUSDT,large,2026-01-18T14:00Z,large,2026-01-18T14:00Z,2026-01-18T14:00Z
start-hour/component/any,E0108,1,C234,NILUSDT,calm,2026-01-18T22:00Z,calm,2026-01-18T22:00Z,2026-01-18T22:00Z
start-hour/component/any,E0109,2,C113,FHEUSDT,large,2026-01-20T16:00Z,large,2026-01-20T16:00Z,2026-01-20T16:00Z
start-hour/component/any,E0109,2,C279,ZROUSDT,large,2026-01-20T16:00Z,large,2026-01-20T16:00Z,2026-01-20T16:00Z
start-hour/component/any,E0110,1,C235,NILUSDT,calm,2026-01-22T08:00Z,calm,2026-01-22T08:00Z,2026-01-22T08:00Z
start-hour/component/any,E0111,1,C280,ZROUSDT,large,2026-01-22T17:00Z,large,2026-01-22T17:00Z,2026-01-22T17:00Z
start-hour/component/any,E0112,1,C193,NEWTUSDT,large,2026-01-24T01:00Z,large,2026-01-24T01:00Z,2026-01-24T01:00Z
start-hour/component/any,E0113,3,C031,BCHUSDT,large,2026-01-30T20:00Z,large,2026-01-30T20:00Z,2026-01-30T20:00Z
start-hour/component/any,E0113,3,C194,NEWTUSDT,large,2026-01-30T20:00Z,large,2026-01-30T20:00Z,2026-01-30T20:00Z
start-hour/component/any,E0113,3,C281,ZROUSDT,large,2026-01-30T20:00Z,large,2026-01-30T20:00Z,2026-01-30T20:00Z
start-hour/component/any,E0114,1,C236,NILUSDT,calm,2026-02-01T21:00Z,calm,2026-02-01T21:00Z,2026-02-01T21:00Z
start-hour/component/any,E0115,1,C147,KOMAUSDT,calm,2026-02-03T03:00Z,calm,2026-02-03T03:00Z,2026-02-03T03:00Z
start-hour/component/any,E0116,1,C114,FHEUSDT,large,2026-02-03T15:00Z,large,2026-02-03T15:00Z,2026-02-03T15:00Z
start-hour/component/any,E0117,1,C282,ZROUSDT,large,2026-02-05T00:00Z,large,2026-02-05T00:00Z,2026-02-05T00:00Z
start-hour/component/any,E0118,1,C195,NEWTUSDT,large,2026-02-05T01:00Z,large,2026-02-05T01:00Z,2026-02-05T01:00Z
start-hour/component/any,E0119,1,C032,BCHUSDT,large,2026-02-06T03:00Z,large,2026-02-06T03:00Z,2026-02-06T03:00Z
start-hour/component/any,E0120,1,C115,FHEUSDT,large,2026-02-09T14:00Z,large,2026-02-09T14:00Z,2026-02-09T14:00Z
start-hour/component/any,E0121,1,C237,NILUSDT,large,2026-02-10T11:00Z,large,2026-02-10T11:00Z,2026-02-10T11:00Z
start-hour/component/any,E0122,1,C283,ZROUSDT,large,2026-02-10T14:00Z,large,2026-02-10T14:00Z,2026-02-10T14:00Z
start-hour/component/any,E0123,1,C073,FARTCOINUSDT,calm,2026-02-11T10:00Z,calm,2026-02-11T10:00Z,2026-02-11T10:00Z
start-hour/component/any,E0124,1,C116,FHEUSDT,large,2026-02-11T14:00Z,large,2026-02-11T14:00Z,2026-02-11T14:00Z
start-hour/component/any,E0125,1,C033,BCHUSDT,large,2026-02-12T22:00Z,large,2026-02-12T22:00Z,2026-02-12T22:00Z
start-hour/component/any,E0126,1,C117,FHEUSDT,large,2026-02-15T06:00Z,large,2026-02-15T06:00Z,2026-02-15T06:00Z
start-hour/component/any,E0127,1,C074,FARTCOINUSDT,calm,2026-02-17T17:00Z,calm,2026-02-17T17:00Z,2026-02-17T17:00Z
start-hour/component/any,E0128,1,C284,ZROUSDT,large,2026-02-19T16:00Z,large,2026-02-19T16:00Z,2026-02-19T16:00Z
start-hour/component/any,E0129,1,C034,BCHUSDT,large,2026-02-23T00:00Z,large,2026-02-23T00:00Z,2026-02-23T00:00Z
start-hour/component/any,E0130,1,C196,NEWTUSDT,large,2026-02-26T12:00Z,large,2026-02-26T12:00Z,2026-02-26T12:00Z
start-hour/component/any,E0131,1,C118,FHEUSDT,calm,2026-02-28T08:00Z,calm,2026-02-28T08:00Z,2026-02-28T08:00Z
start-hour/component/any,E0132,1,C285,ZROUSDT,large,2026-02-28T09:00Z,large,2026-02-28T09:00Z,2026-02-28T09:00Z
start-hour/component/any,E0133,1,C075,FARTCOINUSDT,calm,2026-03-02T05:00Z,calm,2026-03-02T05:00Z,2026-03-02T05:00Z
start-hour/component/any,E0134,1,C238,NILUSDT,calm,2026-03-02T09:00Z,calm,2026-03-02T09:00Z,2026-03-02T09:00Z
start-hour/component/any,E0135,1,C119,FHEUSDT,calm,2026-03-03T03:00Z,calm,2026-03-03T03:00Z,2026-03-03T03:00Z
start-hour/component/any,E0136,1,C120,FHEUSDT,large,2026-03-06T13:00Z,large,2026-03-06T13:00Z,2026-03-06T13:00Z
start-hour/component/any,E0137,1,C035,BCHUSDT,calm,2026-03-07T23:00Z,calm,2026-03-07T23:00Z,2026-03-07T23:00Z
start-hour/component/any,E0138,1,C239,NILUSDT,calm,2026-03-08T22:00Z,calm,2026-03-08T22:00Z,2026-03-08T22:00Z
start-hour/component/any,E0139,1,C076,FARTCOINUSDT,calm,2026-03-10T00:00Z,calm,2026-03-10T00:00Z,2026-03-10T00:00Z
start-hour/component/any,E0140,2,C121,FHEUSDT,calm,2026-03-12T23:00Z,calm,2026-03-12T23:00Z,2026-03-12T23:00Z
start-hour/component/any,E0140,2,C286,ZROUSDT,calm,2026-03-12T23:00Z,calm,2026-03-12T23:00Z,2026-03-12T23:00Z
start-hour/component/any,E0141,1,C077,FARTCOINUSDT,large,2026-03-16T02:00Z,large,2026-03-16T02:00Z,2026-03-16T02:00Z
start-hour/component/any,E0142,1,C148,KOMAUSDT,calm,2026-03-16T10:00Z,calm,2026-03-16T10:00Z,2026-03-16T10:00Z
start-hour/component/any,E0143,1,C036,BCHUSDT,calm,2026-03-18T17:00Z,calm,2026-03-18T17:00Z,2026-03-18T17:00Z
start-hour/component/any,E0144,1,C287,ZROUSDT,calm,2026-03-19T19:00Z,calm,2026-03-19T19:00Z,2026-03-19T19:00Z
start-hour/component/any,E0145,1,C037,BCHUSDT,calm,2026-03-21T21:00Z,calm,2026-03-21T21:00Z,2026-03-21T21:00Z
start-hour/component/any,E0146,1,C288,ZROUSDT,large,2026-03-23T01:00Z,large,2026-03-23T01:00Z,2026-03-23T01:00Z
start-hour/component/any,E0147,1,C240,NILUSDT,calm,2026-03-25T03:00Z,calm,2026-03-25T03:00Z,2026-03-25T03:00Z
start-hour/component/any,E0148,1,C038,BCHUSDT,calm,2026-03-30T04:00Z,calm,2026-03-30T04:00Z,2026-03-30T04:00Z
start-hour/component/any,E0149,1,C149,KOMAUSDT,large,2026-04-04T13:00Z,large,2026-04-04T13:00Z,2026-04-04T13:00Z
start-hour/component/any,E0150,1,C150,KOMAUSDT,large,2026-04-06T15:00Z,large,2026-04-06T15:00Z,2026-04-06T15:00Z
start-hour/component/any,E0151,1,C289,ZROUSDT,large,2026-04-07T03:00Z,large,2026-04-07T03:00Z,2026-04-07T03:00Z
start-hour/component/any,E0152,1,C241,NILUSDT,calm,2026-04-08T02:00Z,calm,2026-04-08T02:00Z,2026-04-08T02:00Z
start-hour/component/any,E0153,1,C078,FARTCOINUSDT,large,2026-04-08T23:00Z,large,2026-04-08T23:00Z,2026-04-08T23:00Z
start-hour/component/any,E0154,1,C197,NEWTUSDT,calm,2026-04-10T16:00Z,calm,2026-04-10T16:00Z,2026-04-10T16:00Z
start-hour/component/any,E0155,1,C122,FHEUSDT,calm,2026-04-12T11:00Z,calm,2026-04-12T11:00Z,2026-04-12T11:00Z
start-hour/component/any,E0156,1,C151,KOMAUSDT,large,2026-04-13T02:00Z,large,2026-04-13T02:00Z,2026-04-13T02:00Z
start-hour/component/any,E0157,1,C242,NILUSDT,calm,2026-04-14T12:00Z,calm,2026-04-14T12:00Z,2026-04-14T12:00Z
start-hour/component/any,E0158,1,C152,KOMAUSDT,large,2026-04-15T06:00Z,large,2026-04-15T06:00Z,2026-04-15T06:00Z
start-hour/component/any,E0159,1,C123,FHEUSDT,large,2026-04-17T06:00Z,large,2026-04-17T06:00Z,2026-04-17T06:00Z
start-hour/component/any,E0160,1,C153,KOMAUSDT,large,2026-04-18T05:00Z,large,2026-04-18T05:00Z,2026-04-18T05:00Z
start-hour/component/any,E0161,1,C290,ZROUSDT,large,2026-04-18T07:00Z,large,2026-04-18T07:00Z,2026-04-18T07:00Z
start-hour/component/any,E0162,1,C079,FARTCOINUSDT,calm,2026-04-19T00:00Z,calm,2026-04-19T00:00Z,2026-04-19T00:00Z
start-hour/component/any,E0163,1,C039,BCHUSDT,calm,2026-04-20T03:00Z,calm,2026-04-20T03:00Z,2026-04-20T03:00Z
start-hour/component/any,E0164,2,C080,FARTCOINUSDT,calm,2026-04-20T12:00Z,calm+large,2026-04-20T12:00Z,2026-04-20T12:00Z
start-hour/component/any,E0164,2,C198,NEWTUSDT,large,2026-04-20T12:00Z,calm+large,2026-04-20T12:00Z,2026-04-20T12:00Z
start-hour/component/any,E0165,1,C040,BCHUSDT,calm,2026-04-20T23:00Z,calm,2026-04-20T23:00Z,2026-04-20T23:00Z
start-hour/component/any,E0166,1,C154,KOMAUSDT,calm,2026-04-22T04:00Z,calm,2026-04-22T04:00Z,2026-04-22T04:00Z
start-hour/component/any,E0167,1,C041,BCHUSDT,calm,2026-04-22T19:00Z,calm,2026-04-22T19:00Z,2026-04-22T19:00Z
start-hour/component/any,E0168,1,C081,FARTCOINUSDT,calm,2026-04-28T10:00Z,calm,2026-04-28T10:00Z,2026-04-28T10:00Z
start-hour/component/any,E0169,1,C291,ZROUSDT,calm,2026-04-30T04:00Z,calm,2026-04-30T04:00Z,2026-04-30T04:00Z
start-hour/component/any,E0170,1,C292,ZROUSDT,calm,2026-04-30T19:00Z,calm,2026-04-30T19:00Z,2026-04-30T19:00Z
start-hour/component/any,E0171,1,C155,KOMAUSDT,calm,2026-05-01T06:00Z,calm,2026-05-01T06:00Z,2026-05-01T06:00Z
start-hour/component/any,E0172,1,C082,FARTCOINUSDT,calm,2026-05-01T23:00Z,calm,2026-05-01T23:00Z,2026-05-01T23:00Z
start-hour/component/any,E0173,1,C124,FHEUSDT,large,2026-05-02T01:00Z,large,2026-05-02T01:00Z,2026-05-02T01:00Z
start-hour/component/any,E0174,1,C125,FHEUSDT,large,2026-05-04T21:00Z,large,2026-05-04T21:00Z,2026-05-04T21:00Z
start-hour/component/any,E0175,1,C199,NEWTUSDT,calm,2026-05-05T21:00Z,calm,2026-05-05T21:00Z,2026-05-05T21:00Z
start-hour/component/any,E0176,1,C243,NILUSDT,large,2026-05-06T23:00Z,large,2026-05-06T23:00Z,2026-05-06T23:00Z
start-hour/component/any,E0177,1,C042,BCHUSDT,calm,2026-05-07T15:00Z,calm,2026-05-07T15:00Z,2026-05-07T15:00Z
start-hour/component/any,E0178,1,C001,AVGOUSDT,calm,2026-05-07T20:00Z,calm,2026-05-07T20:00Z,2026-05-07T20:00Z
start-hour/component/any,E0179,1,C083,FARTCOINUSDT,calm,2026-05-09T08:00Z,calm,2026-05-09T08:00Z,2026-05-09T08:00Z
start-hour/component/any,E0180,1,C084,FARTCOINUSDT,calm,2026-05-13T16:00Z,calm,2026-05-13T16:00Z,2026-05-13T16:00Z
start-hour/component/any,E0181,1,C085,FARTCOINUSDT,calm,2026-05-15T01:00Z,calm,2026-05-15T01:00Z,2026-05-15T01:00Z
start-hour/component/any,E0182,1,C126,FHEUSDT,calm,2026-05-15T09:00Z,calm,2026-05-15T09:00Z,2026-05-15T09:00Z
start-hour/component/any,E0183,1,C043,BCHUSDT,large,2026-05-17T12:00Z,large,2026-05-17T12:00Z,2026-05-17T12:00Z
start-hour/component/any,E0184,1,C293,ZROUSDT,calm,2026-05-18T19:00Z,calm,2026-05-18T19:00Z,2026-05-18T19:00Z
start-hour/component/any,E0185,1,C294,ZROUSDT,calm,2026-05-19T13:00Z,calm,2026-05-19T13:00Z,2026-05-19T13:00Z
start-hour/component/any,E0186,1,C244,NILUSDT,large,2026-05-20T01:00Z,large,2026-05-20T01:00Z,2026-05-20T01:00Z
start-hour/component/any,E0187,1,C245,NILUSDT,large,2026-05-23T20:00Z,large,2026-05-23T20:00Z,2026-05-23T20:00Z
start-hour/component/any,E0188,1,C002,AVGOUSDT,calm,2026-05-23T22:00Z,calm,2026-05-23T22:00Z,2026-05-23T22:00Z
start-hour/component/any,E0189,1,C200,NEWTUSDT,calm,2026-05-25T21:00Z,calm,2026-05-25T21:00Z,2026-05-25T21:00Z
start-hour/component/any,E0190,1,C044,BCHUSDT,large,2026-05-27T16:00Z,large,2026-05-27T16:00Z,2026-05-27T16:00Z
start-hour/component/any,E0191,1,C127,FHEUSDT,calm,2026-05-28T00:00Z,calm,2026-05-28T00:00Z,2026-05-28T00:00Z
start-hour/component/any,E0192,1,C156,KOMAUSDT,large,2026-05-28T11:00Z,large,2026-05-28T11:00Z,2026-05-28T11:00Z
start-hour/component/any,E0193,1,C201,NEWTUSDT,large,2026-05-28T21:00Z,large,2026-05-28T21:00Z,2026-05-28T21:00Z
start-hour/component/any,E0194,1,C246,NILUSDT,calm,2026-05-30T05:00Z,calm,2026-05-30T05:00Z,2026-05-30T05:00Z
start-hour/component/any,E0195,1,C295,ZROUSDT,calm,2026-05-30T08:00Z,calm,2026-05-30T08:00Z,2026-05-30T08:00Z
start-hour/component/any,E0196,1,C128,FHEUSDT,large,2026-05-31T06:00Z,large,2026-05-31T06:00Z,2026-05-31T06:00Z
start-hour/component/any,E0197,1,C003,AVGOUSDT,large,2026-06-01T10:00Z,large,2026-06-01T10:00Z,2026-06-01T10:00Z
start-hour/component/any,E0198,1,C045,BCHUSDT,large,2026-06-02T04:00Z,large,2026-06-02T04:00Z,2026-06-02T04:00Z
start-hour/component/any,E0199,1,C004,AVGOUSDT,large,2026-06-03T12:00Z,large,2026-06-03T12:00Z,2026-06-03T12:00Z
start-hour/component/any,E0200,1,C247,NILUSDT,large,2026-06-03T22:00Z,large,2026-06-03T22:00Z,2026-06-03T22:00Z
start-hour/component/any,E0201,2,C086,FARTCOINUSDT,large,2026-06-04T19:00Z,large,2026-06-04T19:00Z,2026-06-04T19:00Z
start-hour/component/any,E0201,2,C296,ZROUSDT,large,2026-06-04T19:00Z,large,2026-06-04T19:00Z,2026-06-04T19:00Z
start-hour/component/any,E0202,1,C255,NOKUSDT,large,2026-06-05T03:00Z,large,2026-06-05T03:00Z,2026-06-05T03:00Z
start-hour/component/any,E0203,2,C046,BCHUSDT,large,2026-06-05T05:00Z,large,2026-06-05T05:00Z,2026-06-05T05:00Z
start-hour/component/any,E0203,2,C202,NEWTUSDT,large,2026-06-05T05:00Z,large,2026-06-05T05:00Z,2026-06-05T05:00Z
start-hour/component/any,E0204,1,C005,AVGOUSDT,large,2026-06-05T12:00Z,large,2026-06-05T12:00Z,2026-06-05T12:00Z
start-hour/component/any,E0205,1,C047,BCHUSDT,large,2026-06-08T01:00Z,large,2026-06-08T01:00Z,2026-06-08T01:00Z
start-hour/component/any,E0206,1,C087,FARTCOINUSDT,calm,2026-06-08T14:00Z,calm,2026-06-08T14:00Z,2026-06-08T14:00Z
start-hour/component/any,E0207,1,C256,NOKUSDT,calm,2026-06-09T00:00Z,calm,2026-06-09T00:00Z,2026-06-09T00:00Z
start-hour/component/any,E0208,1,C297,ZROUSDT,calm,2026-06-09T18:00Z,calm,2026-06-09T18:00Z,2026-06-09T18:00Z
start-hour/component/any,E0209,1,C298,ZROUSDT,calm,2026-06-09T21:00Z,calm,2026-06-09T21:00Z,2026-06-09T21:00Z
start-hour/component/any,E0210,1,C157,KOMAUSDT,large,2026-06-10T01:00Z,large,2026-06-10T01:00Z,2026-06-10T01:00Z
start-hour/component/any,E0211,1,C006,AVGOUSDT,calm,2026-06-10T07:00Z,calm,2026-06-10T07:00Z,2026-06-10T07:00Z
start-hour/component/any,E0212,1,C203,NEWTUSDT,calm,2026-06-14T12:00Z,calm,2026-06-14T12:00Z,2026-06-14T12:00Z
start-hour/component/any,E0213,2,C048,BCHUSDT,large,2026-06-14T15:00Z,large,2026-06-14T15:00Z,2026-06-14T15:00Z
start-hour/component/any,E0213,2,C299,ZROUSDT,large,2026-06-14T15:00Z,large,2026-06-14T15:00Z,2026-06-14T15:00Z
start-hour/component/any,E0214,1,C088,FARTCOINUSDT,large,2026-06-14T18:00Z,large,2026-06-14T18:00Z,2026-06-14T18:00Z
start-hour/component/any,E0215,1,C158,KOMAUSDT,large,2026-06-16T12:00Z,large,2026-06-16T12:00Z,2026-06-16T12:00Z
start-hour/component/any,E0216,1,C257,NOKUSDT,calm,2026-06-16T21:00Z,calm,2026-06-16T21:00Z,2026-06-16T21:00Z
start-hour/component/any,E0217,1,C049,BCHUSDT,large,2026-06-17T16:00Z,large,2026-06-17T16:00Z,2026-06-17T16:00Z
start-hour/component/any,E0218,1,C204,NEWTUSDT,calm,2026-06-18T00:00Z,calm,2026-06-18T00:00Z,2026-06-18T00:00Z
start-hour/component/any,E0219,1,C205,NEWTUSDT,calm,2026-06-19T21:00Z,calm,2026-06-19T21:00Z,2026-06-19T21:00Z
start-hour/component/any,E0220,1,C206,NEWTUSDT,calm,2026-06-21T08:00Z,calm,2026-06-21T08:00Z,2026-06-21T08:00Z
start-hour/component/any,E0221,1,C159,KOMAUSDT,large,2026-06-22T04:00Z,large,2026-06-22T04:00Z,2026-06-22T04:00Z
start-hour/component/any,E0222,1,C007,AVGOUSDT,large,2026-06-22T13:00Z,large,2026-06-22T13:00Z,2026-06-22T13:00Z
start-hour/component/any,E0223,1,C258,NOKUSDT,calm,2026-06-23T19:00Z,calm,2026-06-23T19:00Z,2026-06-23T19:00Z
start-hour/component/any,E0224,1,C207,NEWTUSDT,large,2026-06-24T14:00Z,large,2026-06-24T14:00Z,2026-06-24T14:00Z
start-hour/component/any,E0225,1,C160,KOMAUSDT,calm,2026-06-25T23:00Z,calm,2026-06-25T23:00Z,2026-06-25T23:00Z
start-hour/component/any,E0226,1,C300,ZROUSDT,calm,2026-06-26T04:00Z,calm,2026-06-26T04:00Z,2026-06-26T04:00Z
start-hour/component/any,E0227,1,C089,FARTCOINUSDT,calm,2026-06-26T22:00Z,calm,2026-06-26T22:00Z,2026-06-26T22:00Z
start-hour/component/any,E0228,1,C259,NOKUSDT,calm,2026-06-28T14:00Z,calm,2026-06-28T14:00Z,2026-06-28T14:00Z
start-hour/component/any,E0229,1,C301,ZROUSDT,calm,2026-06-28T17:00Z,calm,2026-06-28T17:00Z,2026-06-28T17:00Z
start-hour/component/any,E0230,1,C129,FHEUSDT,calm,2026-06-29T10:00Z,calm,2026-06-29T10:00Z,2026-06-29T10:00Z
start-hour/component/any,E0231,1,C090,FARTCOINUSDT,large,2026-07-02T07:00Z,large,2026-07-02T07:00Z,2026-07-02T07:00Z
start-hour/component/any,E0232,1,C008,AVGOUSDT,calm,2026-07-03T05:00Z,calm,2026-07-03T05:00Z,2026-07-03T05:00Z
start-hour/component/any,E0233,1,C161,KOMAUSDT,calm,2026-07-03T11:00Z,calm,2026-07-03T11:00Z,2026-07-03T11:00Z
start-hour/component/any,E0234,1,C162,KOMAUSDT,calm,2026-07-04T02:00Z,calm,2026-07-04T02:00Z,2026-07-04T02:00Z
start-hour/component/any,E0235,1,C163,KOMAUSDT,calm,2026-07-05T21:00Z,calm,2026-07-05T21:00Z,2026-07-05T21:00Z
start-hour/component/any,E0236,1,C248,NILUSDT,calm,2026-07-07T00:00Z,calm,2026-07-07T00:00Z,2026-07-07T00:00Z
start-hour/component/any,E0237,1,C164,KOMAUSDT,calm,2026-07-07T06:00Z,calm,2026-07-07T06:00Z,2026-07-07T06:00Z
start-hour/component/any,E0238,1,C009,AVGOUSDT,large,2026-07-08T12:00Z,large,2026-07-08T12:00Z,2026-07-08T12:00Z
start-hour/component/any,E0239,1,C208,NEWTUSDT,calm,2026-07-09T00:00Z,calm,2026-07-09T00:00Z,2026-07-09T00:00Z
start-hour/component/any,E0240,1,C209,NEWTUSDT,calm,2026-07-11T03:00Z,calm,2026-07-11T03:00Z,2026-07-11T03:00Z
start-hour/component/any,E0241,1,C302,ZROUSDT,calm,2026-07-11T04:00Z,calm,2026-07-11T04:00Z,2026-07-11T04:00Z
start-hour/component/any,E0242,1,C165,KOMAUSDT,calm,2026-07-12T01:00Z,calm,2026-07-12T01:00Z,2026-07-12T01:00Z
start-hour/component/any,E0243,1,C130,FHEUSDT,calm,2026-07-13T15:00Z,calm,2026-07-13T15:00Z,2026-07-13T15:00Z
start-hour/component/any,E0244,1,C010,AVGOUSDT,calm,2026-07-16T00:00Z,calm,2026-07-16T00:00Z,2026-07-16T00:00Z
start-hour/component/any,E0245,1,C260,NOKUSDT,large,2026-07-16T06:00Z,large,2026-07-16T06:00Z,2026-07-16T06:00Z
start-hour/component/any,E0246,1,C011,AVGOUSDT,calm,2026-07-16T14:00Z,calm,2026-07-16T14:00Z,2026-07-16T14:00Z
start-hour/component/any,E0247,1,C210,NEWTUSDT,calm,2026-07-17T23:00Z,calm,2026-07-17T23:00Z,2026-07-17T23:00Z
start-hour/component/any,E0248,1,C211,NEWTUSDT,calm,2026-07-18T10:00Z,calm,2026-07-18T10:00Z,2026-07-18T10:00Z
start-hour/component/any,E0249,1,C091,FARTCOINUSDT,calm,2026-07-19T00:00Z,calm,2026-07-19T00:00Z,2026-07-19T00:00Z
start-hour/component/any,E0250,1,C166,KOMAUSDT,large,2026-07-19T21:00Z,large,2026-07-19T21:00Z,2026-07-19T21:00Z
start-hour/component/any,E0251,1,C261,NOKUSDT,large,2026-07-23T07:00Z,large,2026-07-23T07:00Z,2026-07-23T07:00Z
start-hour/component/any,E0252,1,C012,AVGOUSDT,calm,2026-07-24T06:00Z,calm,2026-07-24T06:00Z,2026-07-24T06:00Z
start-hour/component/any,E0253,1,C167,KOMAUSDT,calm,2026-07-25T15:00Z,calm,2026-07-25T15:00Z,2026-07-25T15:00Z
start-hour/component/any,E0254,1,C249,NILUSDT,large,2026-07-26T11:00Z,large,2026-07-26T11:00Z,2026-07-26T11:00Z
start-hour/component/any,E0255,1,C212,NEWTUSDT,calm,2026-07-26T20:00Z,calm,2026-07-26T20:00Z,2026-07-26T20:00Z
start-hour/component/any,E0256,1,C050,BCHUSDT,calm,2026-07-28T19:00Z,calm,2026-07-28T19:00Z,2026-07-28T19:00Z
start-hour/component/any,E0257,1,C051,BCHUSDT,calm,2026-07-29T02:00Z,calm,2026-07-29T02:00Z,2026-07-29T02:00Z
start-hour/component/any,E0258,1,C262,NOKUSDT,large,2026-07-30T07:00Z,large,2026-07-30T07:00Z,2026-07-30T07:00Z
start-hour/component/any,E0259,1,C168,KOMAUSDT,large,2026-07-30T08:00Z,large,2026-07-30T08:00Z,2026-07-30T08:00Z
start-hour/component/any,E0260,1,C052,BCHUSDT,calm,2026-07-30T09:00Z,calm,2026-07-30T09:00Z,2026-07-30T09:00Z
start-hour/component/any,E0261,1,C169,KOMAUSDT,large,2026-08-01T10:00Z,large,2026-08-01T10:00Z,2026-08-01T10:00Z
start-hour/component/any,E0262,1,C013,AVGOUSDT,large,2026-08-03T18:00Z,large,2026-08-03T18:00Z,2026-08-03T18:00Z
start-hour/component/any,E0263,1,C170,KOMAUSDT,large,2026-08-03T21:00Z,large,2026-08-03T21:00Z,2026-08-03T21:00Z
start-hour/component/any,E0264,1,C053,BCHUSDT,calm,2026-08-04T20:00Z,calm,2026-08-04T20:00Z,2026-08-04T20:00Z
start-hour/component/any,E0265,1,C092,FARTCOINUSDT,calm,2026-08-05T17:00Z,calm,2026-08-05T17:00Z,2026-08-05T17:00Z
start-hour/component/any,E0266,1,C093,FARTCOINUSDT,calm,2026-08-05T21:00Z,calm,2026-08-05T21:00Z,2026-08-05T21:00Z
start-hour/component/any,E0267,1,C171,KOMAUSDT,large,2026-08-06T03:00Z,large,2026-08-06T03:00Z,2026-08-06T03:00Z
start-hour/component/any,E0268,1,C250,NILUSDT,large,2026-08-06T19:00Z,large,2026-08-06T19:00Z,2026-08-06T19:00Z
start-hour/component/any,E0269,1,C251,NILUSDT,large,2026-08-09T05:00Z,large,2026-08-09T05:00Z,2026-08-09T05:00Z
start-hour/component/any,E0270,1,C131,FHEUSDT,calm,2026-08-09T13:00Z,calm,2026-08-09T13:00Z,2026-08-09T13:00Z
start-hour/component/any,E0271,1,C303,ZROUSDT,calm,2026-08-09T14:00Z,calm,2026-08-09T14:00Z,2026-08-09T14:00Z
start-hour/component/any,E0272,1,C263,NOKUSDT,large,2026-08-11T12:00Z,large,2026-08-11T12:00Z,2026-08-11T12:00Z
start-hour/component/any,E0273,1,C132,FHEUSDT,calm,2026-08-11T15:00Z,calm,2026-08-11T15:00Z,2026-08-11T15:00Z
start-hour/component/any,E0274,1,C252,NILUSDT,large,2026-08-11T23:00Z,large,2026-08-11T23:00Z,2026-08-11T23:00Z
start-hour/component/any,E0275,1,C304,ZROUSDT,calm,2026-08-13T07:00Z,calm,2026-08-13T07:00Z,2026-08-13T07:00Z
start-hour/component/any,E0276,1,C014,AVGOUSDT,large,2026-08-13T19:00Z,large,2026-08-13T19:00Z,2026-08-13T19:00Z
start-hour/component/any,E0277,1,C253,NILUSDT,large,2026-08-14T19:00Z,large,2026-08-14T19:00Z,2026-08-14T19:00Z
start-hour/component/any,E0278,1,C264,NOKUSDT,calm,2026-08-15T13:00Z,calm,2026-08-15T13:00Z,2026-08-15T13:00Z
start-hour/component/any,E0279,1,C172,KOMAUSDT,calm,2026-08-17T03:00Z,calm,2026-08-17T03:00Z,2026-08-17T03:00Z
start-hour/component/any,E0280,1,C133,FHEUSDT,calm,2026-08-21T01:00Z,calm,2026-08-21T01:00Z,2026-08-21T01:00Z
start-hour/component/any,E0281,1,C054,BCHUSDT,large,2026-08-21T03:00Z,large,2026-08-21T03:00Z,2026-08-21T03:00Z
start-hour/component/any,E0282,1,C213,NEWTUSDT,large,2026-08-21T04:00Z,large,2026-08-21T04:00Z,2026-08-21T04:00Z
start-hour/component/any,E0283,1,C094,FARTCOINUSDT,large,2026-08-21T05:00Z,large,2026-08-21T05:00Z,2026-08-21T05:00Z
start-hour/component/any,E0284,1,C173,KOMAUSDT,large,2026-08-22T05:00Z,large,2026-08-22T05:00Z,2026-08-22T05:00Z
start-hour/component/any,E0285,1,C305,ZROUSDT,large,2026-08-22T08:00Z,large,2026-08-22T08:00Z,2026-08-22T08:00Z
start-hour/component/any,E0286,1,C214,NEWTUSDT,calm,2026-08-24T08:00Z,calm,2026-08-24T08:00Z,2026-08-24T08:00Z
start-hour/component/any,E0287,1,C134,FHEUSDT,calm,2026-08-24T13:00Z,calm,2026-08-24T13:00Z,2026-08-24T13:00Z
start-hour/component/any,E0288,1,C306,ZROUSDT,large,2026-08-24T17:00Z,large,2026-08-24T17:00Z,2026-08-24T17:00Z
start-hour/component/any,E0289,2,C174,KOMAUSDT,large,2026-08-28T19:00Z,large,2026-08-28T19:00Z,2026-08-28T19:00Z
start-hour/component/any,E0289,2,C254,NILUSDT,large,2026-08-28T19:00Z,large,2026-08-28T19:00Z,2026-08-28T19:00Z
start-hour/component/cross-coin,E0001,1,C267,ZROUSDT,calm,2025-09-02T14:00Z,calm,2025-09-02T14:00Z,2025-09-02T14:00Z
start-hour/component/cross-coin,E0002,1,C135,KOMAUSDT,calm,2025-09-03T01:00Z,calm,2025-09-03T01:00Z,2025-09-03T01:00Z
start-hour/component/cross-coin,E0003,1,C215,NILUSDT,calm,2025-09-03T10:00Z,calm,2025-09-03T10:00Z,2025-09-03T10:00Z
start-hour/component/cross-coin,E0004,1,C095,FHEUSDT,calm,2025-09-06T07:00Z,calm,2025-09-06T07:00Z,2025-09-06T07:00Z
start-hour/component/cross-coin,E0005,1,C216,NILUSDT,calm,2025-09-07T09:00Z,calm,2025-09-07T09:00Z,2025-09-07T09:00Z
start-hour/component/cross-coin,E0006,1,C175,NEWTUSDT,large,2025-09-08T07:00Z,large,2025-09-08T07:00Z,2025-09-08T07:00Z
start-hour/component/cross-coin,E0007,1,C217,NILUSDT,calm,2025-09-09T15:00Z,calm,2025-09-09T15:00Z,2025-09-09T15:00Z
start-hour/component/cross-coin,E0008,1,C265,OMNIUSDT,large,2025-09-09T19:00Z,large,2025-09-09T19:00Z,2025-09-09T19:00Z
start-hour/component/cross-coin,E0009,1,C176,NEWTUSDT,calm,2025-09-13T11:00Z,calm,2025-09-13T11:00Z,2025-09-13T11:00Z
start-hour/component/cross-coin,E0010,1,C177,NEWTUSDT,calm,2025-09-13T14:00Z,calm,2025-09-13T14:00Z,2025-09-13T14:00Z
start-hour/component/cross-coin,E0011,1,C055,FARTCOINUSDT,calm,2025-09-15T22:00Z,calm,2025-09-15T22:00Z,2025-09-15T22:00Z
start-hour/component/cross-coin,E0012,1,C218,NILUSDT,calm,2025-09-16T05:00Z,calm,2025-09-16T05:00Z,2025-09-16T05:00Z
start-hour/component/cross-coin,E0013,1,C096,FHEUSDT,calm,2025-09-17T17:00Z,calm,2025-09-17T17:00Z,2025-09-17T17:00Z
start-hour/component/cross-coin,E0014,1,C268,ZROUSDT,calm,2025-09-18T14:00Z,calm,2025-09-18T14:00Z,2025-09-18T14:00Z
start-hour/component/cross-coin,E0015,1,C015,BCHUSDT,calm,2025-09-19T08:00Z,calm,2025-09-19T08:00Z,2025-09-19T08:00Z
start-hour/component/cross-coin,E0016,1,C097,FHEUSDT,calm,2025-09-19T21:00Z,calm,2025-09-19T21:00Z,2025-09-19T21:00Z
start-hour/component/cross-coin,E0017,1,C266,OMNIUSDT,calm,2025-09-21T00:00Z,calm,2025-09-21T00:00Z,2025-09-21T00:00Z
start-hour/component/cross-coin,E0018,1,C136,KOMAUSDT,large,2025-09-21T07:00Z,large,2025-09-21T07:00Z,2025-09-21T07:00Z
start-hour/component/cross-coin,E0019,1,C056,FARTCOINUSDT,large,2025-09-21T08:00Z,large,2025-09-21T08:00Z,2025-09-21T08:00Z
start-hour/component/cross-coin,E0020,1,C016,BCHUSDT,calm,2025-09-21T09:00Z,calm,2025-09-21T09:00Z,2025-09-21T09:00Z
start-hour/component/cross-coin,E0021,1,C178,NEWTUSDT,large,2025-09-21T16:00Z,large,2025-09-21T16:00Z,2025-09-21T16:00Z
start-hour/component/cross-coin,E0022,1,C269,ZROUSDT,large,2025-09-23T12:00Z,large,2025-09-23T12:00Z,2025-09-23T12:00Z
start-hour/component/cross-coin,E0023,1,C137,KOMAUSDT,calm,2025-09-28T17:00Z,calm,2025-09-28T17:00Z,2025-09-28T17:00Z
start-hour/component/cross-coin,E0024,1,C098,FHEUSDT,calm,2025-09-29T18:00Z,calm,2025-09-29T18:00Z,2025-09-29T18:00Z
start-hour/component/cross-coin,E0025,1,C179,NEWTUSDT,large,2025-09-30T19:00Z,large,2025-09-30T19:00Z,2025-09-30T19:00Z
start-hour/component/cross-coin,E0026,2,C219,NILUSDT,large,2025-10-01T07:00Z,large,2025-10-01T07:00Z,2025-10-01T07:00Z
start-hour/component/cross-coin,E0026,2,C270,ZROUSDT,large,2025-10-01T07:00Z,large,2025-10-01T07:00Z,2025-10-01T07:00Z
start-hour/component/cross-coin,E0027,1,C271,ZROUSDT,calm,2025-10-04T16:00Z,calm,2025-10-04T16:00Z,2025-10-04T16:00Z
start-hour/component/cross-coin,E0028,1,C057,FARTCOINUSDT,calm,2025-10-06T03:00Z,calm,2025-10-06T03:00Z,2025-10-06T03:00Z
start-hour/component/cross-coin,E0029,1,C220,NILUSDT,calm,2025-10-06T22:00Z,calm,2025-10-06T22:00Z,2025-10-06T22:00Z
start-hour/component/cross-coin,E0030,1,C138,KOMAUSDT,large,2025-10-07T05:00Z,large,2025-10-07T05:00Z,2025-10-07T05:00Z
start-hour/component/cross-coin,E0031,1,C139,KOMAUSDT,large,2025-10-09T10:00Z,large,2025-10-09T10:00Z,2025-10-09T10:00Z
start-hour/component/cross-coin,E0032,3,C099,FHEUSDT,large,2025-10-09T22:00Z,large,2025-10-09T22:00Z,2025-10-09T22:00Z
start-hour/component/cross-coin,E0032,3,C180,NEWTUSDT,large,2025-10-09T22:00Z,large,2025-10-09T22:00Z,2025-10-09T22:00Z
start-hour/component/cross-coin,E0032,3,C272,ZROUSDT,large,2025-10-09T22:00Z,large,2025-10-09T22:00Z,2025-10-09T22:00Z
start-hour/component/cross-coin,E0033,1,C017,BCHUSDT,large,2025-10-10T02:00Z,large,2025-10-10T02:00Z,2025-10-10T02:00Z
start-hour/component/cross-coin,E0034,1,C221,NILUSDT,large,2025-10-10T05:00Z,large,2025-10-10T05:00Z,2025-10-10T05:00Z
start-hour/component/cross-coin,E0035,1,C058,FARTCOINUSDT,large,2025-10-10T14:00Z,large,2025-10-10T14:00Z,2025-10-10T14:00Z
start-hour/component/cross-coin,E0036,2,C018,BCHUSDT,large,2025-10-12T02:00Z,large,2025-10-12T02:00Z,2025-10-12T02:00Z
start-hour/component/cross-coin,E0036,2,C273,ZROUSDT,large,2025-10-12T02:00Z,large,2025-10-12T02:00Z,2025-10-12T02:00Z
start-hour/component/cross-coin,E0037,2,C059,FARTCOINUSDT,large,2025-10-12T14:00Z,large,2025-10-12T14:00Z,2025-10-12T14:00Z
start-hour/component/cross-coin,E0037,2,C181,NEWTUSDT,large,2025-10-12T14:00Z,large,2025-10-12T14:00Z,2025-10-12T14:00Z
start-hour/component/cross-coin,E0038,1,C182,NEWTUSDT,large,2025-10-16T08:00Z,large,2025-10-16T08:00Z,2025-10-16T08:00Z
start-hour/component/cross-coin,E0039,1,C019,BCHUSDT,large,2025-10-16T09:00Z,large,2025-10-16T09:00Z,2025-10-16T09:00Z
start-hour/component/cross-coin,E0040,1,C100,FHEUSDT,large,2025-10-17T01:00Z,large,2025-10-17T01:00Z,2025-10-17T01:00Z
start-hour/component/cross-coin,E0041,1,C140,KOMAUSDT,large,2025-10-17T09:00Z,large,2025-10-17T09:00Z,2025-10-17T09:00Z
start-hour/component/cross-coin,E0042,1,C222,NILUSDT,calm,2025-10-18T05:00Z,calm,2025-10-18T05:00Z,2025-10-18T05:00Z
start-hour/component/cross-coin,E0043,1,C223,NILUSDT,large,2025-10-21T10:00Z,large,2025-10-21T10:00Z,2025-10-21T10:00Z
start-hour/component/cross-coin,E0044,1,C020,BCHUSDT,large,2025-10-25T13:00Z,large,2025-10-25T13:00Z,2025-10-25T13:00Z
start-hour/component/cross-coin,E0045,1,C224,NILUSDT,calm,2025-10-29T10:00Z,calm,2025-10-29T10:00Z,2025-10-29T10:00Z
start-hour/component/cross-coin,E0046,2,C060,FARTCOINUSDT,large,2025-10-29T21:00Z,large,2025-10-29T21:00Z,2025-10-29T21:00Z
start-hour/component/cross-coin,E0046,2,C183,NEWTUSDT,large,2025-10-29T21:00Z,large,2025-10-29T21:00Z,2025-10-29T21:00Z
start-hour/component/cross-coin,E0047,1,C225,NILUSDT,calm,2025-10-30T19:00Z,calm,2025-10-30T19:00Z,2025-10-30T19:00Z
start-hour/component/cross-coin,E0048,1,C101,FHEUSDT,calm,2025-10-31T22:00Z,calm,2025-10-31T22:00Z,2025-10-31T22:00Z
start-hour/component/cross-coin,E0049,1,C021,BCHUSDT,calm,2025-11-01T04:00Z,calm,2025-11-01T04:00Z,2025-11-01T04:00Z
start-hour/component/cross-coin,E0050,1,C184,NEWTUSDT,large,2025-11-02T21:00Z,large,2025-11-02T21:00Z,2025-11-02T21:00Z
start-hour/component/cross-coin,E0051,1,C226,NILUSDT,large,2025-11-03T00:00Z,large,2025-11-03T00:00Z,2025-11-03T00:00Z
start-hour/component/cross-coin,E0052,1,C061,FARTCOINUSDT,large,2025-11-03T08:00Z,large,2025-11-03T08:00Z,2025-11-03T08:00Z
start-hour/component/cross-coin,E0053,1,C141,KOMAUSDT,calm,2025-11-04T20:00Z,calm,2025-11-04T20:00Z,2025-11-04T20:00Z
start-hour/component/cross-coin,E0054,1,C022,BCHUSDT,calm,2025-11-04T23:00Z,calm,2025-11-04T23:00Z,2025-11-04T23:00Z
start-hour/component/cross-coin,E0055,1,C274,ZROUSDT,large,2025-11-06T08:00Z,large,2025-11-06T08:00Z,2025-11-06T08:00Z
start-hour/component/cross-coin,E0056,1,C185,NEWTUSDT,calm,2025-11-06T14:00Z,calm,2025-11-06T14:00Z,2025-11-06T14:00Z
start-hour/component/cross-coin,E0057,1,C062,FARTCOINUSDT,large,2025-11-06T21:00Z,large,2025-11-06T21:00Z,2025-11-06T21:00Z
start-hour/component/cross-coin,E0058,1,C023,BCHUSDT,calm,2025-11-07T08:00Z,calm,2025-11-07T08:00Z,2025-11-07T08:00Z
start-hour/component/cross-coin,E0059,1,C142,KOMAUSDT,calm,2025-11-14T06:00Z,calm,2025-11-14T06:00Z,2025-11-14T06:00Z
start-hour/component/cross-coin,E0060,1,C102,FHEUSDT,calm,2025-11-14T07:00Z,calm,2025-11-14T07:00Z,2025-11-14T07:00Z
start-hour/component/cross-coin,E0061,1,C024,BCHUSDT,calm,2025-11-15T03:00Z,calm,2025-11-15T03:00Z,2025-11-15T03:00Z
start-hour/component/cross-coin,E0062,1,C186,NEWTUSDT,calm,2025-11-15T14:00Z,calm,2025-11-15T14:00Z,2025-11-15T14:00Z
start-hour/component/cross-coin,E0063,1,C227,NILUSDT,large,2025-11-15T21:00Z,large,2025-11-15T21:00Z,2025-11-15T21:00Z
start-hour/component/cross-coin,E0064,1,C275,ZROUSDT,calm,2025-11-17T08:00Z,calm,2025-11-17T08:00Z,2025-11-17T08:00Z
start-hour/component/cross-coin,E0065,1,C228,NILUSDT,large,2025-11-18T19:00Z,large,2025-11-18T19:00Z,2025-11-18T19:00Z
start-hour/component/cross-coin,E0066,1,C025,BCHUSDT,large,2025-11-18T20:00Z,large,2025-11-18T20:00Z,2025-11-18T20:00Z
start-hour/component/cross-coin,E0067,1,C187,NEWTUSDT,large,2025-11-20T14:00Z,large,2025-11-20T14:00Z,2025-11-20T14:00Z
start-hour/component/cross-coin,E0068,2,C063,FARTCOINUSDT,large,2025-11-20T23:00Z,large,2025-11-20T23:00Z,2025-11-20T23:00Z
start-hour/component/cross-coin,E0068,2,C229,NILUSDT,large,2025-11-20T23:00Z,large,2025-11-20T23:00Z,2025-11-20T23:00Z
start-hour/component/cross-coin,E0069,1,C026,BCHUSDT,large,2025-11-21T12:00Z,large,2025-11-21T12:00Z,2025-11-21T12:00Z
start-hour/component/cross-coin,E0070,1,C064,FARTCOINUSDT,large,2025-11-23T21:00Z,large,2025-11-23T21:00Z,2025-11-23T21:00Z
start-hour/component/cross-coin,E0071,1,C065,FARTCOINUSDT,large,2025-11-25T22:00Z,large,2025-11-25T22:00Z,2025-11-25T22:00Z
start-hour/component/cross-coin,E0072,1,C188,NEWTUSDT,calm,2025-11-26T19:00Z,calm,2025-11-26T19:00Z,2025-11-26T19:00Z
start-hour/component/cross-coin,E0073,1,C103,FHEUSDT,calm,2025-11-27T16:00Z,calm,2025-11-27T16:00Z,2025-11-27T16:00Z
start-hour/component/cross-coin,E0074,1,C066,FARTCOINUSDT,large,2025-12-01T16:00Z,large,2025-12-01T16:00Z,2025-12-01T16:00Z
start-hour/component/cross-coin,E0075,1,C276,ZROUSDT,large,2025-12-01T18:00Z,large,2025-12-01T18:00Z,2025-12-01T18:00Z
start-hour/component/cross-coin,E0076,2,C027,BCHUSDT,large,2025-12-02T05:00Z,calm+large,2025-12-02T05:00Z,2025-12-02T05:00Z
start-hour/component/cross-coin,E0076,2,C189,NEWTUSDT,calm,2025-12-02T05:00Z,calm+large,2025-12-02T05:00Z,2025-12-02T05:00Z
start-hour/component/cross-coin,E0077,1,C067,FARTCOINUSDT,large,2025-12-03T21:00Z,large,2025-12-03T21:00Z,2025-12-03T21:00Z
start-hour/component/cross-coin,E0078,1,C104,FHEUSDT,large,2025-12-06T19:00Z,large,2025-12-06T19:00Z,2025-12-06T19:00Z
start-hour/component/cross-coin,E0079,1,C230,NILUSDT,large,2025-12-09T05:00Z,large,2025-12-09T05:00Z,2025-12-09T05:00Z
start-hour/component/cross-coin,E0080,1,C105,FHEUSDT,large,2025-12-09T22:00Z,large,2025-12-09T22:00Z,2025-12-09T22:00Z
start-hour/component/cross-coin,E0081,1,C277,ZROUSDT,calm,2025-12-10T07:00Z,calm,2025-12-10T07:00Z,2025-12-10T07:00Z
start-hour/component/cross-coin,E0082,1,C028,BCHUSDT,calm,2025-12-15T02:00Z,calm,2025-12-15T02:00Z,2025-12-15T02:00Z
start-hour/component/cross-coin,E0083,1,C106,FHEUSDT,large,2025-12-15T04:00Z,large,2025-12-15T04:00Z,2025-12-15T04:00Z
start-hour/component/cross-coin,E0084,1,C231,NILUSDT,calm,2025-12-16T18:00Z,calm,2025-12-16T18:00Z,2025-12-16T18:00Z
start-hour/component/cross-coin,E0085,1,C068,FARTCOINUSDT,large,2025-12-18T01:00Z,large,2025-12-18T01:00Z,2025-12-18T01:00Z
start-hour/component/cross-coin,E0086,1,C143,KOMAUSDT,calm,2025-12-18T05:00Z,calm,2025-12-18T05:00Z,2025-12-18T05:00Z
start-hour/component/cross-coin,E0087,1,C029,BCHUSDT,large,2025-12-18T20:00Z,large,2025-12-18T20:00Z,2025-12-18T20:00Z
start-hour/component/cross-coin,E0088,1,C190,NEWTUSDT,large,2025-12-19T13:00Z,large,2025-12-19T13:00Z,2025-12-19T13:00Z
start-hour/component/cross-coin,E0089,1,C107,FHEUSDT,large,2025-12-19T15:00Z,large,2025-12-19T15:00Z,2025-12-19T15:00Z
start-hour/component/cross-coin,E0090,1,C191,NEWTUSDT,large,2025-12-24T11:00Z,large,2025-12-24T11:00Z,2025-12-24T11:00Z
start-hour/component/cross-coin,E0091,1,C232,NILUSDT,large,2025-12-26T01:00Z,large,2025-12-26T01:00Z,2025-12-26T01:00Z
start-hour/component/cross-coin,E0092,1,C108,FHEUSDT,calm,2025-12-29T00:00Z,calm,2025-12-29T00:00Z,2025-12-29T00:00Z
start-hour/component/cross-coin,E0093,1,C144,KOMAUSDT,calm,2025-12-30T01:00Z,calm,2025-12-30T01:00Z,2025-12-30T01:00Z
start-hour/component/cross-coin,E0094,1,C069,FARTCOINUSDT,large,2026-01-02T03:00Z,large,2026-01-02T03:00Z,2026-01-02T03:00Z
start-hour/component/cross-coin,E0095,1,C145,KOMAUSDT,calm,2026-01-02T07:00Z,calm,2026-01-02T07:00Z,2026-01-02T07:00Z
start-hour/component/cross-coin,E0096,1,C070,FARTCOINUSDT,large,2026-01-05T14:00Z,large,2026-01-05T14:00Z,2026-01-05T14:00Z
start-hour/component/cross-coin,E0097,1,C109,FHEUSDT,large,2026-01-06T02:00Z,large,2026-01-06T02:00Z,2026-01-06T02:00Z
start-hour/component/cross-coin,E0098,1,C030,BCHUSDT,calm,2026-01-06T17:00Z,calm,2026-01-06T17:00Z,2026-01-06T17:00Z
start-hour/component/cross-coin,E0099,1,C233,NILUSDT,calm,2026-01-07T00:00Z,calm,2026-01-07T00:00Z,2026-01-07T00:00Z
start-hour/component/cross-coin,E0100,1,C146,KOMAUSDT,calm,2026-01-08T17:00Z,calm,2026-01-08T17:00Z,2026-01-08T17:00Z
start-hour/component/cross-coin,E0101,1,C192,NEWTUSDT,calm,2026-01-09T11:00Z,calm,2026-01-09T11:00Z,2026-01-09T11:00Z
start-hour/component/cross-coin,E0102,1,C278,ZROUSDT,calm,2026-01-12T05:00Z,calm,2026-01-12T05:00Z,2026-01-12T05:00Z
start-hour/component/cross-coin,E0103,1,C071,FARTCOINUSDT,calm,2026-01-13T16:00Z,calm,2026-01-13T16:00Z,2026-01-13T16:00Z
start-hour/component/cross-coin,E0104,1,C110,FHEUSDT,large,2026-01-14T12:00Z,large,2026-01-14T12:00Z,2026-01-14T12:00Z
start-hour/component/cross-coin,E0105,1,C072,FARTCOINUSDT,calm,2026-01-14T20:00Z,calm,2026-01-14T20:00Z,2026-01-14T20:00Z
start-hour/component/cross-coin,E0106,1,C111,FHEUSDT,large,2026-01-16T14:00Z,large,2026-01-16T14:00Z,2026-01-16T14:00Z
start-hour/component/cross-coin,E0107,1,C112,FHEUSDT,large,2026-01-18T14:00Z,large,2026-01-18T14:00Z,2026-01-18T14:00Z
start-hour/component/cross-coin,E0108,1,C234,NILUSDT,calm,2026-01-18T22:00Z,calm,2026-01-18T22:00Z,2026-01-18T22:00Z
start-hour/component/cross-coin,E0109,2,C113,FHEUSDT,large,2026-01-20T16:00Z,large,2026-01-20T16:00Z,2026-01-20T16:00Z
start-hour/component/cross-coin,E0109,2,C279,ZROUSDT,large,2026-01-20T16:00Z,large,2026-01-20T16:00Z,2026-01-20T16:00Z
start-hour/component/cross-coin,E0110,1,C235,NILUSDT,calm,2026-01-22T08:00Z,calm,2026-01-22T08:00Z,2026-01-22T08:00Z
start-hour/component/cross-coin,E0111,1,C280,ZROUSDT,large,2026-01-22T17:00Z,large,2026-01-22T17:00Z,2026-01-22T17:00Z
start-hour/component/cross-coin,E0112,1,C193,NEWTUSDT,large,2026-01-24T01:00Z,large,2026-01-24T01:00Z,2026-01-24T01:00Z
start-hour/component/cross-coin,E0113,3,C031,BCHUSDT,large,2026-01-30T20:00Z,large,2026-01-30T20:00Z,2026-01-30T20:00Z
start-hour/component/cross-coin,E0113,3,C194,NEWTUSDT,large,2026-01-30T20:00Z,large,2026-01-30T20:00Z,2026-01-30T20:00Z
start-hour/component/cross-coin,E0113,3,C281,ZROUSDT,large,2026-01-30T20:00Z,large,2026-01-30T20:00Z,2026-01-30T20:00Z
start-hour/component/cross-coin,E0114,1,C236,NILUSDT,calm,2026-02-01T21:00Z,calm,2026-02-01T21:00Z,2026-02-01T21:00Z
start-hour/component/cross-coin,E0115,1,C147,KOMAUSDT,calm,2026-02-03T03:00Z,calm,2026-02-03T03:00Z,2026-02-03T03:00Z
start-hour/component/cross-coin,E0116,1,C114,FHEUSDT,large,2026-02-03T15:00Z,large,2026-02-03T15:00Z,2026-02-03T15:00Z
start-hour/component/cross-coin,E0117,1,C282,ZROUSDT,large,2026-02-05T00:00Z,large,2026-02-05T00:00Z,2026-02-05T00:00Z
start-hour/component/cross-coin,E0118,1,C195,NEWTUSDT,large,2026-02-05T01:00Z,large,2026-02-05T01:00Z,2026-02-05T01:00Z
start-hour/component/cross-coin,E0119,1,C032,BCHUSDT,large,2026-02-06T03:00Z,large,2026-02-06T03:00Z,2026-02-06T03:00Z
start-hour/component/cross-coin,E0120,1,C115,FHEUSDT,large,2026-02-09T14:00Z,large,2026-02-09T14:00Z,2026-02-09T14:00Z
start-hour/component/cross-coin,E0121,1,C237,NILUSDT,large,2026-02-10T11:00Z,large,2026-02-10T11:00Z,2026-02-10T11:00Z
start-hour/component/cross-coin,E0122,1,C283,ZROUSDT,large,2026-02-10T14:00Z,large,2026-02-10T14:00Z,2026-02-10T14:00Z
start-hour/component/cross-coin,E0123,1,C073,FARTCOINUSDT,calm,2026-02-11T10:00Z,calm,2026-02-11T10:00Z,2026-02-11T10:00Z
start-hour/component/cross-coin,E0124,1,C116,FHEUSDT,large,2026-02-11T14:00Z,large,2026-02-11T14:00Z,2026-02-11T14:00Z
start-hour/component/cross-coin,E0125,1,C033,BCHUSDT,large,2026-02-12T22:00Z,large,2026-02-12T22:00Z,2026-02-12T22:00Z
start-hour/component/cross-coin,E0126,1,C117,FHEUSDT,large,2026-02-15T06:00Z,large,2026-02-15T06:00Z,2026-02-15T06:00Z
start-hour/component/cross-coin,E0127,1,C074,FARTCOINUSDT,calm,2026-02-17T17:00Z,calm,2026-02-17T17:00Z,2026-02-17T17:00Z
start-hour/component/cross-coin,E0128,1,C284,ZROUSDT,large,2026-02-19T16:00Z,large,2026-02-19T16:00Z,2026-02-19T16:00Z
start-hour/component/cross-coin,E0129,1,C034,BCHUSDT,large,2026-02-23T00:00Z,large,2026-02-23T00:00Z,2026-02-23T00:00Z
start-hour/component/cross-coin,E0130,1,C196,NEWTUSDT,large,2026-02-26T12:00Z,large,2026-02-26T12:00Z,2026-02-26T12:00Z
start-hour/component/cross-coin,E0131,1,C118,FHEUSDT,calm,2026-02-28T08:00Z,calm,2026-02-28T08:00Z,2026-02-28T08:00Z
start-hour/component/cross-coin,E0132,1,C285,ZROUSDT,large,2026-02-28T09:00Z,large,2026-02-28T09:00Z,2026-02-28T09:00Z
start-hour/component/cross-coin,E0133,1,C075,FARTCOINUSDT,calm,2026-03-02T05:00Z,calm,2026-03-02T05:00Z,2026-03-02T05:00Z
start-hour/component/cross-coin,E0134,1,C238,NILUSDT,calm,2026-03-02T09:00Z,calm,2026-03-02T09:00Z,2026-03-02T09:00Z
start-hour/component/cross-coin,E0135,1,C119,FHEUSDT,calm,2026-03-03T03:00Z,calm,2026-03-03T03:00Z,2026-03-03T03:00Z
start-hour/component/cross-coin,E0136,1,C120,FHEUSDT,large,2026-03-06T13:00Z,large,2026-03-06T13:00Z,2026-03-06T13:00Z
start-hour/component/cross-coin,E0137,1,C035,BCHUSDT,calm,2026-03-07T23:00Z,calm,2026-03-07T23:00Z,2026-03-07T23:00Z
start-hour/component/cross-coin,E0138,1,C239,NILUSDT,calm,2026-03-08T22:00Z,calm,2026-03-08T22:00Z,2026-03-08T22:00Z
start-hour/component/cross-coin,E0139,1,C076,FARTCOINUSDT,calm,2026-03-10T00:00Z,calm,2026-03-10T00:00Z,2026-03-10T00:00Z
start-hour/component/cross-coin,E0140,2,C121,FHEUSDT,calm,2026-03-12T23:00Z,calm,2026-03-12T23:00Z,2026-03-12T23:00Z
start-hour/component/cross-coin,E0140,2,C286,ZROUSDT,calm,2026-03-12T23:00Z,calm,2026-03-12T23:00Z,2026-03-12T23:00Z
start-hour/component/cross-coin,E0141,1,C077,FARTCOINUSDT,large,2026-03-16T02:00Z,large,2026-03-16T02:00Z,2026-03-16T02:00Z
start-hour/component/cross-coin,E0142,1,C148,KOMAUSDT,calm,2026-03-16T10:00Z,calm,2026-03-16T10:00Z,2026-03-16T10:00Z
start-hour/component/cross-coin,E0143,1,C036,BCHUSDT,calm,2026-03-18T17:00Z,calm,2026-03-18T17:00Z,2026-03-18T17:00Z
start-hour/component/cross-coin,E0144,1,C287,ZROUSDT,calm,2026-03-19T19:00Z,calm,2026-03-19T19:00Z,2026-03-19T19:00Z
start-hour/component/cross-coin,E0145,1,C037,BCHUSDT,calm,2026-03-21T21:00Z,calm,2026-03-21T21:00Z,2026-03-21T21:00Z
start-hour/component/cross-coin,E0146,1,C288,ZROUSDT,large,2026-03-23T01:00Z,large,2026-03-23T01:00Z,2026-03-23T01:00Z
start-hour/component/cross-coin,E0147,1,C240,NILUSDT,calm,2026-03-25T03:00Z,calm,2026-03-25T03:00Z,2026-03-25T03:00Z
start-hour/component/cross-coin,E0148,1,C038,BCHUSDT,calm,2026-03-30T04:00Z,calm,2026-03-30T04:00Z,2026-03-30T04:00Z
start-hour/component/cross-coin,E0149,1,C149,KOMAUSDT,large,2026-04-04T13:00Z,large,2026-04-04T13:00Z,2026-04-04T13:00Z
start-hour/component/cross-coin,E0150,1,C150,KOMAUSDT,large,2026-04-06T15:00Z,large,2026-04-06T15:00Z,2026-04-06T15:00Z
start-hour/component/cross-coin,E0151,1,C289,ZROUSDT,large,2026-04-07T03:00Z,large,2026-04-07T03:00Z,2026-04-07T03:00Z
start-hour/component/cross-coin,E0152,1,C241,NILUSDT,calm,2026-04-08T02:00Z,calm,2026-04-08T02:00Z,2026-04-08T02:00Z
start-hour/component/cross-coin,E0153,1,C078,FARTCOINUSDT,large,2026-04-08T23:00Z,large,2026-04-08T23:00Z,2026-04-08T23:00Z
start-hour/component/cross-coin,E0154,1,C197,NEWTUSDT,calm,2026-04-10T16:00Z,calm,2026-04-10T16:00Z,2026-04-10T16:00Z
start-hour/component/cross-coin,E0155,1,C122,FHEUSDT,calm,2026-04-12T11:00Z,calm,2026-04-12T11:00Z,2026-04-12T11:00Z
start-hour/component/cross-coin,E0156,1,C151,KOMAUSDT,large,2026-04-13T02:00Z,large,2026-04-13T02:00Z,2026-04-13T02:00Z
start-hour/component/cross-coin,E0157,1,C242,NILUSDT,calm,2026-04-14T12:00Z,calm,2026-04-14T12:00Z,2026-04-14T12:00Z
start-hour/component/cross-coin,E0158,1,C152,KOMAUSDT,large,2026-04-15T06:00Z,large,2026-04-15T06:00Z,2026-04-15T06:00Z
start-hour/component/cross-coin,E0159,1,C123,FHEUSDT,large,2026-04-17T06:00Z,large,2026-04-17T06:00Z,2026-04-17T06:00Z
start-hour/component/cross-coin,E0160,1,C153,KOMAUSDT,large,2026-04-18T05:00Z,large,2026-04-18T05:00Z,2026-04-18T05:00Z
start-hour/component/cross-coin,E0161,1,C290,ZROUSDT,large,2026-04-18T07:00Z,large,2026-04-18T07:00Z,2026-04-18T07:00Z
start-hour/component/cross-coin,E0162,1,C079,FARTCOINUSDT,calm,2026-04-19T00:00Z,calm,2026-04-19T00:00Z,2026-04-19T00:00Z
start-hour/component/cross-coin,E0163,1,C039,BCHUSDT,calm,2026-04-20T03:00Z,calm,2026-04-20T03:00Z,2026-04-20T03:00Z
start-hour/component/cross-coin,E0164,2,C080,FARTCOINUSDT,calm,2026-04-20T12:00Z,calm+large,2026-04-20T12:00Z,2026-04-20T12:00Z
start-hour/component/cross-coin,E0164,2,C198,NEWTUSDT,large,2026-04-20T12:00Z,calm+large,2026-04-20T12:00Z,2026-04-20T12:00Z
start-hour/component/cross-coin,E0165,1,C040,BCHUSDT,calm,2026-04-20T23:00Z,calm,2026-04-20T23:00Z,2026-04-20T23:00Z
start-hour/component/cross-coin,E0166,1,C154,KOMAUSDT,calm,2026-04-22T04:00Z,calm,2026-04-22T04:00Z,2026-04-22T04:00Z
start-hour/component/cross-coin,E0167,1,C041,BCHUSDT,calm,2026-04-22T19:00Z,calm,2026-04-22T19:00Z,2026-04-22T19:00Z
start-hour/component/cross-coin,E0168,1,C081,FARTCOINUSDT,calm,2026-04-28T10:00Z,calm,2026-04-28T10:00Z,2026-04-28T10:00Z
start-hour/component/cross-coin,E0169,1,C291,ZROUSDT,calm,2026-04-30T04:00Z,calm,2026-04-30T04:00Z,2026-04-30T04:00Z
start-hour/component/cross-coin,E0170,1,C292,ZROUSDT,calm,2026-04-30T19:00Z,calm,2026-04-30T19:00Z,2026-04-30T19:00Z
start-hour/component/cross-coin,E0171,1,C155,KOMAUSDT,calm,2026-05-01T06:00Z,calm,2026-05-01T06:00Z,2026-05-01T06:00Z
start-hour/component/cross-coin,E0172,1,C082,FARTCOINUSDT,calm,2026-05-01T23:00Z,calm,2026-05-01T23:00Z,2026-05-01T23:00Z
start-hour/component/cross-coin,E0173,1,C124,FHEUSDT,large,2026-05-02T01:00Z,large,2026-05-02T01:00Z,2026-05-02T01:00Z
start-hour/component/cross-coin,E0174,1,C125,FHEUSDT,large,2026-05-04T21:00Z,large,2026-05-04T21:00Z,2026-05-04T21:00Z
start-hour/component/cross-coin,E0175,1,C199,NEWTUSDT,calm,2026-05-05T21:00Z,calm,2026-05-05T21:00Z,2026-05-05T21:00Z
start-hour/component/cross-coin,E0176,1,C243,NILUSDT,large,2026-05-06T23:00Z,large,2026-05-06T23:00Z,2026-05-06T23:00Z
start-hour/component/cross-coin,E0177,1,C042,BCHUSDT,calm,2026-05-07T15:00Z,calm,2026-05-07T15:00Z,2026-05-07T15:00Z
start-hour/component/cross-coin,E0178,1,C001,AVGOUSDT,calm,2026-05-07T20:00Z,calm,2026-05-07T20:00Z,2026-05-07T20:00Z
start-hour/component/cross-coin,E0179,1,C083,FARTCOINUSDT,calm,2026-05-09T08:00Z,calm,2026-05-09T08:00Z,2026-05-09T08:00Z
start-hour/component/cross-coin,E0180,1,C084,FARTCOINUSDT,calm,2026-05-13T16:00Z,calm,2026-05-13T16:00Z,2026-05-13T16:00Z
start-hour/component/cross-coin,E0181,1,C085,FARTCOINUSDT,calm,2026-05-15T01:00Z,calm,2026-05-15T01:00Z,2026-05-15T01:00Z
start-hour/component/cross-coin,E0182,1,C126,FHEUSDT,calm,2026-05-15T09:00Z,calm,2026-05-15T09:00Z,2026-05-15T09:00Z
start-hour/component/cross-coin,E0183,1,C043,BCHUSDT,large,2026-05-17T12:00Z,large,2026-05-17T12:00Z,2026-05-17T12:00Z
start-hour/component/cross-coin,E0184,1,C293,ZROUSDT,calm,2026-05-18T19:00Z,calm,2026-05-18T19:00Z,2026-05-18T19:00Z
start-hour/component/cross-coin,E0185,1,C294,ZROUSDT,calm,2026-05-19T13:00Z,calm,2026-05-19T13:00Z,2026-05-19T13:00Z
start-hour/component/cross-coin,E0186,1,C244,NILUSDT,large,2026-05-20T01:00Z,large,2026-05-20T01:00Z,2026-05-20T01:00Z
start-hour/component/cross-coin,E0187,1,C245,NILUSDT,large,2026-05-23T20:00Z,large,2026-05-23T20:00Z,2026-05-23T20:00Z
start-hour/component/cross-coin,E0188,1,C002,AVGOUSDT,calm,2026-05-23T22:00Z,calm,2026-05-23T22:00Z,2026-05-23T22:00Z
start-hour/component/cross-coin,E0189,1,C200,NEWTUSDT,calm,2026-05-25T21:00Z,calm,2026-05-25T21:00Z,2026-05-25T21:00Z
start-hour/component/cross-coin,E0190,1,C044,BCHUSDT,large,2026-05-27T16:00Z,large,2026-05-27T16:00Z,2026-05-27T16:00Z
start-hour/component/cross-coin,E0191,1,C127,FHEUSDT,calm,2026-05-28T00:00Z,calm,2026-05-28T00:00Z,2026-05-28T00:00Z
start-hour/component/cross-coin,E0192,1,C156,KOMAUSDT,large,2026-05-28T11:00Z,large,2026-05-28T11:00Z,2026-05-28T11:00Z
start-hour/component/cross-coin,E0193,1,C201,NEWTUSDT,large,2026-05-28T21:00Z,large,2026-05-28T21:00Z,2026-05-28T21:00Z
start-hour/component/cross-coin,E0194,1,C246,NILUSDT,calm,2026-05-30T05:00Z,calm,2026-05-30T05:00Z,2026-05-30T05:00Z
start-hour/component/cross-coin,E0195,1,C295,ZROUSDT,calm,2026-05-30T08:00Z,calm,2026-05-30T08:00Z,2026-05-30T08:00Z
start-hour/component/cross-coin,E0196,1,C128,FHEUSDT,large,2026-05-31T06:00Z,large,2026-05-31T06:00Z,2026-05-31T06:00Z
start-hour/component/cross-coin,E0197,1,C003,AVGOUSDT,large,2026-06-01T10:00Z,large,2026-06-01T10:00Z,2026-06-01T10:00Z
start-hour/component/cross-coin,E0198,1,C045,BCHUSDT,large,2026-06-02T04:00Z,large,2026-06-02T04:00Z,2026-06-02T04:00Z
start-hour/component/cross-coin,E0199,1,C004,AVGOUSDT,large,2026-06-03T12:00Z,large,2026-06-03T12:00Z,2026-06-03T12:00Z
start-hour/component/cross-coin,E0200,1,C247,NILUSDT,large,2026-06-03T22:00Z,large,2026-06-03T22:00Z,2026-06-03T22:00Z
start-hour/component/cross-coin,E0201,2,C086,FARTCOINUSDT,large,2026-06-04T19:00Z,large,2026-06-04T19:00Z,2026-06-04T19:00Z
start-hour/component/cross-coin,E0201,2,C296,ZROUSDT,large,2026-06-04T19:00Z,large,2026-06-04T19:00Z,2026-06-04T19:00Z
start-hour/component/cross-coin,E0202,1,C255,NOKUSDT,large,2026-06-05T03:00Z,large,2026-06-05T03:00Z,2026-06-05T03:00Z
start-hour/component/cross-coin,E0203,2,C046,BCHUSDT,large,2026-06-05T05:00Z,large,2026-06-05T05:00Z,2026-06-05T05:00Z
start-hour/component/cross-coin,E0203,2,C202,NEWTUSDT,large,2026-06-05T05:00Z,large,2026-06-05T05:00Z,2026-06-05T05:00Z
start-hour/component/cross-coin,E0204,1,C005,AVGOUSDT,large,2026-06-05T12:00Z,large,2026-06-05T12:00Z,2026-06-05T12:00Z
start-hour/component/cross-coin,E0205,1,C047,BCHUSDT,large,2026-06-08T01:00Z,large,2026-06-08T01:00Z,2026-06-08T01:00Z
start-hour/component/cross-coin,E0206,1,C087,FARTCOINUSDT,calm,2026-06-08T14:00Z,calm,2026-06-08T14:00Z,2026-06-08T14:00Z
start-hour/component/cross-coin,E0207,1,C256,NOKUSDT,calm,2026-06-09T00:00Z,calm,2026-06-09T00:00Z,2026-06-09T00:00Z
start-hour/component/cross-coin,E0208,1,C297,ZROUSDT,calm,2026-06-09T18:00Z,calm,2026-06-09T18:00Z,2026-06-09T18:00Z
start-hour/component/cross-coin,E0209,1,C298,ZROUSDT,calm,2026-06-09T21:00Z,calm,2026-06-09T21:00Z,2026-06-09T21:00Z
start-hour/component/cross-coin,E0210,1,C157,KOMAUSDT,large,2026-06-10T01:00Z,large,2026-06-10T01:00Z,2026-06-10T01:00Z
start-hour/component/cross-coin,E0211,1,C006,AVGOUSDT,calm,2026-06-10T07:00Z,calm,2026-06-10T07:00Z,2026-06-10T07:00Z
start-hour/component/cross-coin,E0212,1,C203,NEWTUSDT,calm,2026-06-14T12:00Z,calm,2026-06-14T12:00Z,2026-06-14T12:00Z
start-hour/component/cross-coin,E0213,2,C048,BCHUSDT,large,2026-06-14T15:00Z,large,2026-06-14T15:00Z,2026-06-14T15:00Z
start-hour/component/cross-coin,E0213,2,C299,ZROUSDT,large,2026-06-14T15:00Z,large,2026-06-14T15:00Z,2026-06-14T15:00Z
start-hour/component/cross-coin,E0214,1,C088,FARTCOINUSDT,large,2026-06-14T18:00Z,large,2026-06-14T18:00Z,2026-06-14T18:00Z
start-hour/component/cross-coin,E0215,1,C158,KOMAUSDT,large,2026-06-16T12:00Z,large,2026-06-16T12:00Z,2026-06-16T12:00Z
start-hour/component/cross-coin,E0216,1,C257,NOKUSDT,calm,2026-06-16T21:00Z,calm,2026-06-16T21:00Z,2026-06-16T21:00Z
start-hour/component/cross-coin,E0217,1,C049,BCHUSDT,large,2026-06-17T16:00Z,large,2026-06-17T16:00Z,2026-06-17T16:00Z
start-hour/component/cross-coin,E0218,1,C204,NEWTUSDT,calm,2026-06-18T00:00Z,calm,2026-06-18T00:00Z,2026-06-18T00:00Z
start-hour/component/cross-coin,E0219,1,C205,NEWTUSDT,calm,2026-06-19T21:00Z,calm,2026-06-19T21:00Z,2026-06-19T21:00Z
start-hour/component/cross-coin,E0220,1,C206,NEWTUSDT,calm,2026-06-21T08:00Z,calm,2026-06-21T08:00Z,2026-06-21T08:00Z
start-hour/component/cross-coin,E0221,1,C159,KOMAUSDT,large,2026-06-22T04:00Z,large,2026-06-22T04:00Z,2026-06-22T04:00Z
start-hour/component/cross-coin,E0222,1,C007,AVGOUSDT,large,2026-06-22T13:00Z,large,2026-06-22T13:00Z,2026-06-22T13:00Z
start-hour/component/cross-coin,E0223,1,C258,NOKUSDT,calm,2026-06-23T19:00Z,calm,2026-06-23T19:00Z,2026-06-23T19:00Z
start-hour/component/cross-coin,E0224,1,C207,NEWTUSDT,large,2026-06-24T14:00Z,large,2026-06-24T14:00Z,2026-06-24T14:00Z
start-hour/component/cross-coin,E0225,1,C160,KOMAUSDT,calm,2026-06-25T23:00Z,calm,2026-06-25T23:00Z,2026-06-25T23:00Z
start-hour/component/cross-coin,E0226,1,C300,ZROUSDT,calm,2026-06-26T04:00Z,calm,2026-06-26T04:00Z,2026-06-26T04:00Z
start-hour/component/cross-coin,E0227,1,C089,FARTCOINUSDT,calm,2026-06-26T22:00Z,calm,2026-06-26T22:00Z,2026-06-26T22:00Z
start-hour/component/cross-coin,E0228,1,C259,NOKUSDT,calm,2026-06-28T14:00Z,calm,2026-06-28T14:00Z,2026-06-28T14:00Z
start-hour/component/cross-coin,E0229,1,C301,ZROUSDT,calm,2026-06-28T17:00Z,calm,2026-06-28T17:00Z,2026-06-28T17:00Z
start-hour/component/cross-coin,E0230,1,C129,FHEUSDT,calm,2026-06-29T10:00Z,calm,2026-06-29T10:00Z,2026-06-29T10:00Z
start-hour/component/cross-coin,E0231,1,C090,FARTCOINUSDT,large,2026-07-02T07:00Z,large,2026-07-02T07:00Z,2026-07-02T07:00Z
start-hour/component/cross-coin,E0232,1,C008,AVGOUSDT,calm,2026-07-03T05:00Z,calm,2026-07-03T05:00Z,2026-07-03T05:00Z
start-hour/component/cross-coin,E0233,1,C161,KOMAUSDT,calm,2026-07-03T11:00Z,calm,2026-07-03T11:00Z,2026-07-03T11:00Z
start-hour/component/cross-coin,E0234,1,C162,KOMAUSDT,calm,2026-07-04T02:00Z,calm,2026-07-04T02:00Z,2026-07-04T02:00Z
start-hour/component/cross-coin,E0235,1,C163,KOMAUSDT,calm,2026-07-05T21:00Z,calm,2026-07-05T21:00Z,2026-07-05T21:00Z
start-hour/component/cross-coin,E0236,1,C248,NILUSDT,calm,2026-07-07T00:00Z,calm,2026-07-07T00:00Z,2026-07-07T00:00Z
start-hour/component/cross-coin,E0237,1,C164,KOMAUSDT,calm,2026-07-07T06:00Z,calm,2026-07-07T06:00Z,2026-07-07T06:00Z
start-hour/component/cross-coin,E0238,1,C009,AVGOUSDT,large,2026-07-08T12:00Z,large,2026-07-08T12:00Z,2026-07-08T12:00Z
start-hour/component/cross-coin,E0239,1,C208,NEWTUSDT,calm,2026-07-09T00:00Z,calm,2026-07-09T00:00Z,2026-07-09T00:00Z
start-hour/component/cross-coin,E0240,1,C209,NEWTUSDT,calm,2026-07-11T03:00Z,calm,2026-07-11T03:00Z,2026-07-11T03:00Z
start-hour/component/cross-coin,E0241,1,C302,ZROUSDT,calm,2026-07-11T04:00Z,calm,2026-07-11T04:00Z,2026-07-11T04:00Z
start-hour/component/cross-coin,E0242,1,C165,KOMAUSDT,calm,2026-07-12T01:00Z,calm,2026-07-12T01:00Z,2026-07-12T01:00Z
start-hour/component/cross-coin,E0243,1,C130,FHEUSDT,calm,2026-07-13T15:00Z,calm,2026-07-13T15:00Z,2026-07-13T15:00Z
start-hour/component/cross-coin,E0244,1,C010,AVGOUSDT,calm,2026-07-16T00:00Z,calm,2026-07-16T00:00Z,2026-07-16T00:00Z
start-hour/component/cross-coin,E0245,1,C260,NOKUSDT,large,2026-07-16T06:00Z,large,2026-07-16T06:00Z,2026-07-16T06:00Z
start-hour/component/cross-coin,E0246,1,C011,AVGOUSDT,calm,2026-07-16T14:00Z,calm,2026-07-16T14:00Z,2026-07-16T14:00Z
start-hour/component/cross-coin,E0247,1,C210,NEWTUSDT,calm,2026-07-17T23:00Z,calm,2026-07-17T23:00Z,2026-07-17T23:00Z
start-hour/component/cross-coin,E0248,1,C211,NEWTUSDT,calm,2026-07-18T10:00Z,calm,2026-07-18T10:00Z,2026-07-18T10:00Z
start-hour/component/cross-coin,E0249,1,C091,FARTCOINUSDT,calm,2026-07-19T00:00Z,calm,2026-07-19T00:00Z,2026-07-19T00:00Z
start-hour/component/cross-coin,E0250,1,C166,KOMAUSDT,large,2026-07-19T21:00Z,large,2026-07-19T21:00Z,2026-07-19T21:00Z
start-hour/component/cross-coin,E0251,1,C261,NOKUSDT,large,2026-07-23T07:00Z,large,2026-07-23T07:00Z,2026-07-23T07:00Z
start-hour/component/cross-coin,E0252,1,C012,AVGOUSDT,calm,2026-07-24T06:00Z,calm,2026-07-24T06:00Z,2026-07-24T06:00Z
start-hour/component/cross-coin,E0253,1,C167,KOMAUSDT,calm,2026-07-25T15:00Z,calm,2026-07-25T15:00Z,2026-07-25T15:00Z
start-hour/component/cross-coin,E0254,1,C249,NILUSDT,large,2026-07-26T11:00Z,large,2026-07-26T11:00Z,2026-07-26T11:00Z
start-hour/component/cross-coin,E0255,1,C212,NEWTUSDT,calm,2026-07-26T20:00Z,calm,2026-07-26T20:00Z,2026-07-26T20:00Z
start-hour/component/cross-coin,E0256,1,C050,BCHUSDT,calm,2026-07-28T19:00Z,calm,2026-07-28T19:00Z,2026-07-28T19:00Z
start-hour/component/cross-coin,E0257,1,C051,BCHUSDT,calm,2026-07-29T02:00Z,calm,2026-07-29T02:00Z,2026-07-29T02:00Z
start-hour/component/cross-coin,E0258,1,C262,NOKUSDT,large,2026-07-30T07:00Z,large,2026-07-30T07:00Z,2026-07-30T07:00Z
start-hour/component/cross-coin,E0259,1,C168,KOMAUSDT,large,2026-07-30T08:00Z,large,2026-07-30T08:00Z,2026-07-30T08:00Z
start-hour/component/cross-coin,E0260,1,C052,BCHUSDT,calm,2026-07-30T09:00Z,calm,2026-07-30T09:00Z,2026-07-30T09:00Z
start-hour/component/cross-coin,E0261,1,C169,KOMAUSDT,large,2026-08-01T10:00Z,large,2026-08-01T10:00Z,2026-08-01T10:00Z
start-hour/component/cross-coin,E0262,1,C013,AVGOUSDT,large,2026-08-03T18:00Z,large,2026-08-03T18:00Z,2026-08-03T18:00Z
start-hour/component/cross-coin,E0263,1,C170,KOMAUSDT,large,2026-08-03T21:00Z,large,2026-08-03T21:00Z,2026-08-03T21:00Z
start-hour/component/cross-coin,E0264,1,C053,BCHUSDT,calm,2026-08-04T20:00Z,calm,2026-08-04T20:00Z,2026-08-04T20:00Z
start-hour/component/cross-coin,E0265,1,C092,FARTCOINUSDT,calm,2026-08-05T17:00Z,calm,2026-08-05T17:00Z,2026-08-05T17:00Z
start-hour/component/cross-coin,E0266,1,C093,FARTCOINUSDT,calm,2026-08-05T21:00Z,calm,2026-08-05T21:00Z,2026-08-05T21:00Z
start-hour/component/cross-coin,E0267,1,C171,KOMAUSDT,large,2026-08-06T03:00Z,large,2026-08-06T03:00Z,2026-08-06T03:00Z
start-hour/component/cross-coin,E0268,1,C250,NILUSDT,large,2026-08-06T19:00Z,large,2026-08-06T19:00Z,2026-08-06T19:00Z
start-hour/component/cross-coin,E0269,1,C251,NILUSDT,large,2026-08-09T05:00Z,large,2026-08-09T05:00Z,2026-08-09T05:00Z
start-hour/component/cross-coin,E0270,1,C131,FHEUSDT,calm,2026-08-09T13:00Z,calm,2026-08-09T13:00Z,2026-08-09T13:00Z
start-hour/component/cross-coin,E0271,1,C303,ZROUSDT,calm,2026-08-09T14:00Z,calm,2026-08-09T14:00Z,2026-08-09T14:00Z
start-hour/component/cross-coin,E0272,1,C263,NOKUSDT,large,2026-08-11T12:00Z,large,2026-08-11T12:00Z,2026-08-11T12:00Z
start-hour/component/cross-coin,E0273,1,C132,FHEUSDT,calm,2026-08-11T15:00Z,calm,2026-08-11T15:00Z,2026-08-11T15:00Z
start-hour/component/cross-coin,E0274,1,C252,NILUSDT,large,2026-08-11T23:00Z,large,2026-08-11T23:00Z,2026-08-11T23:00Z
start-hour/component/cross-coin,E0275,1,C304,ZROUSDT,calm,2026-08-13T07:00Z,calm,2026-08-13T07:00Z,2026-08-13T07:00Z
start-hour/component/cross-coin,E0276,1,C014,AVGOUSDT,large,2026-08-13T19:00Z,large,2026-08-13T19:00Z,2026-08-13T19:00Z
start-hour/component/cross-coin,E0277,1,C253,NILUSDT,large,2026-08-14T19:00Z,large,2026-08-14T19:00Z,2026-08-14T19:00Z
start-hour/component/cross-coin,E0278,1,C264,NOKUSDT,calm,2026-08-15T13:00Z,calm,2026-08-15T13:00Z,2026-08-15T13:00Z
start-hour/component/cross-coin,E0279,1,C172,KOMAUSDT,calm,2026-08-17T03:00Z,calm,2026-08-17T03:00Z,2026-08-17T03:00Z
start-hour/component/cross-coin,E0280,1,C133,FHEUSDT,calm,2026-08-21T01:00Z,calm,2026-08-21T01:00Z,2026-08-21T01:00Z
start-hour/component/cross-coin,E0281,1,C054,BCHUSDT,large,2026-08-21T03:00Z,large,2026-08-21T03:00Z,2026-08-21T03:00Z
start-hour/component/cross-coin,E0282,1,C213,NEWTUSDT,large,2026-08-21T04:00Z,large,2026-08-21T04:00Z,2026-08-21T04:00Z
start-hour/component/cross-coin,E0283,1,C094,FARTCOINUSDT,large,2026-08-21T05:00Z,large,2026-08-21T05:00Z,2026-08-21T05:00Z
start-hour/component/cross-coin,E0284,1,C173,KOMAUSDT,large,2026-08-22T05:00Z,large,2026-08-22T05:00Z,2026-08-22T05:00Z
start-hour/component/cross-coin,E0285,1,C305,ZROUSDT,large,2026-08-22T08:00Z,large,2026-08-22T08:00Z,2026-08-22T08:00Z
start-hour/component/cross-coin,E0286,1,C214,NEWTUSDT,calm,2026-08-24T08:00Z,calm,2026-08-24T08:00Z,2026-08-24T08:00Z
start-hour/component/cross-coin,E0287,1,C134,FHEUSDT,calm,2026-08-24T13:00Z,calm,2026-08-24T13:00Z,2026-08-24T13:00Z
start-hour/component/cross-coin,E0288,1,C306,ZROUSDT,large,2026-08-24T17:00Z,large,2026-08-24T17:00Z,2026-08-24T17:00Z
start-hour/component/cross-coin,E0289,2,C174,KOMAUSDT,large,2026-08-28T19:00Z,large,2026-08-28T19:00Z,2026-08-28T19:00Z
start-hour/component/cross-coin,E0289,2,C254,NILUSDT,large,2026-08-28T19:00Z,large,2026-08-28T19:00Z,2026-08-28T19:00Z
move-window/component/any,E0001,3,C135,KOMAUSDT,calm,2025-09-03T01:00Z,calm,2025-09-02T14:00Z,2025-09-03T10:00Z
move-window/component/any,E0001,3,C215,NILUSDT,calm,2025-09-03T10:00Z,calm,2025-09-02T14:00Z,2025-09-03T10:00Z
move-window/component/any,E0001,3,C267,ZROUSDT,calm,2025-09-02T14:00Z,calm,2025-09-02T14:00Z,2025-09-03T10:00Z
move-window/component/any,E0002,1,C095,FHEUSDT,calm,2025-09-06T07:00Z,calm,2025-09-06T07:00Z,2025-09-06T07:00Z
move-window/component/any,E0003,2,C175,NEWTUSDT,large,2025-09-08T07:00Z,calm+large,2025-09-07T09:00Z,2025-09-08T07:00Z
move-window/component/any,E0003,2,C216,NILUSDT,calm,2025-09-07T09:00Z,calm+large,2025-09-07T09:00Z,2025-09-08T07:00Z
move-window/component/any,E0004,2,C217,NILUSDT,calm,2025-09-09T15:00Z,calm+large,2025-09-09T15:00Z,2025-09-09T19:00Z
move-window/component/any,E0004,2,C265,OMNIUSDT,large,2025-09-09T19:00Z,calm+large,2025-09-09T15:00Z,2025-09-09T19:00Z
move-window/component/any,E0005,2,C176,NEWTUSDT,calm,2025-09-13T11:00Z,calm,2025-09-13T11:00Z,2025-09-13T14:00Z
move-window/component/any,E0005,2,C177,NEWTUSDT,calm,2025-09-13T14:00Z,calm,2025-09-13T11:00Z,2025-09-13T14:00Z
move-window/component/any,E0006,2,C055,FARTCOINUSDT,calm,2025-09-15T22:00Z,calm,2025-09-15T22:00Z,2025-09-16T05:00Z
move-window/component/any,E0006,2,C218,NILUSDT,calm,2025-09-16T05:00Z,calm,2025-09-15T22:00Z,2025-09-16T05:00Z
move-window/component/any,E0007,4,C015,BCHUSDT,calm,2025-09-19T08:00Z,calm,2025-09-17T17:00Z,2025-09-19T21:00Z
move-window/component/any,E0007,4,C096,FHEUSDT,calm,2025-09-17T17:00Z,calm,2025-09-17T17:00Z,2025-09-19T21:00Z
move-window/component/any,E0007,4,C097,FHEUSDT,calm,2025-09-19T21:00Z,calm,2025-09-17T17:00Z,2025-09-19T21:00Z
move-window/component/any,E0007,4,C268,ZROUSDT,calm,2025-09-18T14:00Z,calm,2025-09-17T17:00Z,2025-09-19T21:00Z
move-window/component/any,E0008,5,C016,BCHUSDT,calm,2025-09-21T09:00Z,calm+large,2025-09-21T00:00Z,2025-09-21T16:00Z
move-window/component/any,E0008,5,C056,FARTCOINUSDT,large,2025-09-21T08:00Z,calm+large,2025-09-21T00:00Z,2025-09-21T16:00Z
move-window/component/any,E0008,5,C136,KOMAUSDT,large,2025-09-21T07:00Z,calm+large,2025-09-21T00:00Z,2025-09-21T16:00Z
move-window/component/any,E0008,5,C178,NEWTUSDT,large,2025-09-21T16:00Z,calm+large,2025-09-21T00:00Z,2025-09-21T16:00Z
move-window/component/any,E0008,5,C266,OMNIUSDT,calm,2025-09-21T00:00Z,calm+large,2025-09-21T00:00Z,2025-09-21T16:00Z
move-window/component/any,E0009,1,C269,ZROUSDT,large,2025-09-23T12:00Z,large,2025-09-23T12:00Z,2025-09-23T12:00Z
move-window/component/any,E0010,1,C137,KOMAUSDT,calm,2025-09-28T17:00Z,calm,2025-09-28T17:00Z,2025-09-28T17:00Z
move-window/component/any,E0011,1,C098,FHEUSDT,calm,2025-09-29T18:00Z,calm,2025-09-29T18:00Z,2025-09-29T18:00Z
move-window/component/any,E0012,3,C179,NEWTUSDT,large,2025-09-30T19:00Z,large,2025-09-30T19:00Z,2025-10-01T07:00Z
move-window/component/any,E0012,3,C219,NILUSDT,large,2025-10-01T07:00Z,large,2025-09-30T19:00Z,2025-10-01T07:00Z
move-window/component/any,E0012,3,C270,ZROUSDT,large,2025-10-01T07:00Z,large,2025-09-30T19:00Z,2025-10-01T07:00Z
move-window/component/any,E0013,1,C271,ZROUSDT,calm,2025-10-04T16:00Z,calm,2025-10-04T16:00Z,2025-10-04T16:00Z
move-window/component/any,E0014,3,C057,FARTCOINUSDT,calm,2025-10-06T03:00Z,calm+large,2025-10-06T03:00Z,2025-10-07T05:00Z
move-window/component/any,E0014,3,C138,KOMAUSDT,large,2025-10-07T05:00Z,calm+large,2025-10-06T03:00Z,2025-10-07T05:00Z
move-window/component/any,E0014,3,C220,NILUSDT,calm,2025-10-06T22:00Z,calm+large,2025-10-06T03:00Z,2025-10-07T05:00Z
move-window/component/any,E0015,7,C017,BCHUSDT,large,2025-10-10T02:00Z,large,2025-10-09T10:00Z,2025-10-10T14:00Z
move-window/component/any,E0015,7,C058,FARTCOINUSDT,large,2025-10-10T14:00Z,large,2025-10-09T10:00Z,2025-10-10T14:00Z
move-window/component/any,E0015,7,C099,FHEUSDT,large,2025-10-09T22:00Z,large,2025-10-09T10:00Z,2025-10-10T14:00Z
move-window/component/any,E0015,7,C139,KOMAUSDT,large,2025-10-09T10:00Z,large,2025-10-09T10:00Z,2025-10-10T14:00Z
move-window/component/any,E0015,7,C180,NEWTUSDT,large,2025-10-09T22:00Z,large,2025-10-09T10:00Z,2025-10-10T14:00Z
move-window/component/any,E0015,7,C221,NILUSDT,large,2025-10-10T05:00Z,large,2025-10-09T10:00Z,2025-10-10T14:00Z
move-window/component/any,E0015,7,C272,ZROUSDT,large,2025-10-09T22:00Z,large,2025-10-09T10:00Z,2025-10-10T14:00Z
move-window/component/any,E0016,4,C018,BCHUSDT,large,2025-10-12T02:00Z,large,2025-10-12T02:00Z,2025-10-12T14:00Z
move-window/component/any,E0016,4,C059,FARTCOINUSDT,large,2025-10-12T14:00Z,large,2025-10-12T02:00Z,2025-10-12T14:00Z
move-window/component/any,E0016,4,C181,NEWTUSDT,large,2025-10-12T14:00Z,large,2025-10-12T02:00Z,2025-10-12T14:00Z
move-window/component/any,E0016,4,C273,ZROUSDT,large,2025-10-12T02:00Z,large,2025-10-12T02:00Z,2025-10-12T14:00Z
move-window/component/any,E0017,5,C019,BCHUSDT,large,2025-10-16T09:00Z,calm+large,2025-10-16T08:00Z,2025-10-18T05:00Z
move-window/component/any,E0017,5,C100,FHEUSDT,large,2025-10-17T01:00Z,calm+large,2025-10-16T08:00Z,2025-10-18T05:00Z
move-window/component/any,E0017,5,C140,KOMAUSDT,large,2025-10-17T09:00Z,calm+large,2025-10-16T08:00Z,2025-10-18T05:00Z
move-window/component/any,E0017,5,C182,NEWTUSDT,large,2025-10-16T08:00Z,calm+large,2025-10-16T08:00Z,2025-10-18T05:00Z
move-window/component/any,E0017,5,C222,NILUSDT,calm,2025-10-18T05:00Z,calm+large,2025-10-16T08:00Z,2025-10-18T05:00Z
move-window/component/any,E0018,1,C223,NILUSDT,large,2025-10-21T10:00Z,large,2025-10-21T10:00Z,2025-10-21T10:00Z
move-window/component/any,E0019,1,C020,BCHUSDT,large,2025-10-25T13:00Z,large,2025-10-25T13:00Z,2025-10-25T13:00Z
move-window/component/any,E0020,4,C060,FARTCOINUSDT,large,2025-10-29T21:00Z,calm+large,2025-10-29T10:00Z,2025-10-30T19:00Z
move-window/component/any,E0020,4,C183,NEWTUSDT,large,2025-10-29T21:00Z,calm+large,2025-10-29T10:00Z,2025-10-30T19:00Z
move-window/component/any,E0020,4,C224,NILUSDT,calm,2025-10-29T10:00Z,calm+large,2025-10-29T10:00Z,2025-10-30T19:00Z
move-window/component/any,E0020,4,C225,NILUSDT,calm,2025-10-30T19:00Z,calm+large,2025-10-29T10:00Z,2025-10-30T19:00Z
move-window/component/any,E0021,2,C021,BCHUSDT,calm,2025-11-01T04:00Z,calm,2025-10-31T22:00Z,2025-11-01T04:00Z
move-window/component/any,E0021,2,C101,FHEUSDT,calm,2025-10-31T22:00Z,calm,2025-10-31T22:00Z,2025-11-01T04:00Z
move-window/component/any,E0022,3,C061,FARTCOINUSDT,large,2025-11-03T08:00Z,large,2025-11-02T21:00Z,2025-11-03T08:00Z
move-window/component/any,E0022,3,C184,NEWTUSDT,large,2025-11-02T21:00Z,large,2025-11-02T21:00Z,2025-11-03T08:00Z
move-window/component/any,E0022,3,C226,NILUSDT,large,2025-11-03T00:00Z,large,2025-11-02T21:00Z,2025-11-03T08:00Z
move-window/component/any,E0023,2,C022,BCHUSDT,calm,2025-11-04T23:00Z,calm,2025-11-04T20:00Z,2025-11-04T23:00Z
move-window/component/any,E0023,2,C141,KOMAUSDT,calm,2025-11-04T20:00Z,calm,2025-11-04T20:00Z,2025-11-04T23:00Z
move-window/component/any,E0024,4,C023,BCHUSDT,calm,2025-11-07T08:00Z,calm+large,2025-11-06T08:00Z,2025-11-07T08:00Z
move-window/component/any,E0024,4,C062,FARTCOINUSDT,large,2025-11-06T21:00Z,calm+large,2025-11-06T08:00Z,2025-11-07T08:00Z
move-window/component/any,E0024,4,C185,NEWTUSDT,calm,2025-11-06T14:00Z,calm+large,2025-11-06T08:00Z,2025-11-07T08:00Z
move-window/component/any,E0024,4,C274,ZROUSDT,large,2025-11-06T08:00Z,calm+large,2025-11-06T08:00Z,2025-11-07T08:00Z
move-window/component/any,E0025,5,C024,BCHUSDT,calm,2025-11-15T03:00Z,calm+large,2025-11-14T06:00Z,2025-11-15T21:00Z
move-window/component/any,E0025,5,C102,FHEUSDT,calm,2025-11-14T07:00Z,calm+large,2025-11-14T06:00Z,2025-11-15T21:00Z
move-window/component/any,E0025,5,C142,KOMAUSDT,calm,2025-11-14T06:00Z,calm+large,2025-11-14T06:00Z,2025-11-15T21:00Z
move-window/component/any,E0025,5,C186,NEWTUSDT,calm,2025-11-15T14:00Z,calm+large,2025-11-14T06:00Z,2025-11-15T21:00Z
move-window/component/any,E0025,5,C227,NILUSDT,large,2025-11-15T21:00Z,calm+large,2025-11-14T06:00Z,2025-11-15T21:00Z
move-window/component/any,E0026,1,C275,ZROUSDT,calm,2025-11-17T08:00Z,calm,2025-11-17T08:00Z,2025-11-17T08:00Z
move-window/component/any,E0027,2,C025,BCHUSDT,large,2025-11-18T20:00Z,large,2025-11-18T19:00Z,2025-11-18T20:00Z
move-window/component/any,E0027,2,C228,NILUSDT,large,2025-11-18T19:00Z,large,2025-11-18T19:00Z,2025-11-18T20:00Z
move-window/component/any,E0028,4,C026,BCHUSDT,large,2025-11-21T12:00Z,large,2025-11-20T14:00Z,2025-11-21T12:00Z
move-window/component/any,E0028,4,C063,FARTCOINUSDT,large,2025-11-20T23:00Z,large,2025-11-20T14:00Z,2025-11-21T12:00Z
move-window/component/any,E0028,4,C187,NEWTUSDT,large,2025-11-20T14:00Z,large,2025-11-20T14:00Z,2025-11-21T12:00Z
move-window/component/any,E0028,4,C229,NILUSDT,large,2025-11-20T23:00Z,large,2025-11-20T14:00Z,2025-11-21T12:00Z
move-window/component/any,E0029,1,C064,FARTCOINUSDT,large,2025-11-23T21:00Z,large,2025-11-23T21:00Z,2025-11-23T21:00Z
move-window/component/any,E0030,3,C065,FARTCOINUSDT,large,2025-11-25T22:00Z,calm+large,2025-11-25T22:00Z,2025-11-27T16:00Z
move-window/component/any,E0030,3,C103,FHEUSDT,calm,2025-11-27T16:00Z,calm+large,2025-11-25T22:00Z,2025-11-27T16:00Z
move-window/component/any,E0030,3,C188,NEWTUSDT,calm,2025-11-26T19:00Z,calm+large,2025-11-25T22:00Z,2025-11-27T16:00Z
move-window/component/any,E0031,4,C027,BCHUSDT,large,2025-12-02T05:00Z,calm+large,2025-12-01T16:00Z,2025-12-02T05:00Z
move-window/component/any,E0031,4,C066,FARTCOINUSDT,large,2025-12-01T16:00Z,calm+large,2025-12-01T16:00Z,2025-12-02T05:00Z
move-window/component/any,E0031,4,C189,NEWTUSDT,calm,2025-12-02T05:00Z,calm+large,2025-12-01T16:00Z,2025-12-02T05:00Z
move-window/component/any,E0031,4,C276,ZROUSDT,large,2025-12-01T18:00Z,calm+large,2025-12-01T16:00Z,2025-12-02T05:00Z
move-window/component/any,E0032,1,C067,FARTCOINUSDT,large,2025-12-03T21:00Z,large,2025-12-03T21:00Z,2025-12-03T21:00Z
move-window/component/any,E0033,1,C104,FHEUSDT,large,2025-12-06T19:00Z,large,2025-12-06T19:00Z,2025-12-06T19:00Z
move-window/component/any,E0034,3,C105,FHEUSDT,large,2025-12-09T22:00Z,calm+large,2025-12-09T05:00Z,2025-12-10T07:00Z
move-window/component/any,E0034,3,C230,NILUSDT,large,2025-12-09T05:00Z,calm+large,2025-12-09T05:00Z,2025-12-10T07:00Z
move-window/component/any,E0034,3,C277,ZROUSDT,calm,2025-12-10T07:00Z,calm+large,2025-12-09T05:00Z,2025-12-10T07:00Z
move-window/component/any,E0035,2,C028,BCHUSDT,calm,2025-12-15T02:00Z,calm+large,2025-12-15T02:00Z,2025-12-15T04:00Z
move-window/component/any,E0035,2,C106,FHEUSDT,large,2025-12-15T04:00Z,calm+large,2025-12-15T02:00Z,2025-12-15T04:00Z
move-window/component/any,E0036,1,C231,NILUSDT,calm,2025-12-16T18:00Z,calm,2025-12-16T18:00Z,2025-12-16T18:00Z
move-window/component/any,E0037,5,C029,BCHUSDT,large,2025-12-18T20:00Z,calm+large,2025-12-18T01:00Z,2025-12-19T15:00Z
move-window/component/any,E0037,5,C068,FARTCOINUSDT,large,2025-12-18T01:00Z,calm+large,2025-12-18T01:00Z,2025-12-19T15:00Z
move-window/component/any,E0037,5,C107,FHEUSDT,large,2025-12-19T15:00Z,calm+large,2025-12-18T01:00Z,2025-12-19T15:00Z
move-window/component/any,E0037,5,C143,KOMAUSDT,calm,2025-12-18T05:00Z,calm+large,2025-12-18T01:00Z,2025-12-19T15:00Z
move-window/component/any,E0037,5,C190,NEWTUSDT,large,2025-12-19T13:00Z,calm+large,2025-12-18T01:00Z,2025-12-19T15:00Z
move-window/component/any,E0038,1,C191,NEWTUSDT,large,2025-12-24T11:00Z,large,2025-12-24T11:00Z,2025-12-24T11:00Z
move-window/component/any,E0039,1,C232,NILUSDT,large,2025-12-26T01:00Z,large,2025-12-26T01:00Z,2025-12-26T01:00Z
move-window/component/any,E0040,1,C108,FHEUSDT,calm,2025-12-29T00:00Z,calm,2025-12-29T00:00Z,2025-12-29T00:00Z
move-window/component/any,E0041,1,C144,KOMAUSDT,calm,2025-12-30T01:00Z,calm,2025-12-30T01:00Z,2025-12-30T01:00Z
move-window/component/any,E0042,2,C069,FARTCOINUSDT,large,2026-01-02T03:00Z,calm+large,2026-01-02T03:00Z,2026-01-02T07:00Z
move-window/component/any,E0042,2,C145,KOMAUSDT,calm,2026-01-02T07:00Z,calm+large,2026-01-02T03:00Z,2026-01-02T07:00Z
move-window/component/any,E0043,4,C030,BCHUSDT,calm,2026-01-06T17:00Z,calm+large,2026-01-05T14:00Z,2026-01-07T00:00Z
move-window/component/any,E0043,4,C070,FARTCOINUSDT,large,2026-01-05T14:00Z,calm+large,2026-01-05T14:00Z,2026-01-07T00:00Z
move-window/component/any,E0043,4,C109,FHEUSDT,large,2026-01-06T02:00Z,calm+large,2026-01-05T14:00Z,2026-01-07T00:00Z
move-window/component/any,E0043,4,C233,NILUSDT,calm,2026-01-07T00:00Z,calm+large,2026-01-05T14:00Z,2026-01-07T00:00Z
move-window/component/any,E0044,2,C146,KOMAUSDT,calm,2026-01-08T17:00Z,calm,2026-01-08T17:00Z,2026-01-09T11:00Z
move-window/component/any,E0044,2,C192,NEWTUSDT,calm,2026-01-09T11:00Z,calm,2026-01-08T17:00Z,2026-01-09T11:00Z
move-window/component/any,E0045,1,C278,ZROUSDT,calm,2026-01-12T05:00Z,calm,2026-01-12T05:00Z,2026-01-12T05:00Z
move-window/component/any,E0046,3,C071,FARTCOINUSDT,calm,2026-01-13T16:00Z,calm+large,2026-01-13T16:00Z,2026-01-14T20:00Z
move-window/component/any,E0046,3,C072,FARTCOINUSDT,calm,2026-01-14T20:00Z,calm+large,2026-01-13T16:00Z,2026-01-14T20:00Z
move-window/component/any,E0046,3,C110,FHEUSDT,large,2026-01-14T12:00Z,calm+large,2026-01-13T16:00Z,2026-01-14T20:00Z
move-window/component/any,E0047,1,C111,FHEUSDT,large,2026-01-16T14:00Z,large,2026-01-16T14:00Z,2026-01-16T14:00Z
move-window/component/any,E0048,2,C112,FHEUSDT,large,2026-01-18T14:00Z,calm+large,2026-01-18T14:00Z,2026-01-18T22:00Z
move-window/component/any,E0048,2,C234,NILUSDT,calm,2026-01-18T22:00Z,calm+large,2026-01-18T14:00Z,2026-01-18T22:00Z
move-window/component/any,E0049,2,C113,FHEUSDT,large,2026-01-20T16:00Z,large,2026-01-20T16:00Z,2026-01-20T16:00Z
move-window/component/any,E0049,2,C279,ZROUSDT,large,2026-01-20T16:00Z,large,2026-01-20T16:00Z,2026-01-20T16:00Z
move-window/component/any,E0050,2,C235,NILUSDT,calm,2026-01-22T08:00Z,calm+large,2026-01-22T08:00Z,2026-01-22T17:00Z
move-window/component/any,E0050,2,C280,ZROUSDT,large,2026-01-22T17:00Z,calm+large,2026-01-22T08:00Z,2026-01-22T17:00Z
move-window/component/any,E0051,1,C193,NEWTUSDT,large,2026-01-24T01:00Z,large,2026-01-24T01:00Z,2026-01-24T01:00Z
move-window/component/any,E0052,3,C031,BCHUSDT,large,2026-01-30T20:00Z,large,2026-01-30T20:00Z,2026-01-30T20:00Z
move-window/component/any,E0052,3,C194,NEWTUSDT,large,2026-01-30T20:00Z,large,2026-01-30T20:00Z,2026-01-30T20:00Z
move-window/component/any,E0052,3,C281,ZROUSDT,large,2026-01-30T20:00Z,large,2026-01-30T20:00Z,2026-01-30T20:00Z
move-window/component/any,E0053,1,C236,NILUSDT,calm,2026-02-01T21:00Z,calm,2026-02-01T21:00Z,2026-02-01T21:00Z
move-window/component/any,E0054,2,C114,FHEUSDT,large,2026-02-03T15:00Z,calm+large,2026-02-03T03:00Z,2026-02-03T15:00Z
move-window/component/any,E0054,2,C147,KOMAUSDT,calm,2026-02-03T03:00Z,calm+large,2026-02-03T03:00Z,2026-02-03T15:00Z
move-window/component/any,E0055,2,C195,NEWTUSDT,large,2026-02-05T01:00Z,large,2026-02-05T00:00Z,2026-02-05T01:00Z
move-window/component/any,E0055,2,C282,ZROUSDT,large,2026-02-05T00:00Z,large,2026-02-05T00:00Z,2026-02-05T01:00Z
move-window/component/any,E0056,1,C032,BCHUSDT,large,2026-02-06T03:00Z,large,2026-02-06T03:00Z,2026-02-06T03:00Z
move-window/component/any,E0057,5,C073,FARTCOINUSDT,calm,2026-02-11T10:00Z,calm+large,2026-02-09T14:00Z,2026-02-11T14:00Z
move-window/component/any,E0057,5,C115,FHEUSDT,large,2026-02-09T14:00Z,calm+large,2026-02-09T14:00Z,2026-02-11T14:00Z
move-window/component/any,E0057,5,C116,FHEUSDT,large,2026-02-11T14:00Z,calm+large,2026-02-09T14:00Z,2026-02-11T14:00Z
move-window/component/any,E0057,5,C237,NILUSDT,large,2026-02-10T11:00Z,calm+large,2026-02-09T14:00Z,2026-02-11T14:00Z
move-window/component/any,E0057,5,C283,ZROUSDT,large,2026-02-10T14:00Z,calm+large,2026-02-09T14:00Z,2026-02-11T14:00Z
move-window/component/any,E0058,1,C033,BCHUSDT,large,2026-02-12T22:00Z,large,2026-02-12T22:00Z,2026-02-12T22:00Z
move-window/component/any,E0059,1,C117,FHEUSDT,large,2026-02-15T06:00Z,large,2026-02-15T06:00Z,2026-02-15T06:00Z
move-window/component/any,E0060,1,C074,FARTCOINUSDT,calm,2026-02-17T17:00Z,calm,2026-02-17T17:00Z,2026-02-17T17:00Z
move-window/component/any,E0061,1,C284,ZROUSDT,large,2026-02-19T16:00Z,large,2026-02-19T16:00Z,2026-02-19T16:00Z
move-window/component/any,E0062,1,C034,BCHUSDT,large,2026-02-23T00:00Z,large,2026-02-23T00:00Z,2026-02-23T00:00Z
move-window/component/any,E0063,1,C196,NEWTUSDT,large,2026-02-26T12:00Z,large,2026-02-26T12:00Z,2026-02-26T12:00Z
move-window/component/any,E0064,2,C118,FHEUSDT,calm,2026-02-28T08:00Z,calm+large,2026-02-28T08:00Z,2026-02-28T09:00Z
move-window/component/any,E0064,2,C285,ZROUSDT,large,2026-02-28T09:00Z,calm+large,2026-02-28T08:00Z,2026-02-28T09:00Z
move-window/component/any,E0065,3,C075,FARTCOINUSDT,calm,2026-03-02T05:00Z,calm,2026-03-02T05:00Z,2026-03-03T03:00Z
move-window/component/any,E0065,3,C119,FHEUSDT,calm,2026-03-03T03:00Z,calm,2026-03-02T05:00Z,2026-03-03T03:00Z
move-window/component/any,E0065,3,C238,NILUSDT,calm,2026-03-02T09:00Z,calm,2026-03-02T05:00Z,2026-03-03T03:00Z
move-window/component/any,E0066,1,C120,FHEUSDT,large,2026-03-06T13:00Z,large,2026-03-06T13:00Z,2026-03-06T13:00Z
move-window/component/any,E0067,2,C035,BCHUSDT,calm,2026-03-07T23:00Z,calm,2026-03-07T23:00Z,2026-03-08T22:00Z
move-window/component/any,E0067,2,C239,NILUSDT,calm,2026-03-08T22:00Z,calm,2026-03-07T23:00Z,2026-03-08T22:00Z
move-window/component/any,E0068,1,C076,FARTCOINUSDT,calm,2026-03-10T00:00Z,calm,2026-03-10T00:00Z,2026-03-10T00:00Z
move-window/component/any,E0069,2,C121,FHEUSDT,calm,2026-03-12T23:00Z,calm,2026-03-12T23:00Z,2026-03-12T23:00Z
move-window/component/any,E0069,2,C286,ZROUSDT,calm,2026-03-12T23:00Z,calm,2026-03-12T23:00Z,2026-03-12T23:00Z
move-window/component/any,E0070,2,C077,FARTCOINUSDT,large,2026-03-16T02:00Z,calm+large,2026-03-16T02:00Z,2026-03-16T10:00Z
move-window/component/any,E0070,2,C148,KOMAUSDT,calm,2026-03-16T10:00Z,calm+large,2026-03-16T02:00Z,2026-03-16T10:00Z
move-window/component/any,E0071,1,C036,BCHUSDT,calm,2026-03-18T17:00Z,calm,2026-03-18T17:00Z,2026-03-18T17:00Z
move-window/component/any,E0072,1,C287,ZROUSDT,calm,2026-03-19T19:00Z,calm,2026-03-19T19:00Z,2026-03-19T19:00Z
move-window/component/any,E0073,1,C037,BCHUSDT,calm,2026-03-21T21:00Z,calm,2026-03-21T21:00Z,2026-03-21T21:00Z
move-window/component/any,E0074,1,C288,ZROUSDT,large,2026-03-23T01:00Z,large,2026-03-23T01:00Z,2026-03-23T01:00Z
move-window/component/any,E0075,1,C240,NILUSDT,calm,2026-03-25T03:00Z,calm,2026-03-25T03:00Z,2026-03-25T03:00Z
move-window/component/any,E0076,1,C038,BCHUSDT,calm,2026-03-30T04:00Z,calm,2026-03-30T04:00Z,2026-03-30T04:00Z
move-window/component/any,E0077,1,C149,KOMAUSDT,large,2026-04-04T13:00Z,large,2026-04-04T13:00Z,2026-04-04T13:00Z
move-window/component/any,E0078,4,C078,FARTCOINUSDT,large,2026-04-08T23:00Z,calm+large,2026-04-06T15:00Z,2026-04-08T23:00Z
move-window/component/any,E0078,4,C150,KOMAUSDT,large,2026-04-06T15:00Z,calm+large,2026-04-06T15:00Z,2026-04-08T23:00Z
move-window/component/any,E0078,4,C241,NILUSDT,calm,2026-04-08T02:00Z,calm+large,2026-04-06T15:00Z,2026-04-08T23:00Z
move-window/component/any,E0078,4,C289,ZROUSDT,large,2026-04-07T03:00Z,calm+large,2026-04-06T15:00Z,2026-04-08T23:00Z
move-window/component/any,E0079,1,C197,NEWTUSDT,calm,2026-04-10T16:00Z,calm,2026-04-10T16:00Z,2026-04-10T16:00Z
move-window/component/any,E0080,2,C122,FHEUSDT,calm,2026-04-12T11:00Z,calm+large,2026-04-12T11:00Z,2026-04-13T02:00Z
move-window/component/any,E0080,2,C151,KOMAUSDT,large,2026-04-13T02:00Z,calm+large,2026-04-12T11:00Z,2026-04-13T02:00Z
move-window/component/any,E0081,2,C152,KOMAUSDT,large,2026-04-15T06:00Z,calm+large,2026-04-14T12:00Z,2026-04-15T06:00Z
move-window/component/any,E0081,2,C242,NILUSDT,calm,2026-04-14T12:00Z,calm+large,2026-04-14T12:00Z,2026-04-15T06:00Z
move-window/component/any,E0082,4,C079,FARTCOINUSDT,calm,2026-04-19T00:00Z,calm+large,2026-04-17T06:00Z,2026-04-19T00:00Z
move-window/component/any,E0082,4,C123,FHEUSDT,large,2026-04-17T06:00Z,calm+large,2026-04-17T06:00Z,2026-04-19T00:00Z
move-window/component/any,E0082,4,C153,KOMAUSDT,large,2026-04-18T05:00Z,calm+large,2026-04-17T06:00Z,2026-04-19T00:00Z
move-window/component/any,E0082,4,C290,ZROUSDT,large,2026-04-18T07:00Z,calm+large,2026-04-17T06:00Z,2026-04-19T00:00Z
move-window/component/any,E0083,4,C039,BCHUSDT,calm,2026-04-20T03:00Z,calm+large,2026-04-20T03:00Z,2026-04-20T23:00Z
move-window/component/any,E0083,4,C040,BCHUSDT,calm,2026-04-20T23:00Z,calm+large,2026-04-20T03:00Z,2026-04-20T23:00Z
move-window/component/any,E0083,4,C080,FARTCOINUSDT,calm,2026-04-20T12:00Z,calm+large,2026-04-20T03:00Z,2026-04-20T23:00Z
move-window/component/any,E0083,4,C198,NEWTUSDT,large,2026-04-20T12:00Z,calm+large,2026-04-20T03:00Z,2026-04-20T23:00Z
move-window/component/any,E0084,2,C041,BCHUSDT,calm,2026-04-22T19:00Z,calm,2026-04-22T04:00Z,2026-04-22T19:00Z
move-window/component/any,E0084,2,C154,KOMAUSDT,calm,2026-04-22T04:00Z,calm,2026-04-22T04:00Z,2026-04-22T19:00Z
move-window/component/any,E0085,1,C081,FARTCOINUSDT,calm,2026-04-28T10:00Z,calm,2026-04-28T10:00Z,2026-04-28T10:00Z
move-window/component/any,E0086,5,C082,FARTCOINUSDT,calm,2026-05-01T23:00Z,calm+large,2026-04-30T04:00Z,2026-05-02T01:00Z
move-window/component/any,E0086,5,C124,FHEUSDT,large,2026-05-02T01:00Z,calm+large,2026-04-30T04:00Z,2026-05-02T01:00Z
move-window/component/any,E0086,5,C155,KOMAUSDT,calm,2026-05-01T06:00Z,calm+large,2026-04-30T04:00Z,2026-05-02T01:00Z
move-window/component/any,E0086,5,C291,ZROUSDT,calm,2026-04-30T04:00Z,calm+large,2026-04-30T04:00Z,2026-05-02T01:00Z
move-window/component/any,E0086,5,C292,ZROUSDT,calm,2026-04-30T19:00Z,calm+large,2026-04-30T04:00Z,2026-05-02T01:00Z
move-window/component/any,E0087,1,C125,FHEUSDT,large,2026-05-04T21:00Z,large,2026-05-04T21:00Z,2026-05-04T21:00Z
move-window/component/any,E0088,1,C199,NEWTUSDT,calm,2026-05-05T21:00Z,calm,2026-05-05T21:00Z,2026-05-05T21:00Z
move-window/component/any,E0089,3,C001,AVGOUSDT,calm,2026-05-07T20:00Z,calm+large,2026-05-06T23:00Z,2026-05-07T20:00Z
move-window/component/any,E0089,3,C042,BCHUSDT,calm,2026-05-07T15:00Z,calm+large,2026-05-06T23:00Z,2026-05-07T20:00Z
move-window/component/any,E0089,3,C243,NILUSDT,large,2026-05-06T23:00Z,calm+large,2026-05-06T23:00Z,2026-05-07T20:00Z
move-window/component/any,E0090,1,C083,FARTCOINUSDT,calm,2026-05-09T08:00Z,calm,2026-05-09T08:00Z,2026-05-09T08:00Z
move-window/component/any,E0091,1,C084,FARTCOINUSDT,calm,2026-05-13T16:00Z,calm,2026-05-13T16:00Z,2026-05-13T16:00Z
move-window/component/any,E0092,2,C085,FARTCOINUSDT,calm,2026-05-15T01:00Z,calm,2026-05-15T01:00Z,2026-05-15T09:00Z
move-window/component/any,E0092,2,C126,FHEUSDT,calm,2026-05-15T09:00Z,calm,2026-05-15T01:00Z,2026-05-15T09:00Z
move-window/component/any,E0093,1,C043,BCHUSDT,large,2026-05-17T12:00Z,large,2026-05-17T12:00Z,2026-05-17T12:00Z
move-window/component/any,E0094,3,C244,NILUSDT,large,2026-05-20T01:00Z,calm+large,2026-05-18T19:00Z,2026-05-20T01:00Z
move-window/component/any,E0094,3,C293,ZROUSDT,calm,2026-05-18T19:00Z,calm+large,2026-05-18T19:00Z,2026-05-20T01:00Z
move-window/component/any,E0094,3,C294,ZROUSDT,calm,2026-05-19T13:00Z,calm+large,2026-05-18T19:00Z,2026-05-20T01:00Z
move-window/component/any,E0095,2,C002,AVGOUSDT,calm,2026-05-23T22:00Z,calm+large,2026-05-23T20:00Z,2026-05-23T22:00Z
move-window/component/any,E0095,2,C245,NILUSDT,large,2026-05-23T20:00Z,calm+large,2026-05-23T20:00Z,2026-05-23T22:00Z
move-window/component/any,E0096,1,C200,NEWTUSDT,calm,2026-05-25T21:00Z,calm,2026-05-25T21:00Z,2026-05-25T21:00Z
move-window/component/any,E0097,4,C044,BCHUSDT,large,2026-05-27T16:00Z,calm+large,2026-05-27T16:00Z,2026-05-28T21:00Z
move-window/component/any,E0097,4,C127,FHEUSDT,calm,2026-05-28T00:00Z,calm+large,2026-05-27T16:00Z,2026-05-28T21:00Z
move-window/component/any,E0097,4,C156,KOMAUSDT,large,2026-05-28T11:00Z,calm+large,2026-05-27T16:00Z,2026-05-28T21:00Z
move-window/component/any,E0097,4,C201,NEWTUSDT,large,2026-05-28T21:00Z,calm+large,2026-05-27T16:00Z,2026-05-28T21:00Z
move-window/component/any,E0098,3,C128,FHEUSDT,large,2026-05-31T06:00Z,calm+large,2026-05-30T05:00Z,2026-05-31T06:00Z
move-window/component/any,E0098,3,C246,NILUSDT,calm,2026-05-30T05:00Z,calm+large,2026-05-30T05:00Z,2026-05-31T06:00Z
move-window/component/any,E0098,3,C295,ZROUSDT,calm,2026-05-30T08:00Z,calm+large,2026-05-30T05:00Z,2026-05-31T06:00Z
move-window/component/any,E0099,2,C003,AVGOUSDT,large,2026-06-01T10:00Z,large,2026-06-01T10:00Z,2026-06-02T04:00Z
move-window/component/any,E0099,2,C045,BCHUSDT,large,2026-06-02T04:00Z,large,2026-06-01T10:00Z,2026-06-02T04:00Z
move-window/component/any,E0100,8,C004,AVGOUSDT,large,2026-06-03T12:00Z,large,2026-06-03T12:00Z,2026-06-05T12:00Z
move-window/component/any,E0100,8,C005,AVGOUSDT,large,2026-06-05T12:00Z,large,2026-06-03T12:00Z,2026-06-05T12:00Z
move-window/component/any,E0100,8,C046,BCHUSDT,large,2026-06-05T05:00Z,large,2026-06-03T12:00Z,2026-06-05T12:00Z
move-window/component/any,E0100,8,C086,FARTCOINUSDT,large,2026-06-04T19:00Z,large,2026-06-03T12:00Z,2026-06-05T12:00Z
move-window/component/any,E0100,8,C202,NEWTUSDT,large,2026-06-05T05:00Z,large,2026-06-03T12:00Z,2026-06-05T12:00Z
move-window/component/any,E0100,8,C247,NILUSDT,large,2026-06-03T22:00Z,large,2026-06-03T12:00Z,2026-06-05T12:00Z
move-window/component/any,E0100,8,C255,NOKUSDT,large,2026-06-05T03:00Z,large,2026-06-03T12:00Z,2026-06-05T12:00Z
move-window/component/any,E0100,8,C296,ZROUSDT,large,2026-06-04T19:00Z,large,2026-06-03T12:00Z,2026-06-05T12:00Z
move-window/component/any,E0101,7,C006,AVGOUSDT,calm,2026-06-10T07:00Z,calm+large,2026-06-08T01:00Z,2026-06-10T07:00Z
move-window/component/any,E0101,7,C047,BCHUSDT,large,2026-06-08T01:00Z,calm+large,2026-06-08T01:00Z,2026-06-10T07:00Z
move-window/component/any,E0101,7,C087,FARTCOINUSDT,calm,2026-06-08T14:00Z,calm+large,2026-06-08T01:00Z,2026-06-10T07:00Z
move-window/component/any,E0101,7,C157,KOMAUSDT,large,2026-06-10T01:00Z,calm+large,2026-06-08T01:00Z,2026-06-10T07:00Z
move-window/component/any,E0101,7,C256,NOKUSDT,calm,2026-06-09T00:00Z,calm+large,2026-06-08T01:00Z,2026-06-10T07:00Z
move-window/component/any,E0101,7,C297,ZROUSDT,calm,2026-06-09T18:00Z,calm+large,2026-06-08T01:00Z,2026-06-10T07:00Z
move-window/component/any,E0101,7,C298,ZROUSDT,calm,2026-06-09T21:00Z,calm+large,2026-06-08T01:00Z,2026-06-10T07:00Z
move-window/component/any,E0102,4,C048,BCHUSDT,large,2026-06-14T15:00Z,calm+large,2026-06-14T12:00Z,2026-06-14T18:00Z
move-window/component/any,E0102,4,C088,FARTCOINUSDT,large,2026-06-14T18:00Z,calm+large,2026-06-14T12:00Z,2026-06-14T18:00Z
move-window/component/any,E0102,4,C203,NEWTUSDT,calm,2026-06-14T12:00Z,calm+large,2026-06-14T12:00Z,2026-06-14T18:00Z
move-window/component/any,E0102,4,C299,ZROUSDT,large,2026-06-14T15:00Z,calm+large,2026-06-14T12:00Z,2026-06-14T18:00Z
move-window/component/any,E0103,4,C049,BCHUSDT,large,2026-06-17T16:00Z,calm+large,2026-06-16T12:00Z,2026-06-18T00:00Z
move-window/component/any,E0103,4,C158,KOMAUSDT,large,2026-06-16T12:00Z,calm+large,2026-06-16T12:00Z,2026-06-18T00:00Z
move-window/component/any,E0103,4,C204,NEWTUSDT,calm,2026-06-18T00:00Z,calm+large,2026-06-16T12:00Z,2026-06-18T00:00Z
move-window/component/any,E0103,4,C257,NOKUSDT,calm,2026-06-16T21:00Z,calm+large,2026-06-16T12:00Z,2026-06-18T00:00Z
move-window/component/any,E0104,1,C205,NEWTUSDT,calm,2026-06-19T21:00Z,calm,2026-06-19T21:00Z,2026-06-19T21:00Z
move-window/component/any,E0105,3,C007,AVGOUSDT,large,2026-06-22T13:00Z,calm+large,2026-06-21T08:00Z,2026-06-22T13:00Z
move-window/component/any,E0105,3,C159,KOMAUSDT,large,2026-06-22T04:00Z,calm+large,2026-06-21T08:00Z,2026-06-22T13:00Z
move-window/component/any,E0105,3,C206,NEWTUSDT,calm,2026-06-21T08:00Z,calm+large,2026-06-21T08:00Z,2026-06-22T13:00Z
move-window/component/any,E0106,2,C207,NEWTUSDT,large,2026-06-24T14:00Z,calm+large,2026-06-23T19:00Z,2026-06-24T14:00Z
move-window/component/any,E0106,2,C258,NOKUSDT,calm,2026-06-23T19:00Z,calm+large,2026-06-23T19:00Z,2026-06-24T14:00Z
move-window/component/any,E0107,3,C089,FARTCOINUSDT,calm,2026-06-26T22:00Z,calm,2026-06-25T23:00Z,2026-06-26T22:00Z
move-window/component/any,E0107,3,C160,KOMAUSDT,calm,2026-06-25T23:00Z,calm,2026-06-25T23:00Z,2026-06-26T22:00Z
move-window/component/any,E0107,3,C300,ZROUSDT,calm,2026-06-26T04:00Z,calm,2026-06-25T23:00Z,2026-06-26T22:00Z
move-window/component/any,E0108,3,C129,FHEUSDT,calm,2026-06-29T10:00Z,calm,2026-06-28T14:00Z,2026-06-29T10:00Z
move-window/component/any,E0108,3,C259,NOKUSDT,calm,2026-06-28T14:00Z,calm,2026-06-28T14:00Z,2026-06-29T10:00Z
move-window/component/any,E0108,3,C301,ZROUSDT,calm,2026-06-28T17:00Z,calm,2026-06-28T14:00Z,2026-06-29T10:00Z
move-window/component/any,E0109,4,C008,AVGOUSDT,calm,2026-07-03T05:00Z,calm+large,2026-07-02T07:00Z,2026-07-04T02:00Z
move-window/component/any,E0109,4,C090,FARTCOINUSDT,large,2026-07-02T07:00Z,calm+large,2026-07-02T07:00Z,2026-07-04T02:00Z
move-window/component/any,E0109,4,C161,KOMAUSDT,calm,2026-07-03T11:00Z,calm+large,2026-07-02T07:00Z,2026-07-04T02:00Z
move-window/component/any,E0109,4,C162,KOMAUSDT,calm,2026-07-04T02:00Z,calm+large,2026-07-02T07:00Z,2026-07-04T02:00Z
move-window/component/any,E0110,1,C163,KOMAUSDT,calm,2026-07-05T21:00Z,calm,2026-07-05T21:00Z,2026-07-05T21:00Z
move-window/component/any,E0111,2,C164,KOMAUSDT,calm,2026-07-07T06:00Z,calm,2026-07-07T00:00Z,2026-07-07T06:00Z
move-window/component/any,E0111,2,C248,NILUSDT,calm,2026-07-07T00:00Z,calm,2026-07-07T00:00Z,2026-07-07T06:00Z
move-window/component/any,E0112,2,C009,AVGOUSDT,large,2026-07-08T12:00Z,calm+large,2026-07-08T12:00Z,2026-07-09T00:00Z
move-window/component/any,E0112,2,C208,NEWTUSDT,calm,2026-07-09T00:00Z,calm+large,2026-07-08T12:00Z,2026-07-09T00:00Z
move-window/component/any,E0113,3,C165,KOMAUSDT,calm,2026-07-12T01:00Z,calm,2026-07-11T03:00Z,2026-07-12T01:00Z
move-window/component/any,E0113,3,C209,NEWTUSDT,calm,2026-07-11T03:00Z,calm,2026-07-11T03:00Z,2026-07-12T01:00Z
move-window/component/any,E0113,3,C302,ZROUSDT,calm,2026-07-11T04:00Z,calm,2026-07-11T03:00Z,2026-07-12T01:00Z
move-window/component/any,E0114,1,C130,FHEUSDT,calm,2026-07-13T15:00Z,calm,2026-07-13T15:00Z,2026-07-13T15:00Z
move-window/component/any,E0115,3,C010,AVGOUSDT,calm,2026-07-16T00:00Z,calm+large,2026-07-16T00:00Z,2026-07-16T14:00Z
move-window/component/any,E0115,3,C011,AVGOUSDT,calm,2026-07-16T14:00Z,calm+large,2026-07-16T00:00Z,2026-07-16T14:00Z
move-window/component/any,E0115,3,C260,NOKUSDT,large,2026-07-16T06:00Z,calm+large,2026-07-16T00:00Z,2026-07-16T14:00Z
move-window/component/any,E0116,4,C091,FARTCOINUSDT,calm,2026-07-19T00:00Z,calm+large,2026-07-17T23:00Z,2026-07-19T21:00Z
move-window/component/any,E0116,4,C166,KOMAUSDT,large,2026-07-19T21:00Z,calm+large,2026-07-17T23:00Z,2026-07-19T21:00Z
move-window/component/any,E0116,4,C210,NEWTUSDT,calm,2026-07-17T23:00Z,calm+large,2026-07-17T23:00Z,2026-07-19T21:00Z
move-window/component/any,E0116,4,C211,NEWTUSDT,calm,2026-07-18T10:00Z,calm+large,2026-07-17T23:00Z,2026-07-19T21:00Z
move-window/component/any,E0117,2,C012,AVGOUSDT,calm,2026-07-24T06:00Z,calm+large,2026-07-23T07:00Z,2026-07-24T06:00Z
move-window/component/any,E0117,2,C261,NOKUSDT,large,2026-07-23T07:00Z,calm+large,2026-07-23T07:00Z,2026-07-24T06:00Z
move-window/component/any,E0118,3,C167,KOMAUSDT,calm,2026-07-25T15:00Z,calm+large,2026-07-25T15:00Z,2026-07-26T20:00Z
move-window/component/any,E0118,3,C212,NEWTUSDT,calm,2026-07-26T20:00Z,calm+large,2026-07-25T15:00Z,2026-07-26T20:00Z
move-window/component/any,E0118,3,C249,NILUSDT,large,2026-07-26T11:00Z,calm+large,2026-07-25T15:00Z,2026-07-26T20:00Z
move-window/component/any,E0119,2,C050,BCHUSDT,calm,2026-07-28T19:00Z,calm,2026-07-28T19:00Z,2026-07-29T02:00Z
move-window/component/any,E0119,2,C051,BCHUSDT,calm,2026-07-29T02:00Z,calm,2026-07-28T19:00Z,2026-07-29T02:00Z
move-window/component/any,E0120,3,C052,BCHUSDT,calm,2026-07-30T09:00Z,calm+large,2026-07-30T07:00Z,2026-07-30T09:00Z
move-window/component/any,E0120,3,C168,KOMAUSDT,large,2026-07-30T08:00Z,calm+large,2026-07-30T07:00Z,2026-07-30T09:00Z
move-window/component/any,E0120,3,C262,NOKUSDT,large,2026-07-30T07:00Z,calm+large,2026-07-30T07:00Z,2026-07-30T09:00Z
move-window/component/any,E0121,1,C169,KOMAUSDT,large,2026-08-01T10:00Z,large,2026-08-01T10:00Z,2026-08-01T10:00Z
move-window/component/any,E0122,7,C013,AVGOUSDT,large,2026-08-03T18:00Z,calm+large,2026-08-03T18:00Z,2026-08-06T19:00Z
move-window/component/any,E0122,7,C053,BCHUSDT,calm,2026-08-04T20:00Z,calm+large,2026-08-03T18:00Z,2026-08-06T19:00Z
move-window/component/any,E0122,7,C092,FARTCOINUSDT,calm,2026-08-05T17:00Z,calm+large,2026-08-03T18:00Z,2026-08-06T19:00Z
move-window/component/any,E0122,7,C093,FARTCOINUSDT,calm,2026-08-05T21:00Z,calm+large,2026-08-03T18:00Z,2026-08-06T19:00Z
move-window/component/any,E0122,7,C170,KOMAUSDT,large,2026-08-03T21:00Z,calm+large,2026-08-03T18:00Z,2026-08-06T19:00Z
move-window/component/any,E0122,7,C171,KOMAUSDT,large,2026-08-06T03:00Z,calm+large,2026-08-03T18:00Z,2026-08-06T19:00Z
move-window/component/any,E0122,7,C250,NILUSDT,large,2026-08-06T19:00Z,calm+large,2026-08-03T18:00Z,2026-08-06T19:00Z
move-window/component/any,E0123,3,C131,FHEUSDT,calm,2026-08-09T13:00Z,calm+large,2026-08-09T05:00Z,2026-08-09T14:00Z
move-window/component/any,E0123,3,C251,NILUSDT,large,2026-08-09T05:00Z,calm+large,2026-08-09T05:00Z,2026-08-09T14:00Z
move-window/component/any,E0123,3,C303,ZROUSDT,calm,2026-08-09T14:00Z,calm+large,2026-08-09T05:00Z,2026-08-09T14:00Z
move-window/component/any,E0124,3,C132,FHEUSDT,calm,2026-08-11T15:00Z,calm+large,2026-08-11T12:00Z,2026-08-11T23:00Z
move-window/component/any,E0124,3,C252,NILUSDT,large,2026-08-11T23:00Z,calm+large,2026-08-11T12:00Z,2026-08-11T23:00Z
move-window/component/any,E0124,3,C263,NOKUSDT,large,2026-08-11T12:00Z,calm+large,2026-08-11T12:00Z,2026-08-11T23:00Z
move-window/component/any,E0125,2,C014,AVGOUSDT,large,2026-08-13T19:00Z,calm+large,2026-08-13T07:00Z,2026-08-13T19:00Z
move-window/component/any,E0125,2,C304,ZROUSDT,calm,2026-08-13T07:00Z,calm+large,2026-08-13T07:00Z,2026-08-13T19:00Z
move-window/component/any,E0126,2,C253,NILUSDT,large,2026-08-14T19:00Z,calm+large,2026-08-14T19:00Z,2026-08-15T13:00Z
move-window/component/any,E0126,2,C264,NOKUSDT,calm,2026-08-15T13:00Z,calm+large,2026-08-14T19:00Z,2026-08-15T13:00Z
move-window/component/any,E0127,1,C172,KOMAUSDT,calm,2026-08-17T03:00Z,calm,2026-08-17T03:00Z,2026-08-17T03:00Z
move-window/component/any,E0128,4,C054,BCHUSDT,large,2026-08-21T03:00Z,calm+large,2026-08-21T01:00Z,2026-08-21T05:00Z
move-window/component/any,E0128,4,C094,FARTCOINUSDT,large,2026-08-21T05:00Z,calm+large,2026-08-21T01:00Z,2026-08-21T05:00Z
move-window/component/any,E0128,4,C133,FHEUSDT,calm,2026-08-21T01:00Z,calm+large,2026-08-21T01:00Z,2026-08-21T05:00Z
move-window/component/any,E0128,4,C213,NEWTUSDT,large,2026-08-21T04:00Z,calm+large,2026-08-21T01:00Z,2026-08-21T05:00Z
move-window/component/any,E0129,2,C173,KOMAUSDT,large,2026-08-22T05:00Z,large,2026-08-22T05:00Z,2026-08-22T08:00Z
move-window/component/any,E0129,2,C305,ZROUSDT,large,2026-08-22T08:00Z,large,2026-08-22T05:00Z,2026-08-22T08:00Z
move-window/component/any,E0130,3,C134,FHEUSDT,calm,2026-08-24T13:00Z,calm+large,2026-08-24T08:00Z,2026-08-24T17:00Z
move-window/component/any,E0130,3,C214,NEWTUSDT,calm,2026-08-24T08:00Z,calm+large,2026-08-24T08:00Z,2026-08-24T17:00Z
move-window/component/any,E0130,3,C306,ZROUSDT,large,2026-08-24T17:00Z,calm+large,2026-08-24T08:00Z,2026-08-24T17:00Z
move-window/component/any,E0131,2,C174,KOMAUSDT,large,2026-08-28T19:00Z,large,2026-08-28T19:00Z,2026-08-28T19:00Z
move-window/component/any,E0131,2,C254,NILUSDT,large,2026-08-28T19:00Z,large,2026-08-28T19:00Z,2026-08-28T19:00Z
move-window/component/cross-coin,E0001,3,C135,KOMAUSDT,calm,2025-09-03T01:00Z,calm,2025-09-02T14:00Z,2025-09-03T10:00Z
move-window/component/cross-coin,E0001,3,C215,NILUSDT,calm,2025-09-03T10:00Z,calm,2025-09-02T14:00Z,2025-09-03T10:00Z
move-window/component/cross-coin,E0001,3,C267,ZROUSDT,calm,2025-09-02T14:00Z,calm,2025-09-02T14:00Z,2025-09-03T10:00Z
move-window/component/cross-coin,E0002,1,C095,FHEUSDT,calm,2025-09-06T07:00Z,calm,2025-09-06T07:00Z,2025-09-06T07:00Z
move-window/component/cross-coin,E0003,2,C175,NEWTUSDT,large,2025-09-08T07:00Z,calm+large,2025-09-07T09:00Z,2025-09-08T07:00Z
move-window/component/cross-coin,E0003,2,C216,NILUSDT,calm,2025-09-07T09:00Z,calm+large,2025-09-07T09:00Z,2025-09-08T07:00Z
move-window/component/cross-coin,E0004,2,C217,NILUSDT,calm,2025-09-09T15:00Z,calm+large,2025-09-09T15:00Z,2025-09-09T19:00Z
move-window/component/cross-coin,E0004,2,C265,OMNIUSDT,large,2025-09-09T19:00Z,calm+large,2025-09-09T15:00Z,2025-09-09T19:00Z
move-window/component/cross-coin,E0005,1,C176,NEWTUSDT,calm,2025-09-13T11:00Z,calm,2025-09-13T11:00Z,2025-09-13T11:00Z
move-window/component/cross-coin,E0006,1,C177,NEWTUSDT,calm,2025-09-13T14:00Z,calm,2025-09-13T14:00Z,2025-09-13T14:00Z
move-window/component/cross-coin,E0007,2,C055,FARTCOINUSDT,calm,2025-09-15T22:00Z,calm,2025-09-15T22:00Z,2025-09-16T05:00Z
move-window/component/cross-coin,E0007,2,C218,NILUSDT,calm,2025-09-16T05:00Z,calm,2025-09-15T22:00Z,2025-09-16T05:00Z
move-window/component/cross-coin,E0008,4,C015,BCHUSDT,calm,2025-09-19T08:00Z,calm,2025-09-17T17:00Z,2025-09-19T21:00Z
move-window/component/cross-coin,E0008,4,C096,FHEUSDT,calm,2025-09-17T17:00Z,calm,2025-09-17T17:00Z,2025-09-19T21:00Z
move-window/component/cross-coin,E0008,4,C097,FHEUSDT,calm,2025-09-19T21:00Z,calm,2025-09-17T17:00Z,2025-09-19T21:00Z
move-window/component/cross-coin,E0008,4,C268,ZROUSDT,calm,2025-09-18T14:00Z,calm,2025-09-17T17:00Z,2025-09-19T21:00Z
move-window/component/cross-coin,E0009,5,C016,BCHUSDT,calm,2025-09-21T09:00Z,calm+large,2025-09-21T00:00Z,2025-09-21T16:00Z
move-window/component/cross-coin,E0009,5,C056,FARTCOINUSDT,large,2025-09-21T08:00Z,calm+large,2025-09-21T00:00Z,2025-09-21T16:00Z
move-window/component/cross-coin,E0009,5,C136,KOMAUSDT,large,2025-09-21T07:00Z,calm+large,2025-09-21T00:00Z,2025-09-21T16:00Z
move-window/component/cross-coin,E0009,5,C178,NEWTUSDT,large,2025-09-21T16:00Z,calm+large,2025-09-21T00:00Z,2025-09-21T16:00Z
move-window/component/cross-coin,E0009,5,C266,OMNIUSDT,calm,2025-09-21T00:00Z,calm+large,2025-09-21T00:00Z,2025-09-21T16:00Z
move-window/component/cross-coin,E0010,1,C269,ZROUSDT,large,2025-09-23T12:00Z,large,2025-09-23T12:00Z,2025-09-23T12:00Z
move-window/component/cross-coin,E0011,1,C137,KOMAUSDT,calm,2025-09-28T17:00Z,calm,2025-09-28T17:00Z,2025-09-28T17:00Z
move-window/component/cross-coin,E0012,1,C098,FHEUSDT,calm,2025-09-29T18:00Z,calm,2025-09-29T18:00Z,2025-09-29T18:00Z
move-window/component/cross-coin,E0013,3,C179,NEWTUSDT,large,2025-09-30T19:00Z,large,2025-09-30T19:00Z,2025-10-01T07:00Z
move-window/component/cross-coin,E0013,3,C219,NILUSDT,large,2025-10-01T07:00Z,large,2025-09-30T19:00Z,2025-10-01T07:00Z
move-window/component/cross-coin,E0013,3,C270,ZROUSDT,large,2025-10-01T07:00Z,large,2025-09-30T19:00Z,2025-10-01T07:00Z
move-window/component/cross-coin,E0014,1,C271,ZROUSDT,calm,2025-10-04T16:00Z,calm,2025-10-04T16:00Z,2025-10-04T16:00Z
move-window/component/cross-coin,E0015,3,C057,FARTCOINUSDT,calm,2025-10-06T03:00Z,calm+large,2025-10-06T03:00Z,2025-10-07T05:00Z
move-window/component/cross-coin,E0015,3,C138,KOMAUSDT,large,2025-10-07T05:00Z,calm+large,2025-10-06T03:00Z,2025-10-07T05:00Z
move-window/component/cross-coin,E0015,3,C220,NILUSDT,calm,2025-10-06T22:00Z,calm+large,2025-10-06T03:00Z,2025-10-07T05:00Z
move-window/component/cross-coin,E0016,7,C017,BCHUSDT,large,2025-10-10T02:00Z,large,2025-10-09T10:00Z,2025-10-10T14:00Z
move-window/component/cross-coin,E0016,7,C058,FARTCOINUSDT,large,2025-10-10T14:00Z,large,2025-10-09T10:00Z,2025-10-10T14:00Z
move-window/component/cross-coin,E0016,7,C099,FHEUSDT,large,2025-10-09T22:00Z,large,2025-10-09T10:00Z,2025-10-10T14:00Z
move-window/component/cross-coin,E0016,7,C139,KOMAUSDT,large,2025-10-09T10:00Z,large,2025-10-09T10:00Z,2025-10-10T14:00Z
move-window/component/cross-coin,E0016,7,C180,NEWTUSDT,large,2025-10-09T22:00Z,large,2025-10-09T10:00Z,2025-10-10T14:00Z
move-window/component/cross-coin,E0016,7,C221,NILUSDT,large,2025-10-10T05:00Z,large,2025-10-09T10:00Z,2025-10-10T14:00Z
move-window/component/cross-coin,E0016,7,C272,ZROUSDT,large,2025-10-09T22:00Z,large,2025-10-09T10:00Z,2025-10-10T14:00Z
move-window/component/cross-coin,E0017,4,C018,BCHUSDT,large,2025-10-12T02:00Z,large,2025-10-12T02:00Z,2025-10-12T14:00Z
move-window/component/cross-coin,E0017,4,C059,FARTCOINUSDT,large,2025-10-12T14:00Z,large,2025-10-12T02:00Z,2025-10-12T14:00Z
move-window/component/cross-coin,E0017,4,C181,NEWTUSDT,large,2025-10-12T14:00Z,large,2025-10-12T02:00Z,2025-10-12T14:00Z
move-window/component/cross-coin,E0017,4,C273,ZROUSDT,large,2025-10-12T02:00Z,large,2025-10-12T02:00Z,2025-10-12T14:00Z
move-window/component/cross-coin,E0018,5,C019,BCHUSDT,large,2025-10-16T09:00Z,calm+large,2025-10-16T08:00Z,2025-10-18T05:00Z
move-window/component/cross-coin,E0018,5,C100,FHEUSDT,large,2025-10-17T01:00Z,calm+large,2025-10-16T08:00Z,2025-10-18T05:00Z
move-window/component/cross-coin,E0018,5,C140,KOMAUSDT,large,2025-10-17T09:00Z,calm+large,2025-10-16T08:00Z,2025-10-18T05:00Z
move-window/component/cross-coin,E0018,5,C182,NEWTUSDT,large,2025-10-16T08:00Z,calm+large,2025-10-16T08:00Z,2025-10-18T05:00Z
move-window/component/cross-coin,E0018,5,C222,NILUSDT,calm,2025-10-18T05:00Z,calm+large,2025-10-16T08:00Z,2025-10-18T05:00Z
move-window/component/cross-coin,E0019,1,C223,NILUSDT,large,2025-10-21T10:00Z,large,2025-10-21T10:00Z,2025-10-21T10:00Z
move-window/component/cross-coin,E0020,1,C020,BCHUSDT,large,2025-10-25T13:00Z,large,2025-10-25T13:00Z,2025-10-25T13:00Z
move-window/component/cross-coin,E0021,4,C060,FARTCOINUSDT,large,2025-10-29T21:00Z,calm+large,2025-10-29T10:00Z,2025-10-30T19:00Z
move-window/component/cross-coin,E0021,4,C183,NEWTUSDT,large,2025-10-29T21:00Z,calm+large,2025-10-29T10:00Z,2025-10-30T19:00Z
move-window/component/cross-coin,E0021,4,C224,NILUSDT,calm,2025-10-29T10:00Z,calm+large,2025-10-29T10:00Z,2025-10-30T19:00Z
move-window/component/cross-coin,E0021,4,C225,NILUSDT,calm,2025-10-30T19:00Z,calm+large,2025-10-29T10:00Z,2025-10-30T19:00Z
move-window/component/cross-coin,E0022,2,C021,BCHUSDT,calm,2025-11-01T04:00Z,calm,2025-10-31T22:00Z,2025-11-01T04:00Z
move-window/component/cross-coin,E0022,2,C101,FHEUSDT,calm,2025-10-31T22:00Z,calm,2025-10-31T22:00Z,2025-11-01T04:00Z
move-window/component/cross-coin,E0023,3,C061,FARTCOINUSDT,large,2025-11-03T08:00Z,large,2025-11-02T21:00Z,2025-11-03T08:00Z
move-window/component/cross-coin,E0023,3,C184,NEWTUSDT,large,2025-11-02T21:00Z,large,2025-11-02T21:00Z,2025-11-03T08:00Z
move-window/component/cross-coin,E0023,3,C226,NILUSDT,large,2025-11-03T00:00Z,large,2025-11-02T21:00Z,2025-11-03T08:00Z
move-window/component/cross-coin,E0024,2,C022,BCHUSDT,calm,2025-11-04T23:00Z,calm,2025-11-04T20:00Z,2025-11-04T23:00Z
move-window/component/cross-coin,E0024,2,C141,KOMAUSDT,calm,2025-11-04T20:00Z,calm,2025-11-04T20:00Z,2025-11-04T23:00Z
move-window/component/cross-coin,E0025,4,C023,BCHUSDT,calm,2025-11-07T08:00Z,calm+large,2025-11-06T08:00Z,2025-11-07T08:00Z
move-window/component/cross-coin,E0025,4,C062,FARTCOINUSDT,large,2025-11-06T21:00Z,calm+large,2025-11-06T08:00Z,2025-11-07T08:00Z
move-window/component/cross-coin,E0025,4,C185,NEWTUSDT,calm,2025-11-06T14:00Z,calm+large,2025-11-06T08:00Z,2025-11-07T08:00Z
move-window/component/cross-coin,E0025,4,C274,ZROUSDT,large,2025-11-06T08:00Z,calm+large,2025-11-06T08:00Z,2025-11-07T08:00Z
move-window/component/cross-coin,E0026,5,C024,BCHUSDT,calm,2025-11-15T03:00Z,calm+large,2025-11-14T06:00Z,2025-11-15T21:00Z
move-window/component/cross-coin,E0026,5,C102,FHEUSDT,calm,2025-11-14T07:00Z,calm+large,2025-11-14T06:00Z,2025-11-15T21:00Z
move-window/component/cross-coin,E0026,5,C142,KOMAUSDT,calm,2025-11-14T06:00Z,calm+large,2025-11-14T06:00Z,2025-11-15T21:00Z
move-window/component/cross-coin,E0026,5,C186,NEWTUSDT,calm,2025-11-15T14:00Z,calm+large,2025-11-14T06:00Z,2025-11-15T21:00Z
move-window/component/cross-coin,E0026,5,C227,NILUSDT,large,2025-11-15T21:00Z,calm+large,2025-11-14T06:00Z,2025-11-15T21:00Z
move-window/component/cross-coin,E0027,1,C275,ZROUSDT,calm,2025-11-17T08:00Z,calm,2025-11-17T08:00Z,2025-11-17T08:00Z
move-window/component/cross-coin,E0028,2,C025,BCHUSDT,large,2025-11-18T20:00Z,large,2025-11-18T19:00Z,2025-11-18T20:00Z
move-window/component/cross-coin,E0028,2,C228,NILUSDT,large,2025-11-18T19:00Z,large,2025-11-18T19:00Z,2025-11-18T20:00Z
move-window/component/cross-coin,E0029,4,C026,BCHUSDT,large,2025-11-21T12:00Z,large,2025-11-20T14:00Z,2025-11-21T12:00Z
move-window/component/cross-coin,E0029,4,C063,FARTCOINUSDT,large,2025-11-20T23:00Z,large,2025-11-20T14:00Z,2025-11-21T12:00Z
move-window/component/cross-coin,E0029,4,C187,NEWTUSDT,large,2025-11-20T14:00Z,large,2025-11-20T14:00Z,2025-11-21T12:00Z
move-window/component/cross-coin,E0029,4,C229,NILUSDT,large,2025-11-20T23:00Z,large,2025-11-20T14:00Z,2025-11-21T12:00Z
move-window/component/cross-coin,E0030,1,C064,FARTCOINUSDT,large,2025-11-23T21:00Z,large,2025-11-23T21:00Z,2025-11-23T21:00Z
move-window/component/cross-coin,E0031,3,C065,FARTCOINUSDT,large,2025-11-25T22:00Z,calm+large,2025-11-25T22:00Z,2025-11-27T16:00Z
move-window/component/cross-coin,E0031,3,C103,FHEUSDT,calm,2025-11-27T16:00Z,calm+large,2025-11-25T22:00Z,2025-11-27T16:00Z
move-window/component/cross-coin,E0031,3,C188,NEWTUSDT,calm,2025-11-26T19:00Z,calm+large,2025-11-25T22:00Z,2025-11-27T16:00Z
move-window/component/cross-coin,E0032,4,C027,BCHUSDT,large,2025-12-02T05:00Z,calm+large,2025-12-01T16:00Z,2025-12-02T05:00Z
move-window/component/cross-coin,E0032,4,C066,FARTCOINUSDT,large,2025-12-01T16:00Z,calm+large,2025-12-01T16:00Z,2025-12-02T05:00Z
move-window/component/cross-coin,E0032,4,C189,NEWTUSDT,calm,2025-12-02T05:00Z,calm+large,2025-12-01T16:00Z,2025-12-02T05:00Z
move-window/component/cross-coin,E0032,4,C276,ZROUSDT,large,2025-12-01T18:00Z,calm+large,2025-12-01T16:00Z,2025-12-02T05:00Z
move-window/component/cross-coin,E0033,1,C067,FARTCOINUSDT,large,2025-12-03T21:00Z,large,2025-12-03T21:00Z,2025-12-03T21:00Z
move-window/component/cross-coin,E0034,1,C104,FHEUSDT,large,2025-12-06T19:00Z,large,2025-12-06T19:00Z,2025-12-06T19:00Z
move-window/component/cross-coin,E0035,3,C105,FHEUSDT,large,2025-12-09T22:00Z,calm+large,2025-12-09T05:00Z,2025-12-10T07:00Z
move-window/component/cross-coin,E0035,3,C230,NILUSDT,large,2025-12-09T05:00Z,calm+large,2025-12-09T05:00Z,2025-12-10T07:00Z
move-window/component/cross-coin,E0035,3,C277,ZROUSDT,calm,2025-12-10T07:00Z,calm+large,2025-12-09T05:00Z,2025-12-10T07:00Z
move-window/component/cross-coin,E0036,2,C028,BCHUSDT,calm,2025-12-15T02:00Z,calm+large,2025-12-15T02:00Z,2025-12-15T04:00Z
move-window/component/cross-coin,E0036,2,C106,FHEUSDT,large,2025-12-15T04:00Z,calm+large,2025-12-15T02:00Z,2025-12-15T04:00Z
move-window/component/cross-coin,E0037,1,C231,NILUSDT,calm,2025-12-16T18:00Z,calm,2025-12-16T18:00Z,2025-12-16T18:00Z
move-window/component/cross-coin,E0038,5,C029,BCHUSDT,large,2025-12-18T20:00Z,calm+large,2025-12-18T01:00Z,2025-12-19T15:00Z
move-window/component/cross-coin,E0038,5,C068,FARTCOINUSDT,large,2025-12-18T01:00Z,calm+large,2025-12-18T01:00Z,2025-12-19T15:00Z
move-window/component/cross-coin,E0038,5,C107,FHEUSDT,large,2025-12-19T15:00Z,calm+large,2025-12-18T01:00Z,2025-12-19T15:00Z
move-window/component/cross-coin,E0038,5,C143,KOMAUSDT,calm,2025-12-18T05:00Z,calm+large,2025-12-18T01:00Z,2025-12-19T15:00Z
move-window/component/cross-coin,E0038,5,C190,NEWTUSDT,large,2025-12-19T13:00Z,calm+large,2025-12-18T01:00Z,2025-12-19T15:00Z
move-window/component/cross-coin,E0039,1,C191,NEWTUSDT,large,2025-12-24T11:00Z,large,2025-12-24T11:00Z,2025-12-24T11:00Z
move-window/component/cross-coin,E0040,1,C232,NILUSDT,large,2025-12-26T01:00Z,large,2025-12-26T01:00Z,2025-12-26T01:00Z
move-window/component/cross-coin,E0041,1,C108,FHEUSDT,calm,2025-12-29T00:00Z,calm,2025-12-29T00:00Z,2025-12-29T00:00Z
move-window/component/cross-coin,E0042,1,C144,KOMAUSDT,calm,2025-12-30T01:00Z,calm,2025-12-30T01:00Z,2025-12-30T01:00Z
move-window/component/cross-coin,E0043,2,C069,FARTCOINUSDT,large,2026-01-02T03:00Z,calm+large,2026-01-02T03:00Z,2026-01-02T07:00Z
move-window/component/cross-coin,E0043,2,C145,KOMAUSDT,calm,2026-01-02T07:00Z,calm+large,2026-01-02T03:00Z,2026-01-02T07:00Z
move-window/component/cross-coin,E0044,4,C030,BCHUSDT,calm,2026-01-06T17:00Z,calm+large,2026-01-05T14:00Z,2026-01-07T00:00Z
move-window/component/cross-coin,E0044,4,C070,FARTCOINUSDT,large,2026-01-05T14:00Z,calm+large,2026-01-05T14:00Z,2026-01-07T00:00Z
move-window/component/cross-coin,E0044,4,C109,FHEUSDT,large,2026-01-06T02:00Z,calm+large,2026-01-05T14:00Z,2026-01-07T00:00Z
move-window/component/cross-coin,E0044,4,C233,NILUSDT,calm,2026-01-07T00:00Z,calm+large,2026-01-05T14:00Z,2026-01-07T00:00Z
move-window/component/cross-coin,E0045,2,C146,KOMAUSDT,calm,2026-01-08T17:00Z,calm,2026-01-08T17:00Z,2026-01-09T11:00Z
move-window/component/cross-coin,E0045,2,C192,NEWTUSDT,calm,2026-01-09T11:00Z,calm,2026-01-08T17:00Z,2026-01-09T11:00Z
move-window/component/cross-coin,E0046,1,C278,ZROUSDT,calm,2026-01-12T05:00Z,calm,2026-01-12T05:00Z,2026-01-12T05:00Z
move-window/component/cross-coin,E0047,3,C071,FARTCOINUSDT,calm,2026-01-13T16:00Z,calm+large,2026-01-13T16:00Z,2026-01-14T20:00Z
move-window/component/cross-coin,E0047,3,C072,FARTCOINUSDT,calm,2026-01-14T20:00Z,calm+large,2026-01-13T16:00Z,2026-01-14T20:00Z
move-window/component/cross-coin,E0047,3,C110,FHEUSDT,large,2026-01-14T12:00Z,calm+large,2026-01-13T16:00Z,2026-01-14T20:00Z
move-window/component/cross-coin,E0048,1,C111,FHEUSDT,large,2026-01-16T14:00Z,large,2026-01-16T14:00Z,2026-01-16T14:00Z
move-window/component/cross-coin,E0049,2,C112,FHEUSDT,large,2026-01-18T14:00Z,calm+large,2026-01-18T14:00Z,2026-01-18T22:00Z
move-window/component/cross-coin,E0049,2,C234,NILUSDT,calm,2026-01-18T22:00Z,calm+large,2026-01-18T14:00Z,2026-01-18T22:00Z
move-window/component/cross-coin,E0050,2,C113,FHEUSDT,large,2026-01-20T16:00Z,large,2026-01-20T16:00Z,2026-01-20T16:00Z
move-window/component/cross-coin,E0050,2,C279,ZROUSDT,large,2026-01-20T16:00Z,large,2026-01-20T16:00Z,2026-01-20T16:00Z
move-window/component/cross-coin,E0051,2,C235,NILUSDT,calm,2026-01-22T08:00Z,calm+large,2026-01-22T08:00Z,2026-01-22T17:00Z
move-window/component/cross-coin,E0051,2,C280,ZROUSDT,large,2026-01-22T17:00Z,calm+large,2026-01-22T08:00Z,2026-01-22T17:00Z
move-window/component/cross-coin,E0052,1,C193,NEWTUSDT,large,2026-01-24T01:00Z,large,2026-01-24T01:00Z,2026-01-24T01:00Z
move-window/component/cross-coin,E0053,3,C031,BCHUSDT,large,2026-01-30T20:00Z,large,2026-01-30T20:00Z,2026-01-30T20:00Z
move-window/component/cross-coin,E0053,3,C194,NEWTUSDT,large,2026-01-30T20:00Z,large,2026-01-30T20:00Z,2026-01-30T20:00Z
move-window/component/cross-coin,E0053,3,C281,ZROUSDT,large,2026-01-30T20:00Z,large,2026-01-30T20:00Z,2026-01-30T20:00Z
move-window/component/cross-coin,E0054,1,C236,NILUSDT,calm,2026-02-01T21:00Z,calm,2026-02-01T21:00Z,2026-02-01T21:00Z
move-window/component/cross-coin,E0055,2,C114,FHEUSDT,large,2026-02-03T15:00Z,calm+large,2026-02-03T03:00Z,2026-02-03T15:00Z
move-window/component/cross-coin,E0055,2,C147,KOMAUSDT,calm,2026-02-03T03:00Z,calm+large,2026-02-03T03:00Z,2026-02-03T15:00Z
move-window/component/cross-coin,E0056,2,C195,NEWTUSDT,large,2026-02-05T01:00Z,large,2026-02-05T00:00Z,2026-02-05T01:00Z
move-window/component/cross-coin,E0056,2,C282,ZROUSDT,large,2026-02-05T00:00Z,large,2026-02-05T00:00Z,2026-02-05T01:00Z
move-window/component/cross-coin,E0057,1,C032,BCHUSDT,large,2026-02-06T03:00Z,large,2026-02-06T03:00Z,2026-02-06T03:00Z
move-window/component/cross-coin,E0058,5,C073,FARTCOINUSDT,calm,2026-02-11T10:00Z,calm+large,2026-02-09T14:00Z,2026-02-11T14:00Z
move-window/component/cross-coin,E0058,5,C115,FHEUSDT,large,2026-02-09T14:00Z,calm+large,2026-02-09T14:00Z,2026-02-11T14:00Z
move-window/component/cross-coin,E0058,5,C116,FHEUSDT,large,2026-02-11T14:00Z,calm+large,2026-02-09T14:00Z,2026-02-11T14:00Z
move-window/component/cross-coin,E0058,5,C237,NILUSDT,large,2026-02-10T11:00Z,calm+large,2026-02-09T14:00Z,2026-02-11T14:00Z
move-window/component/cross-coin,E0058,5,C283,ZROUSDT,large,2026-02-10T14:00Z,calm+large,2026-02-09T14:00Z,2026-02-11T14:00Z
move-window/component/cross-coin,E0059,1,C033,BCHUSDT,large,2026-02-12T22:00Z,large,2026-02-12T22:00Z,2026-02-12T22:00Z
move-window/component/cross-coin,E0060,1,C117,FHEUSDT,large,2026-02-15T06:00Z,large,2026-02-15T06:00Z,2026-02-15T06:00Z
move-window/component/cross-coin,E0061,1,C074,FARTCOINUSDT,calm,2026-02-17T17:00Z,calm,2026-02-17T17:00Z,2026-02-17T17:00Z
move-window/component/cross-coin,E0062,1,C284,ZROUSDT,large,2026-02-19T16:00Z,large,2026-02-19T16:00Z,2026-02-19T16:00Z
move-window/component/cross-coin,E0063,1,C034,BCHUSDT,large,2026-02-23T00:00Z,large,2026-02-23T00:00Z,2026-02-23T00:00Z
move-window/component/cross-coin,E0064,1,C196,NEWTUSDT,large,2026-02-26T12:00Z,large,2026-02-26T12:00Z,2026-02-26T12:00Z
move-window/component/cross-coin,E0065,2,C118,FHEUSDT,calm,2026-02-28T08:00Z,calm+large,2026-02-28T08:00Z,2026-02-28T09:00Z
move-window/component/cross-coin,E0065,2,C285,ZROUSDT,large,2026-02-28T09:00Z,calm+large,2026-02-28T08:00Z,2026-02-28T09:00Z
move-window/component/cross-coin,E0066,3,C075,FARTCOINUSDT,calm,2026-03-02T05:00Z,calm,2026-03-02T05:00Z,2026-03-03T03:00Z
move-window/component/cross-coin,E0066,3,C119,FHEUSDT,calm,2026-03-03T03:00Z,calm,2026-03-02T05:00Z,2026-03-03T03:00Z
move-window/component/cross-coin,E0066,3,C238,NILUSDT,calm,2026-03-02T09:00Z,calm,2026-03-02T05:00Z,2026-03-03T03:00Z
move-window/component/cross-coin,E0067,1,C120,FHEUSDT,large,2026-03-06T13:00Z,large,2026-03-06T13:00Z,2026-03-06T13:00Z
move-window/component/cross-coin,E0068,2,C035,BCHUSDT,calm,2026-03-07T23:00Z,calm,2026-03-07T23:00Z,2026-03-08T22:00Z
move-window/component/cross-coin,E0068,2,C239,NILUSDT,calm,2026-03-08T22:00Z,calm,2026-03-07T23:00Z,2026-03-08T22:00Z
move-window/component/cross-coin,E0069,1,C076,FARTCOINUSDT,calm,2026-03-10T00:00Z,calm,2026-03-10T00:00Z,2026-03-10T00:00Z
move-window/component/cross-coin,E0070,2,C121,FHEUSDT,calm,2026-03-12T23:00Z,calm,2026-03-12T23:00Z,2026-03-12T23:00Z
move-window/component/cross-coin,E0070,2,C286,ZROUSDT,calm,2026-03-12T23:00Z,calm,2026-03-12T23:00Z,2026-03-12T23:00Z
move-window/component/cross-coin,E0071,2,C077,FARTCOINUSDT,large,2026-03-16T02:00Z,calm+large,2026-03-16T02:00Z,2026-03-16T10:00Z
move-window/component/cross-coin,E0071,2,C148,KOMAUSDT,calm,2026-03-16T10:00Z,calm+large,2026-03-16T02:00Z,2026-03-16T10:00Z
move-window/component/cross-coin,E0072,1,C036,BCHUSDT,calm,2026-03-18T17:00Z,calm,2026-03-18T17:00Z,2026-03-18T17:00Z
move-window/component/cross-coin,E0073,1,C287,ZROUSDT,calm,2026-03-19T19:00Z,calm,2026-03-19T19:00Z,2026-03-19T19:00Z
move-window/component/cross-coin,E0074,1,C037,BCHUSDT,calm,2026-03-21T21:00Z,calm,2026-03-21T21:00Z,2026-03-21T21:00Z
move-window/component/cross-coin,E0075,1,C288,ZROUSDT,large,2026-03-23T01:00Z,large,2026-03-23T01:00Z,2026-03-23T01:00Z
move-window/component/cross-coin,E0076,1,C240,NILUSDT,calm,2026-03-25T03:00Z,calm,2026-03-25T03:00Z,2026-03-25T03:00Z
move-window/component/cross-coin,E0077,1,C038,BCHUSDT,calm,2026-03-30T04:00Z,calm,2026-03-30T04:00Z,2026-03-30T04:00Z
move-window/component/cross-coin,E0078,1,C149,KOMAUSDT,large,2026-04-04T13:00Z,large,2026-04-04T13:00Z,2026-04-04T13:00Z
move-window/component/cross-coin,E0079,4,C078,FARTCOINUSDT,large,2026-04-08T23:00Z,calm+large,2026-04-06T15:00Z,2026-04-08T23:00Z
move-window/component/cross-coin,E0079,4,C150,KOMAUSDT,large,2026-04-06T15:00Z,calm+large,2026-04-06T15:00Z,2026-04-08T23:00Z
move-window/component/cross-coin,E0079,4,C241,NILUSDT,calm,2026-04-08T02:00Z,calm+large,2026-04-06T15:00Z,2026-04-08T23:00Z
move-window/component/cross-coin,E0079,4,C289,ZROUSDT,large,2026-04-07T03:00Z,calm+large,2026-04-06T15:00Z,2026-04-08T23:00Z
move-window/component/cross-coin,E0080,1,C197,NEWTUSDT,calm,2026-04-10T16:00Z,calm,2026-04-10T16:00Z,2026-04-10T16:00Z
move-window/component/cross-coin,E0081,2,C122,FHEUSDT,calm,2026-04-12T11:00Z,calm+large,2026-04-12T11:00Z,2026-04-13T02:00Z
move-window/component/cross-coin,E0081,2,C151,KOMAUSDT,large,2026-04-13T02:00Z,calm+large,2026-04-12T11:00Z,2026-04-13T02:00Z
move-window/component/cross-coin,E0082,2,C152,KOMAUSDT,large,2026-04-15T06:00Z,calm+large,2026-04-14T12:00Z,2026-04-15T06:00Z
move-window/component/cross-coin,E0082,2,C242,NILUSDT,calm,2026-04-14T12:00Z,calm+large,2026-04-14T12:00Z,2026-04-15T06:00Z
move-window/component/cross-coin,E0083,4,C079,FARTCOINUSDT,calm,2026-04-19T00:00Z,calm+large,2026-04-17T06:00Z,2026-04-19T00:00Z
move-window/component/cross-coin,E0083,4,C123,FHEUSDT,large,2026-04-17T06:00Z,calm+large,2026-04-17T06:00Z,2026-04-19T00:00Z
move-window/component/cross-coin,E0083,4,C153,KOMAUSDT,large,2026-04-18T05:00Z,calm+large,2026-04-17T06:00Z,2026-04-19T00:00Z
move-window/component/cross-coin,E0083,4,C290,ZROUSDT,large,2026-04-18T07:00Z,calm+large,2026-04-17T06:00Z,2026-04-19T00:00Z
move-window/component/cross-coin,E0084,4,C039,BCHUSDT,calm,2026-04-20T03:00Z,calm+large,2026-04-20T03:00Z,2026-04-20T23:00Z
move-window/component/cross-coin,E0084,4,C040,BCHUSDT,calm,2026-04-20T23:00Z,calm+large,2026-04-20T03:00Z,2026-04-20T23:00Z
move-window/component/cross-coin,E0084,4,C080,FARTCOINUSDT,calm,2026-04-20T12:00Z,calm+large,2026-04-20T03:00Z,2026-04-20T23:00Z
move-window/component/cross-coin,E0084,4,C198,NEWTUSDT,large,2026-04-20T12:00Z,calm+large,2026-04-20T03:00Z,2026-04-20T23:00Z
move-window/component/cross-coin,E0085,2,C041,BCHUSDT,calm,2026-04-22T19:00Z,calm,2026-04-22T04:00Z,2026-04-22T19:00Z
move-window/component/cross-coin,E0085,2,C154,KOMAUSDT,calm,2026-04-22T04:00Z,calm,2026-04-22T04:00Z,2026-04-22T19:00Z
move-window/component/cross-coin,E0086,1,C081,FARTCOINUSDT,calm,2026-04-28T10:00Z,calm,2026-04-28T10:00Z,2026-04-28T10:00Z
move-window/component/cross-coin,E0087,1,C291,ZROUSDT,calm,2026-04-30T04:00Z,calm,2026-04-30T04:00Z,2026-04-30T04:00Z
move-window/component/cross-coin,E0088,4,C082,FARTCOINUSDT,calm,2026-05-01T23:00Z,calm+large,2026-04-30T19:00Z,2026-05-02T01:00Z
move-window/component/cross-coin,E0088,4,C124,FHEUSDT,large,2026-05-02T01:00Z,calm+large,2026-04-30T19:00Z,2026-05-02T01:00Z
move-window/component/cross-coin,E0088,4,C155,KOMAUSDT,calm,2026-05-01T06:00Z,calm+large,2026-04-30T19:00Z,2026-05-02T01:00Z
move-window/component/cross-coin,E0088,4,C292,ZROUSDT,calm,2026-04-30T19:00Z,calm+large,2026-04-30T19:00Z,2026-05-02T01:00Z
move-window/component/cross-coin,E0089,1,C125,FHEUSDT,large,2026-05-04T21:00Z,large,2026-05-04T21:00Z,2026-05-04T21:00Z
move-window/component/cross-coin,E0090,1,C199,NEWTUSDT,calm,2026-05-05T21:00Z,calm,2026-05-05T21:00Z,2026-05-05T21:00Z
move-window/component/cross-coin,E0091,3,C001,AVGOUSDT,calm,2026-05-07T20:00Z,calm+large,2026-05-06T23:00Z,2026-05-07T20:00Z
move-window/component/cross-coin,E0091,3,C042,BCHUSDT,calm,2026-05-07T15:00Z,calm+large,2026-05-06T23:00Z,2026-05-07T20:00Z
move-window/component/cross-coin,E0091,3,C243,NILUSDT,large,2026-05-06T23:00Z,calm+large,2026-05-06T23:00Z,2026-05-07T20:00Z
move-window/component/cross-coin,E0092,1,C083,FARTCOINUSDT,calm,2026-05-09T08:00Z,calm,2026-05-09T08:00Z,2026-05-09T08:00Z
move-window/component/cross-coin,E0093,1,C084,FARTCOINUSDT,calm,2026-05-13T16:00Z,calm,2026-05-13T16:00Z,2026-05-13T16:00Z
move-window/component/cross-coin,E0094,2,C085,FARTCOINUSDT,calm,2026-05-15T01:00Z,calm,2026-05-15T01:00Z,2026-05-15T09:00Z
move-window/component/cross-coin,E0094,2,C126,FHEUSDT,calm,2026-05-15T09:00Z,calm,2026-05-15T01:00Z,2026-05-15T09:00Z
move-window/component/cross-coin,E0095,1,C043,BCHUSDT,large,2026-05-17T12:00Z,large,2026-05-17T12:00Z,2026-05-17T12:00Z
move-window/component/cross-coin,E0096,1,C293,ZROUSDT,calm,2026-05-18T19:00Z,calm,2026-05-18T19:00Z,2026-05-18T19:00Z
move-window/component/cross-coin,E0097,2,C244,NILUSDT,large,2026-05-20T01:00Z,calm+large,2026-05-19T13:00Z,2026-05-20T01:00Z
move-window/component/cross-coin,E0097,2,C294,ZROUSDT,calm,2026-05-19T13:00Z,calm+large,2026-05-19T13:00Z,2026-05-20T01:00Z
move-window/component/cross-coin,E0098,2,C002,AVGOUSDT,calm,2026-05-23T22:00Z,calm+large,2026-05-23T20:00Z,2026-05-23T22:00Z
move-window/component/cross-coin,E0098,2,C245,NILUSDT,large,2026-05-23T20:00Z,calm+large,2026-05-23T20:00Z,2026-05-23T22:00Z
move-window/component/cross-coin,E0099,1,C200,NEWTUSDT,calm,2026-05-25T21:00Z,calm,2026-05-25T21:00Z,2026-05-25T21:00Z
move-window/component/cross-coin,E0100,4,C044,BCHUSDT,large,2026-05-27T16:00Z,calm+large,2026-05-27T16:00Z,2026-05-28T21:00Z
move-window/component/cross-coin,E0100,4,C127,FHEUSDT,calm,2026-05-28T00:00Z,calm+large,2026-05-27T16:00Z,2026-05-28T21:00Z
move-window/component/cross-coin,E0100,4,C156,KOMAUSDT,large,2026-05-28T11:00Z,calm+large,2026-05-27T16:00Z,2026-05-28T21:00Z
move-window/component/cross-coin,E0100,4,C201,NEWTUSDT,large,2026-05-28T21:00Z,calm+large,2026-05-27T16:00Z,2026-05-28T21:00Z
move-window/component/cross-coin,E0101,3,C128,FHEUSDT,large,2026-05-31T06:00Z,calm+large,2026-05-30T05:00Z,2026-05-31T06:00Z
move-window/component/cross-coin,E0101,3,C246,NILUSDT,calm,2026-05-30T05:00Z,calm+large,2026-05-30T05:00Z,2026-05-31T06:00Z
move-window/component/cross-coin,E0101,3,C295,ZROUSDT,calm,2026-05-30T08:00Z,calm+large,2026-05-30T05:00Z,2026-05-31T06:00Z
move-window/component/cross-coin,E0102,2,C003,AVGOUSDT,large,2026-06-01T10:00Z,large,2026-06-01T10:00Z,2026-06-02T04:00Z
move-window/component/cross-coin,E0102,2,C045,BCHUSDT,large,2026-06-02T04:00Z,large,2026-06-01T10:00Z,2026-06-02T04:00Z
move-window/component/cross-coin,E0103,8,C004,AVGOUSDT,large,2026-06-03T12:00Z,large,2026-06-03T12:00Z,2026-06-05T12:00Z
move-window/component/cross-coin,E0103,8,C005,AVGOUSDT,large,2026-06-05T12:00Z,large,2026-06-03T12:00Z,2026-06-05T12:00Z
move-window/component/cross-coin,E0103,8,C046,BCHUSDT,large,2026-06-05T05:00Z,large,2026-06-03T12:00Z,2026-06-05T12:00Z
move-window/component/cross-coin,E0103,8,C086,FARTCOINUSDT,large,2026-06-04T19:00Z,large,2026-06-03T12:00Z,2026-06-05T12:00Z
move-window/component/cross-coin,E0103,8,C202,NEWTUSDT,large,2026-06-05T05:00Z,large,2026-06-03T12:00Z,2026-06-05T12:00Z
move-window/component/cross-coin,E0103,8,C247,NILUSDT,large,2026-06-03T22:00Z,large,2026-06-03T12:00Z,2026-06-05T12:00Z
move-window/component/cross-coin,E0103,8,C255,NOKUSDT,large,2026-06-05T03:00Z,large,2026-06-03T12:00Z,2026-06-05T12:00Z
move-window/component/cross-coin,E0103,8,C296,ZROUSDT,large,2026-06-04T19:00Z,large,2026-06-03T12:00Z,2026-06-05T12:00Z
move-window/component/cross-coin,E0104,7,C006,AVGOUSDT,calm,2026-06-10T07:00Z,calm+large,2026-06-08T01:00Z,2026-06-10T07:00Z
move-window/component/cross-coin,E0104,7,C047,BCHUSDT,large,2026-06-08T01:00Z,calm+large,2026-06-08T01:00Z,2026-06-10T07:00Z
move-window/component/cross-coin,E0104,7,C087,FARTCOINUSDT,calm,2026-06-08T14:00Z,calm+large,2026-06-08T01:00Z,2026-06-10T07:00Z
move-window/component/cross-coin,E0104,7,C157,KOMAUSDT,large,2026-06-10T01:00Z,calm+large,2026-06-08T01:00Z,2026-06-10T07:00Z
move-window/component/cross-coin,E0104,7,C256,NOKUSDT,calm,2026-06-09T00:00Z,calm+large,2026-06-08T01:00Z,2026-06-10T07:00Z
move-window/component/cross-coin,E0104,7,C297,ZROUSDT,calm,2026-06-09T18:00Z,calm+large,2026-06-08T01:00Z,2026-06-10T07:00Z
move-window/component/cross-coin,E0104,7,C298,ZROUSDT,calm,2026-06-09T21:00Z,calm+large,2026-06-08T01:00Z,2026-06-10T07:00Z
move-window/component/cross-coin,E0105,4,C048,BCHUSDT,large,2026-06-14T15:00Z,calm+large,2026-06-14T12:00Z,2026-06-14T18:00Z
move-window/component/cross-coin,E0105,4,C088,FARTCOINUSDT,large,2026-06-14T18:00Z,calm+large,2026-06-14T12:00Z,2026-06-14T18:00Z
move-window/component/cross-coin,E0105,4,C203,NEWTUSDT,calm,2026-06-14T12:00Z,calm+large,2026-06-14T12:00Z,2026-06-14T18:00Z
move-window/component/cross-coin,E0105,4,C299,ZROUSDT,large,2026-06-14T15:00Z,calm+large,2026-06-14T12:00Z,2026-06-14T18:00Z
move-window/component/cross-coin,E0106,4,C049,BCHUSDT,large,2026-06-17T16:00Z,calm+large,2026-06-16T12:00Z,2026-06-18T00:00Z
move-window/component/cross-coin,E0106,4,C158,KOMAUSDT,large,2026-06-16T12:00Z,calm+large,2026-06-16T12:00Z,2026-06-18T00:00Z
move-window/component/cross-coin,E0106,4,C204,NEWTUSDT,calm,2026-06-18T00:00Z,calm+large,2026-06-16T12:00Z,2026-06-18T00:00Z
move-window/component/cross-coin,E0106,4,C257,NOKUSDT,calm,2026-06-16T21:00Z,calm+large,2026-06-16T12:00Z,2026-06-18T00:00Z
move-window/component/cross-coin,E0107,1,C205,NEWTUSDT,calm,2026-06-19T21:00Z,calm,2026-06-19T21:00Z,2026-06-19T21:00Z
move-window/component/cross-coin,E0108,3,C007,AVGOUSDT,large,2026-06-22T13:00Z,calm+large,2026-06-21T08:00Z,2026-06-22T13:00Z
move-window/component/cross-coin,E0108,3,C159,KOMAUSDT,large,2026-06-22T04:00Z,calm+large,2026-06-21T08:00Z,2026-06-22T13:00Z
move-window/component/cross-coin,E0108,3,C206,NEWTUSDT,calm,2026-06-21T08:00Z,calm+large,2026-06-21T08:00Z,2026-06-22T13:00Z
move-window/component/cross-coin,E0109,2,C207,NEWTUSDT,large,2026-06-24T14:00Z,calm+large,2026-06-23T19:00Z,2026-06-24T14:00Z
move-window/component/cross-coin,E0109,2,C258,NOKUSDT,calm,2026-06-23T19:00Z,calm+large,2026-06-23T19:00Z,2026-06-24T14:00Z
move-window/component/cross-coin,E0110,3,C089,FARTCOINUSDT,calm,2026-06-26T22:00Z,calm,2026-06-25T23:00Z,2026-06-26T22:00Z
move-window/component/cross-coin,E0110,3,C160,KOMAUSDT,calm,2026-06-25T23:00Z,calm,2026-06-25T23:00Z,2026-06-26T22:00Z
move-window/component/cross-coin,E0110,3,C300,ZROUSDT,calm,2026-06-26T04:00Z,calm,2026-06-25T23:00Z,2026-06-26T22:00Z
move-window/component/cross-coin,E0111,3,C129,FHEUSDT,calm,2026-06-29T10:00Z,calm,2026-06-28T14:00Z,2026-06-29T10:00Z
move-window/component/cross-coin,E0111,3,C259,NOKUSDT,calm,2026-06-28T14:00Z,calm,2026-06-28T14:00Z,2026-06-29T10:00Z
move-window/component/cross-coin,E0111,3,C301,ZROUSDT,calm,2026-06-28T17:00Z,calm,2026-06-28T14:00Z,2026-06-29T10:00Z
move-window/component/cross-coin,E0112,4,C008,AVGOUSDT,calm,2026-07-03T05:00Z,calm+large,2026-07-02T07:00Z,2026-07-04T02:00Z
move-window/component/cross-coin,E0112,4,C090,FARTCOINUSDT,large,2026-07-02T07:00Z,calm+large,2026-07-02T07:00Z,2026-07-04T02:00Z
move-window/component/cross-coin,E0112,4,C161,KOMAUSDT,calm,2026-07-03T11:00Z,calm+large,2026-07-02T07:00Z,2026-07-04T02:00Z
move-window/component/cross-coin,E0112,4,C162,KOMAUSDT,calm,2026-07-04T02:00Z,calm+large,2026-07-02T07:00Z,2026-07-04T02:00Z
move-window/component/cross-coin,E0113,1,C163,KOMAUSDT,calm,2026-07-05T21:00Z,calm,2026-07-05T21:00Z,2026-07-05T21:00Z
move-window/component/cross-coin,E0114,2,C164,KOMAUSDT,calm,2026-07-07T06:00Z,calm,2026-07-07T00:00Z,2026-07-07T06:00Z
move-window/component/cross-coin,E0114,2,C248,NILUSDT,calm,2026-07-07T00:00Z,calm,2026-07-07T00:00Z,2026-07-07T06:00Z
move-window/component/cross-coin,E0115,2,C009,AVGOUSDT,large,2026-07-08T12:00Z,calm+large,2026-07-08T12:00Z,2026-07-09T00:00Z
move-window/component/cross-coin,E0115,2,C208,NEWTUSDT,calm,2026-07-09T00:00Z,calm+large,2026-07-08T12:00Z,2026-07-09T00:00Z
move-window/component/cross-coin,E0116,3,C165,KOMAUSDT,calm,2026-07-12T01:00Z,calm,2026-07-11T03:00Z,2026-07-12T01:00Z
move-window/component/cross-coin,E0116,3,C209,NEWTUSDT,calm,2026-07-11T03:00Z,calm,2026-07-11T03:00Z,2026-07-12T01:00Z
move-window/component/cross-coin,E0116,3,C302,ZROUSDT,calm,2026-07-11T04:00Z,calm,2026-07-11T03:00Z,2026-07-12T01:00Z
move-window/component/cross-coin,E0117,1,C130,FHEUSDT,calm,2026-07-13T15:00Z,calm,2026-07-13T15:00Z,2026-07-13T15:00Z
move-window/component/cross-coin,E0118,3,C010,AVGOUSDT,calm,2026-07-16T00:00Z,calm+large,2026-07-16T00:00Z,2026-07-16T14:00Z
move-window/component/cross-coin,E0118,3,C011,AVGOUSDT,calm,2026-07-16T14:00Z,calm+large,2026-07-16T00:00Z,2026-07-16T14:00Z
move-window/component/cross-coin,E0118,3,C260,NOKUSDT,large,2026-07-16T06:00Z,calm+large,2026-07-16T00:00Z,2026-07-16T14:00Z
move-window/component/cross-coin,E0119,1,C210,NEWTUSDT,calm,2026-07-17T23:00Z,calm,2026-07-17T23:00Z,2026-07-17T23:00Z
move-window/component/cross-coin,E0120,3,C091,FARTCOINUSDT,calm,2026-07-19T00:00Z,calm+large,2026-07-18T10:00Z,2026-07-19T21:00Z
move-window/component/cross-coin,E0120,3,C166,KOMAUSDT,large,2026-07-19T21:00Z,calm+large,2026-07-18T10:00Z,2026-07-19T21:00Z
move-window/component/cross-coin,E0120,3,C211,NEWTUSDT,calm,2026-07-18T10:00Z,calm+large,2026-07-18T10:00Z,2026-07-19T21:00Z
move-window/component/cross-coin,E0121,2,C012,AVGOUSDT,calm,2026-07-24T06:00Z,calm+large,2026-07-23T07:00Z,2026-07-24T06:00Z
move-window/component/cross-coin,E0121,2,C261,NOKUSDT,large,2026-07-23T07:00Z,calm+large,2026-07-23T07:00Z,2026-07-24T06:00Z
move-window/component/cross-coin,E0122,3,C167,KOMAUSDT,calm,2026-07-25T15:00Z,calm+large,2026-07-25T15:00Z,2026-07-26T20:00Z
move-window/component/cross-coin,E0122,3,C212,NEWTUSDT,calm,2026-07-26T20:00Z,calm+large,2026-07-25T15:00Z,2026-07-26T20:00Z
move-window/component/cross-coin,E0122,3,C249,NILUSDT,large,2026-07-26T11:00Z,calm+large,2026-07-25T15:00Z,2026-07-26T20:00Z
move-window/component/cross-coin,E0123,1,C050,BCHUSDT,calm,2026-07-28T19:00Z,calm,2026-07-28T19:00Z,2026-07-28T19:00Z
move-window/component/cross-coin,E0124,1,C051,BCHUSDT,calm,2026-07-29T02:00Z,calm,2026-07-29T02:00Z,2026-07-29T02:00Z
move-window/component/cross-coin,E0125,3,C052,BCHUSDT,calm,2026-07-30T09:00Z,calm+large,2026-07-30T07:00Z,2026-07-30T09:00Z
move-window/component/cross-coin,E0125,3,C168,KOMAUSDT,large,2026-07-30T08:00Z,calm+large,2026-07-30T07:00Z,2026-07-30T09:00Z
move-window/component/cross-coin,E0125,3,C262,NOKUSDT,large,2026-07-30T07:00Z,calm+large,2026-07-30T07:00Z,2026-07-30T09:00Z
move-window/component/cross-coin,E0126,1,C169,KOMAUSDT,large,2026-08-01T10:00Z,large,2026-08-01T10:00Z,2026-08-01T10:00Z
move-window/component/cross-coin,E0127,7,C013,AVGOUSDT,large,2026-08-03T18:00Z,calm+large,2026-08-03T18:00Z,2026-08-06T19:00Z
move-window/component/cross-coin,E0127,7,C053,BCHUSDT,calm,2026-08-04T20:00Z,calm+large,2026-08-03T18:00Z,2026-08-06T19:00Z
move-window/component/cross-coin,E0127,7,C092,FARTCOINUSDT,calm,2026-08-05T17:00Z,calm+large,2026-08-03T18:00Z,2026-08-06T19:00Z
move-window/component/cross-coin,E0127,7,C093,FARTCOINUSDT,calm,2026-08-05T21:00Z,calm+large,2026-08-03T18:00Z,2026-08-06T19:00Z
move-window/component/cross-coin,E0127,7,C170,KOMAUSDT,large,2026-08-03T21:00Z,calm+large,2026-08-03T18:00Z,2026-08-06T19:00Z
move-window/component/cross-coin,E0127,7,C171,KOMAUSDT,large,2026-08-06T03:00Z,calm+large,2026-08-03T18:00Z,2026-08-06T19:00Z
move-window/component/cross-coin,E0127,7,C250,NILUSDT,large,2026-08-06T19:00Z,calm+large,2026-08-03T18:00Z,2026-08-06T19:00Z
move-window/component/cross-coin,E0128,3,C131,FHEUSDT,calm,2026-08-09T13:00Z,calm+large,2026-08-09T05:00Z,2026-08-09T14:00Z
move-window/component/cross-coin,E0128,3,C251,NILUSDT,large,2026-08-09T05:00Z,calm+large,2026-08-09T05:00Z,2026-08-09T14:00Z
move-window/component/cross-coin,E0128,3,C303,ZROUSDT,calm,2026-08-09T14:00Z,calm+large,2026-08-09T05:00Z,2026-08-09T14:00Z
move-window/component/cross-coin,E0129,3,C132,FHEUSDT,calm,2026-08-11T15:00Z,calm+large,2026-08-11T12:00Z,2026-08-11T23:00Z
move-window/component/cross-coin,E0129,3,C252,NILUSDT,large,2026-08-11T23:00Z,calm+large,2026-08-11T12:00Z,2026-08-11T23:00Z
move-window/component/cross-coin,E0129,3,C263,NOKUSDT,large,2026-08-11T12:00Z,calm+large,2026-08-11T12:00Z,2026-08-11T23:00Z
move-window/component/cross-coin,E0130,2,C014,AVGOUSDT,large,2026-08-13T19:00Z,calm+large,2026-08-13T07:00Z,2026-08-13T19:00Z
move-window/component/cross-coin,E0130,2,C304,ZROUSDT,calm,2026-08-13T07:00Z,calm+large,2026-08-13T07:00Z,2026-08-13T19:00Z
move-window/component/cross-coin,E0131,2,C253,NILUSDT,large,2026-08-14T19:00Z,calm+large,2026-08-14T19:00Z,2026-08-15T13:00Z
move-window/component/cross-coin,E0131,2,C264,NOKUSDT,calm,2026-08-15T13:00Z,calm+large,2026-08-14T19:00Z,2026-08-15T13:00Z
move-window/component/cross-coin,E0132,1,C172,KOMAUSDT,calm,2026-08-17T03:00Z,calm,2026-08-17T03:00Z,2026-08-17T03:00Z
move-window/component/cross-coin,E0133,4,C054,BCHUSDT,large,2026-08-21T03:00Z,calm+large,2026-08-21T01:00Z,2026-08-21T05:00Z
move-window/component/cross-coin,E0133,4,C094,FARTCOINUSDT,large,2026-08-21T05:00Z,calm+large,2026-08-21T01:00Z,2026-08-21T05:00Z
move-window/component/cross-coin,E0133,4,C133,FHEUSDT,calm,2026-08-21T01:00Z,calm+large,2026-08-21T01:00Z,2026-08-21T05:00Z
move-window/component/cross-coin,E0133,4,C213,NEWTUSDT,large,2026-08-21T04:00Z,calm+large,2026-08-21T01:00Z,2026-08-21T05:00Z
move-window/component/cross-coin,E0134,2,C173,KOMAUSDT,large,2026-08-22T05:00Z,large,2026-08-22T05:00Z,2026-08-22T08:00Z
move-window/component/cross-coin,E0134,2,C305,ZROUSDT,large,2026-08-22T08:00Z,large,2026-08-22T05:00Z,2026-08-22T08:00Z
move-window/component/cross-coin,E0135,3,C134,FHEUSDT,calm,2026-08-24T13:00Z,calm+large,2026-08-24T08:00Z,2026-08-24T17:00Z
move-window/component/cross-coin,E0135,3,C214,NEWTUSDT,calm,2026-08-24T08:00Z,calm+large,2026-08-24T08:00Z,2026-08-24T17:00Z
move-window/component/cross-coin,E0135,3,C306,ZROUSDT,large,2026-08-24T17:00Z,calm+large,2026-08-24T08:00Z,2026-08-24T17:00Z
move-window/component/cross-coin,E0136,2,C174,KOMAUSDT,large,2026-08-28T19:00Z,large,2026-08-28T19:00Z,2026-08-28T19:00Z
move-window/component/cross-coin,E0136,2,C254,NILUSDT,large,2026-08-28T19:00Z,large,2026-08-28T19:00Z,2026-08-28T19:00Z
move-window/greedy-clique/any,E0001,3,C135,KOMAUSDT,calm,2025-09-03T01:00Z,calm,2025-09-02T14:00Z,2025-09-03T10:00Z
move-window/greedy-clique/any,E0001,3,C215,NILUSDT,calm,2025-09-03T10:00Z,calm,2025-09-02T14:00Z,2025-09-03T10:00Z
move-window/greedy-clique/any,E0001,3,C267,ZROUSDT,calm,2025-09-02T14:00Z,calm,2025-09-02T14:00Z,2025-09-03T10:00Z
move-window/greedy-clique/any,E0002,1,C095,FHEUSDT,calm,2025-09-06T07:00Z,calm,2025-09-06T07:00Z,2025-09-06T07:00Z
move-window/greedy-clique/any,E0003,2,C175,NEWTUSDT,large,2025-09-08T07:00Z,calm+large,2025-09-07T09:00Z,2025-09-08T07:00Z
move-window/greedy-clique/any,E0003,2,C216,NILUSDT,calm,2025-09-07T09:00Z,calm+large,2025-09-07T09:00Z,2025-09-08T07:00Z
move-window/greedy-clique/any,E0004,2,C217,NILUSDT,calm,2025-09-09T15:00Z,calm+large,2025-09-09T15:00Z,2025-09-09T19:00Z
move-window/greedy-clique/any,E0004,2,C265,OMNIUSDT,large,2025-09-09T19:00Z,calm+large,2025-09-09T15:00Z,2025-09-09T19:00Z
move-window/greedy-clique/any,E0005,2,C176,NEWTUSDT,calm,2025-09-13T11:00Z,calm,2025-09-13T11:00Z,2025-09-13T14:00Z
move-window/greedy-clique/any,E0005,2,C177,NEWTUSDT,calm,2025-09-13T14:00Z,calm,2025-09-13T11:00Z,2025-09-13T14:00Z
move-window/greedy-clique/any,E0006,2,C055,FARTCOINUSDT,calm,2025-09-15T22:00Z,calm,2025-09-15T22:00Z,2025-09-16T05:00Z
move-window/greedy-clique/any,E0006,2,C218,NILUSDT,calm,2025-09-16T05:00Z,calm,2025-09-15T22:00Z,2025-09-16T05:00Z
move-window/greedy-clique/any,E0007,2,C096,FHEUSDT,calm,2025-09-17T17:00Z,calm,2025-09-17T17:00Z,2025-09-18T14:00Z
move-window/greedy-clique/any,E0007,2,C268,ZROUSDT,calm,2025-09-18T14:00Z,calm,2025-09-17T17:00Z,2025-09-18T14:00Z
move-window/greedy-clique/any,E0008,2,C015,BCHUSDT,calm,2025-09-19T08:00Z,calm,2025-09-19T08:00Z,2025-09-19T21:00Z
move-window/greedy-clique/any,E0008,2,C097,FHEUSDT,calm,2025-09-19T21:00Z,calm,2025-09-19T08:00Z,2025-09-19T21:00Z
move-window/greedy-clique/any,E0009,5,C016,BCHUSDT,calm,2025-09-21T09:00Z,calm+large,2025-09-21T00:00Z,2025-09-21T16:00Z
move-window/greedy-clique/any,E0009,5,C056,FARTCOINUSDT,large,2025-09-21T08:00Z,calm+large,2025-09-21T00:00Z,2025-09-21T16:00Z
move-window/greedy-clique/any,E0009,5,C136,KOMAUSDT,large,2025-09-21T07:00Z,calm+large,2025-09-21T00:00Z,2025-09-21T16:00Z
move-window/greedy-clique/any,E0009,5,C178,NEWTUSDT,large,2025-09-21T16:00Z,calm+large,2025-09-21T00:00Z,2025-09-21T16:00Z
move-window/greedy-clique/any,E0009,5,C266,OMNIUSDT,calm,2025-09-21T00:00Z,calm+large,2025-09-21T00:00Z,2025-09-21T16:00Z
move-window/greedy-clique/any,E0010,1,C269,ZROUSDT,large,2025-09-23T12:00Z,large,2025-09-23T12:00Z,2025-09-23T12:00Z
move-window/greedy-clique/any,E0011,1,C137,KOMAUSDT,calm,2025-09-28T17:00Z,calm,2025-09-28T17:00Z,2025-09-28T17:00Z
move-window/greedy-clique/any,E0012,1,C098,FHEUSDT,calm,2025-09-29T18:00Z,calm,2025-09-29T18:00Z,2025-09-29T18:00Z
move-window/greedy-clique/any,E0013,3,C179,NEWTUSDT,large,2025-09-30T19:00Z,large,2025-09-30T19:00Z,2025-10-01T07:00Z
move-window/greedy-clique/any,E0013,3,C219,NILUSDT,large,2025-10-01T07:00Z,large,2025-09-30T19:00Z,2025-10-01T07:00Z
move-window/greedy-clique/any,E0013,3,C270,ZROUSDT,large,2025-10-01T07:00Z,large,2025-09-30T19:00Z,2025-10-01T07:00Z
move-window/greedy-clique/any,E0014,1,C271,ZROUSDT,calm,2025-10-04T16:00Z,calm,2025-10-04T16:00Z,2025-10-04T16:00Z
move-window/greedy-clique/any,E0015,2,C057,FARTCOINUSDT,calm,2025-10-06T03:00Z,calm,2025-10-06T03:00Z,2025-10-06T22:00Z
move-window/greedy-clique/any,E0015,2,C220,NILUSDT,calm,2025-10-06T22:00Z,calm,2025-10-06T03:00Z,2025-10-06T22:00Z
move-window/greedy-clique/any,E0016,1,C138,KOMAUSDT,large,2025-10-07T05:00Z,large,2025-10-07T05:00Z,2025-10-07T05:00Z
move-window/greedy-clique/any,E0017,6,C017,BCHUSDT,large,2025-10-10T02:00Z,large,2025-10-09T10:00Z,2025-10-10T05:00Z
move-window/greedy-clique/any,E0017,6,C099,FHEUSDT,large,2025-10-09T22:00Z,large,2025-10-09T10:00Z,2025-10-10T05:00Z
move-window/greedy-clique/any,E0017,6,C139,KOMAUSDT,large,2025-10-09T10:00Z,large,2025-10-09T10:00Z,2025-10-10T05:00Z
move-window/greedy-clique/any,E0017,6,C180,NEWTUSDT,large,2025-10-09T22:00Z,large,2025-10-09T10:00Z,2025-10-10T05:00Z
move-window/greedy-clique/any,E0017,6,C221,NILUSDT,large,2025-10-10T05:00Z,large,2025-10-09T10:00Z,2025-10-10T05:00Z
move-window/greedy-clique/any,E0017,6,C272,ZROUSDT,large,2025-10-09T22:00Z,large,2025-10-09T10:00Z,2025-10-10T05:00Z
move-window/greedy-clique/any,E0018,1,C058,FARTCOINUSDT,large,2025-10-10T14:00Z,large,2025-10-10T14:00Z,2025-10-10T14:00Z
move-window/greedy-clique/any,E0019,4,C018,BCHUSDT,large,2025-10-12T02:00Z,large,2025-10-12T02:00Z,2025-10-12T14:00Z
move-window/greedy-clique/any,E0019,4,C059,FARTCOINUSDT,large,2025-10-12T14:00Z,large,2025-10-12T02:00Z,2025-10-12T14:00Z
move-window/greedy-clique/any,E0019,4,C181,NEWTUSDT,large,2025-10-12T14:00Z,large,2025-10-12T02:00Z,2025-10-12T14:00Z
move-window/greedy-clique/any,E0019,4,C273,ZROUSDT,large,2025-10-12T02:00Z,large,2025-10-12T02:00Z,2025-10-12T14:00Z
move-window/greedy-clique/any,E0020,3,C019,BCHUSDT,large,2025-10-16T09:00Z,large,2025-10-16T08:00Z,2025-10-17T01:00Z
move-window/greedy-clique/any,E0020,3,C100,FHEUSDT,large,2025-10-17T01:00Z,large,2025-10-16T08:00Z,2025-10-17T01:00Z
move-window/greedy-clique/any,E0020,3,C182,NEWTUSDT,large,2025-10-16T08:00Z,large,2025-10-16T08:00Z,2025-10-17T01:00Z
move-window/greedy-clique/any,E0021,2,C140,KOMAUSDT,large,2025-10-17T09:00Z,calm+large,2025-10-17T09:00Z,2025-10-18T05:00Z
move-window/greedy-clique/any,E0021,2,C222,NILUSDT,calm,2025-10-18T05:00Z,calm+large,2025-10-17T09:00Z,2025-10-18T05:00Z
move-window/greedy-clique/any,E0022,1,C223,NILUSDT,large,2025-10-21T10:00Z,large,2025-10-21T10:00Z,2025-10-21T10:00Z
move-window/greedy-clique/any,E0023,1,C020,BCHUSDT,large,2025-10-25T13:00Z,large,2025-10-25T13:00Z,2025-10-25T13:00Z
move-window/greedy-clique/any,E0024,3,C060,FARTCOINUSDT,large,2025-10-29T21:00Z,calm+large,2025-10-29T10:00Z,2025-10-29T21:00Z
move-window/greedy-clique/any,E0024,3,C183,NEWTUSDT,large,2025-10-29T21:00Z,calm+large,2025-10-29T10:00Z,2025-10-29T21:00Z
move-window/greedy-clique/any,E0024,3,C224,NILUSDT,calm,2025-10-29T10:00Z,calm+large,2025-10-29T10:00Z,2025-10-29T21:00Z
move-window/greedy-clique/any,E0025,1,C225,NILUSDT,calm,2025-10-30T19:00Z,calm,2025-10-30T19:00Z,2025-10-30T19:00Z
move-window/greedy-clique/any,E0026,2,C021,BCHUSDT,calm,2025-11-01T04:00Z,calm,2025-10-31T22:00Z,2025-11-01T04:00Z
move-window/greedy-clique/any,E0026,2,C101,FHEUSDT,calm,2025-10-31T22:00Z,calm,2025-10-31T22:00Z,2025-11-01T04:00Z
move-window/greedy-clique/any,E0027,3,C061,FARTCOINUSDT,large,2025-11-03T08:00Z,large,2025-11-02T21:00Z,2025-11-03T08:00Z
move-window/greedy-clique/any,E0027,3,C184,NEWTUSDT,large,2025-11-02T21:00Z,large,2025-11-02T21:00Z,2025-11-03T08:00Z
move-window/greedy-clique/any,E0027,3,C226,NILUSDT,large,2025-11-03T00:00Z,large,2025-11-02T21:00Z,2025-11-03T08:00Z
move-window/greedy-clique/any,E0028,2,C022,BCHUSDT,calm,2025-11-04T23:00Z,calm,2025-11-04T20:00Z,2025-11-04T23:00Z
move-window/greedy-clique/any,E0028,2,C141,KOMAUSDT,calm,2025-11-04T20:00Z,calm,2025-11-04T20:00Z,2025-11-04T23:00Z
move-window/greedy-clique/any,E0029,3,C062,FARTCOINUSDT,large,2025-11-06T21:00Z,calm+large,2025-11-06T08:00Z,2025-11-06T21:00Z
move-window/greedy-clique/any,E0029,3,C185,NEWTUSDT,calm,2025-11-06T14:00Z,calm+large,2025-11-06T08:00Z,2025-11-06T21:00Z
move-window/greedy-clique/any,E0029,3,C274,ZROUSDT,large,2025-11-06T08:00Z,calm+large,2025-11-06T08:00Z,2025-11-06T21:00Z
move-window/greedy-clique/any,E0030,1,C023,BCHUSDT,calm,2025-11-07T08:00Z,calm,2025-11-07T08:00Z,2025-11-07T08:00Z
move-window/greedy-clique/any,E0031,3,C024,BCHUSDT,calm,2025-11-15T03:00Z,calm,2025-11-14T06:00Z,2025-11-15T03:00Z
move-window/greedy-clique/any,E0031,3,C102,FHEUSDT,calm,2025-11-14T07:00Z,calm,2025-11-14T06:00Z,2025-11-15T03:00Z
move-window/greedy-clique/any,E0031,3,C142,KOMAUSDT,calm,2025-11-14T06:00Z,calm,2025-11-14T06:00Z,2025-11-15T03:00Z
move-window/greedy-clique/any,E0032,2,C186,NEWTUSDT,calm,2025-11-15T14:00Z,calm+large,2025-11-15T14:00Z,2025-11-15T21:00Z
move-window/greedy-clique/any,E0032,2,C227,NILUSDT,large,2025-11-15T21:00Z,calm+large,2025-11-15T14:00Z,2025-11-15T21:00Z
move-window/greedy-clique/any,E0033,1,C275,ZROUSDT,calm,2025-11-17T08:00Z,calm,2025-11-17T08:00Z,2025-11-17T08:00Z
move-window/greedy-clique/any,E0034,2,C025,BCHUSDT,large,2025-11-18T20:00Z,large,2025-11-18T19:00Z,2025-11-18T20:00Z
move-window/greedy-clique/any,E0034,2,C228,NILUSDT,large,2025-11-18T19:00Z,large,2025-11-18T19:00Z,2025-11-18T20:00Z
move-window/greedy-clique/any,E0035,4,C026,BCHUSDT,large,2025-11-21T12:00Z,large,2025-11-20T14:00Z,2025-11-21T12:00Z
move-window/greedy-clique/any,E0035,4,C063,FARTCOINUSDT,large,2025-11-20T23:00Z,large,2025-11-20T14:00Z,2025-11-21T12:00Z
move-window/greedy-clique/any,E0035,4,C187,NEWTUSDT,large,2025-11-20T14:00Z,large,2025-11-20T14:00Z,2025-11-21T12:00Z
move-window/greedy-clique/any,E0035,4,C229,NILUSDT,large,2025-11-20T23:00Z,large,2025-11-20T14:00Z,2025-11-21T12:00Z
move-window/greedy-clique/any,E0036,1,C064,FARTCOINUSDT,large,2025-11-23T21:00Z,large,2025-11-23T21:00Z,2025-11-23T21:00Z
move-window/greedy-clique/any,E0037,2,C065,FARTCOINUSDT,large,2025-11-25T22:00Z,calm+large,2025-11-25T22:00Z,2025-11-26T19:00Z
move-window/greedy-clique/any,E0037,2,C188,NEWTUSDT,calm,2025-11-26T19:00Z,calm+large,2025-11-25T22:00Z,2025-11-26T19:00Z
move-window/greedy-clique/any,E0038,1,C103,FHEUSDT,calm,2025-11-27T16:00Z,calm,2025-11-27T16:00Z,2025-11-27T16:00Z
move-window/greedy-clique/any,E0039,4,C027,BCHUSDT,large,2025-12-02T05:00Z,calm+large,2025-12-01T16:00Z,2025-12-02T05:00Z
move-window/greedy-clique/any,E0039,4,C066,FARTCOINUSDT,large,2025-12-01T16:00Z,calm+large,2025-12-01T16:00Z,2025-12-02T05:00Z
move-window/greedy-clique/any,E0039,4,C189,NEWTUSDT,calm,2025-12-02T05:00Z,calm+large,2025-12-01T16:00Z,2025-12-02T05:00Z
move-window/greedy-clique/any,E0039,4,C276,ZROUSDT,large,2025-12-01T18:00Z,calm+large,2025-12-01T16:00Z,2025-12-02T05:00Z
move-window/greedy-clique/any,E0040,1,C067,FARTCOINUSDT,large,2025-12-03T21:00Z,large,2025-12-03T21:00Z,2025-12-03T21:00Z
move-window/greedy-clique/any,E0041,1,C104,FHEUSDT,large,2025-12-06T19:00Z,large,2025-12-06T19:00Z,2025-12-06T19:00Z
move-window/greedy-clique/any,E0042,2,C105,FHEUSDT,large,2025-12-09T22:00Z,large,2025-12-09T05:00Z,2025-12-09T22:00Z
move-window/greedy-clique/any,E0042,2,C230,NILUSDT,large,2025-12-09T05:00Z,large,2025-12-09T05:00Z,2025-12-09T22:00Z
move-window/greedy-clique/any,E0043,1,C277,ZROUSDT,calm,2025-12-10T07:00Z,calm,2025-12-10T07:00Z,2025-12-10T07:00Z
move-window/greedy-clique/any,E0044,2,C028,BCHUSDT,calm,2025-12-15T02:00Z,calm+large,2025-12-15T02:00Z,2025-12-15T04:00Z
move-window/greedy-clique/any,E0044,2,C106,FHEUSDT,large,2025-12-15T04:00Z,calm+large,2025-12-15T02:00Z,2025-12-15T04:00Z
move-window/greedy-clique/any,E0045,1,C231,NILUSDT,calm,2025-12-16T18:00Z,calm,2025-12-16T18:00Z,2025-12-16T18:00Z
move-window/greedy-clique/any,E0046,3,C029,BCHUSDT,large,2025-12-18T20:00Z,calm+large,2025-12-18T01:00Z,2025-12-18T20:00Z
move-window/greedy-clique/any,E0046,3,C068,FARTCOINUSDT,large,2025-12-18T01:00Z,calm+large,2025-12-18T01:00Z,2025-12-18T20:00Z
move-window/greedy-clique/any,E0046,3,C143,KOMAUSDT,calm,2025-12-18T05:00Z,calm+large,2025-12-18T01:00Z,2025-12-18T20:00Z
move-window/greedy-clique/any,E0047,2,C107,FHEUSDT,large,2025-12-19T15:00Z,large,2025-12-19T13:00Z,2025-12-19T15:00Z
move-window/greedy-clique/any,E0047,2,C190,NEWTUSDT,large,2025-12-19T13:00Z,large,2025-12-19T13:00Z,2025-12-19T15:00Z
move-window/greedy-clique/any,E0048,1,C191,NEWTUSDT,large,2025-12-24T11:00Z,large,2025-12-24T11:00Z,2025-12-24T11:00Z
move-window/greedy-clique/any,E0049,1,C232,NILUSDT,large,2025-12-26T01:00Z,large,2025-12-26T01:00Z,2025-12-26T01:00Z
move-window/greedy-clique/any,E0050,1,C108,FHEUSDT,calm,2025-12-29T00:00Z,calm,2025-12-29T00:00Z,2025-12-29T00:00Z
move-window/greedy-clique/any,E0051,1,C144,KOMAUSDT,calm,2025-12-30T01:00Z,calm,2025-12-30T01:00Z,2025-12-30T01:00Z
move-window/greedy-clique/any,E0052,2,C069,FARTCOINUSDT,large,2026-01-02T03:00Z,calm+large,2026-01-02T03:00Z,2026-01-02T07:00Z
move-window/greedy-clique/any,E0052,2,C145,KOMAUSDT,calm,2026-01-02T07:00Z,calm+large,2026-01-02T03:00Z,2026-01-02T07:00Z
move-window/greedy-clique/any,E0053,1,C070,FARTCOINUSDT,large,2026-01-05T14:00Z,large,2026-01-05T14:00Z,2026-01-05T14:00Z
move-window/greedy-clique/any,E0054,3,C030,BCHUSDT,calm,2026-01-06T17:00Z,calm+large,2026-01-06T02:00Z,2026-01-07T00:00Z
move-window/greedy-clique/any,E0054,3,C109,FHEUSDT,large,2026-01-06T02:00Z,calm+large,2026-01-06T02:00Z,2026-01-07T00:00Z
move-window/greedy-clique/any,E0054,3,C233,NILUSDT,calm,2026-01-07T00:00Z,calm+large,2026-01-06T02:00Z,2026-01-07T00:00Z
move-window/greedy-clique/any,E0055,2,C146,KOMAUSDT,calm,2026-01-08T17:00Z,calm,2026-01-08T17:00Z,2026-01-09T11:00Z
move-window/greedy-clique/any,E0055,2,C192,NEWTUSDT,calm,2026-01-09T11:00Z,calm,2026-01-08T17:00Z,2026-01-09T11:00Z
move-window/greedy-clique/any,E0056,1,C278,ZROUSDT,calm,2026-01-12T05:00Z,calm,2026-01-12T05:00Z,2026-01-12T05:00Z
move-window/greedy-clique/any,E0057,2,C071,FARTCOINUSDT,calm,2026-01-13T16:00Z,calm+large,2026-01-13T16:00Z,2026-01-14T12:00Z
move-window/greedy-clique/any,E0057,2,C110,FHEUSDT,large,2026-01-14T12:00Z,calm+large,2026-01-13T16:00Z,2026-01-14T12:00Z
move-window/greedy-clique/any,E0058,1,C072,FARTCOINUSDT,calm,2026-01-14T20:00Z,calm,2026-01-14T20:00Z,2026-01-14T20:00Z
move-window/greedy-clique/any,E0059,1,C111,FHEUSDT,large,2026-01-16T14:00Z,large,2026-01-16T14:00Z,2026-01-16T14:00Z
move-window/greedy-clique/any,E0060,2,C112,FHEUSDT,large,2026-01-18T14:00Z,calm+large,2026-01-18T14:00Z,2026-01-18T22:00Z
move-window/greedy-clique/any,E0060,2,C234,NILUSDT,calm,2026-01-18T22:00Z,calm+large,2026-01-18T14:00Z,2026-01-18T22:00Z
move-window/greedy-clique/any,E0061,2,C113,FHEUSDT,large,2026-01-20T16:00Z,large,2026-01-20T16:00Z,2026-01-20T16:00Z
move-window/greedy-clique/any,E0061,2,C279,ZROUSDT,large,2026-01-20T16:00Z,large,2026-01-20T16:00Z,2026-01-20T16:00Z
move-window/greedy-clique/any,E0062,2,C235,NILUSDT,calm,2026-01-22T08:00Z,calm+large,2026-01-22T08:00Z,2026-01-22T17:00Z
move-window/greedy-clique/any,E0062,2,C280,ZROUSDT,large,2026-01-22T17:00Z,calm+large,2026-01-22T08:00Z,2026-01-22T17:00Z
move-window/greedy-clique/any,E0063,1,C193,NEWTUSDT,large,2026-01-24T01:00Z,large,2026-01-24T01:00Z,2026-01-24T01:00Z
move-window/greedy-clique/any,E0064,3,C031,BCHUSDT,large,2026-01-30T20:00Z,large,2026-01-30T20:00Z,2026-01-30T20:00Z
move-window/greedy-clique/any,E0064,3,C194,NEWTUSDT,large,2026-01-30T20:00Z,large,2026-01-30T20:00Z,2026-01-30T20:00Z
move-window/greedy-clique/any,E0064,3,C281,ZROUSDT,large,2026-01-30T20:00Z,large,2026-01-30T20:00Z,2026-01-30T20:00Z
move-window/greedy-clique/any,E0065,1,C236,NILUSDT,calm,2026-02-01T21:00Z,calm,2026-02-01T21:00Z,2026-02-01T21:00Z
move-window/greedy-clique/any,E0066,2,C114,FHEUSDT,large,2026-02-03T15:00Z,calm+large,2026-02-03T03:00Z,2026-02-03T15:00Z
move-window/greedy-clique/any,E0066,2,C147,KOMAUSDT,calm,2026-02-03T03:00Z,calm+large,2026-02-03T03:00Z,2026-02-03T15:00Z
move-window/greedy-clique/any,E0067,2,C195,NEWTUSDT,large,2026-02-05T01:00Z,large,2026-02-05T00:00Z,2026-02-05T01:00Z
move-window/greedy-clique/any,E0067,2,C282,ZROUSDT,large,2026-02-05T00:00Z,large,2026-02-05T00:00Z,2026-02-05T01:00Z
move-window/greedy-clique/any,E0068,1,C032,BCHUSDT,large,2026-02-06T03:00Z,large,2026-02-06T03:00Z,2026-02-06T03:00Z
move-window/greedy-clique/any,E0069,1,C115,FHEUSDT,large,2026-02-09T14:00Z,large,2026-02-09T14:00Z,2026-02-09T14:00Z
move-window/greedy-clique/any,E0070,3,C073,FARTCOINUSDT,calm,2026-02-11T10:00Z,calm+large,2026-02-10T11:00Z,2026-02-11T10:00Z
move-window/greedy-clique/any,E0070,3,C237,NILUSDT,large,2026-02-10T11:00Z,calm+large,2026-02-10T11:00Z,2026-02-11T10:00Z
move-window/greedy-clique/any,E0070,3,C283,ZROUSDT,large,2026-02-10T14:00Z,calm+large,2026-02-10T11:00Z,2026-02-11T10:00Z
move-window/greedy-clique/any,E0071,1,C116,FHEUSDT,large,2026-02-11T14:00Z,large,2026-02-11T14:00Z,2026-02-11T14:00Z
move-window/greedy-clique/any,E0072,1,C033,BCHUSDT,large,2026-02-12T22:00Z,large,2026-02-12T22:00Z,2026-02-12T22:00Z
move-window/greedy-clique/any,E0073,1,C117,FHEUSDT,large,2026-02-15T06:00Z,large,2026-02-15T06:00Z,2026-02-15T06:00Z
move-window/greedy-clique/any,E0074,1,C074,FARTCOINUSDT,calm,2026-02-17T17:00Z,calm,2026-02-17T17:00Z,2026-02-17T17:00Z
move-window/greedy-clique/any,E0075,1,C284,ZROUSDT,large,2026-02-19T16:00Z,large,2026-02-19T16:00Z,2026-02-19T16:00Z
move-window/greedy-clique/any,E0076,1,C034,BCHUSDT,large,2026-02-23T00:00Z,large,2026-02-23T00:00Z,2026-02-23T00:00Z
move-window/greedy-clique/any,E0077,1,C196,NEWTUSDT,large,2026-02-26T12:00Z,large,2026-02-26T12:00Z,2026-02-26T12:00Z
move-window/greedy-clique/any,E0078,2,C118,FHEUSDT,calm,2026-02-28T08:00Z,calm+large,2026-02-28T08:00Z,2026-02-28T09:00Z
move-window/greedy-clique/any,E0078,2,C285,ZROUSDT,large,2026-02-28T09:00Z,calm+large,2026-02-28T08:00Z,2026-02-28T09:00Z
move-window/greedy-clique/any,E0079,3,C075,FARTCOINUSDT,calm,2026-03-02T05:00Z,calm,2026-03-02T05:00Z,2026-03-03T03:00Z
move-window/greedy-clique/any,E0079,3,C119,FHEUSDT,calm,2026-03-03T03:00Z,calm,2026-03-02T05:00Z,2026-03-03T03:00Z
move-window/greedy-clique/any,E0079,3,C238,NILUSDT,calm,2026-03-02T09:00Z,calm,2026-03-02T05:00Z,2026-03-03T03:00Z
move-window/greedy-clique/any,E0080,1,C120,FHEUSDT,large,2026-03-06T13:00Z,large,2026-03-06T13:00Z,2026-03-06T13:00Z
move-window/greedy-clique/any,E0081,2,C035,BCHUSDT,calm,2026-03-07T23:00Z,calm,2026-03-07T23:00Z,2026-03-08T22:00Z
move-window/greedy-clique/any,E0081,2,C239,NILUSDT,calm,2026-03-08T22:00Z,calm,2026-03-07T23:00Z,2026-03-08T22:00Z
move-window/greedy-clique/any,E0082,1,C076,FARTCOINUSDT,calm,2026-03-10T00:00Z,calm,2026-03-10T00:00Z,2026-03-10T00:00Z
move-window/greedy-clique/any,E0083,2,C121,FHEUSDT,calm,2026-03-12T23:00Z,calm,2026-03-12T23:00Z,2026-03-12T23:00Z
move-window/greedy-clique/any,E0083,2,C286,ZROUSDT,calm,2026-03-12T23:00Z,calm,2026-03-12T23:00Z,2026-03-12T23:00Z
move-window/greedy-clique/any,E0084,2,C077,FARTCOINUSDT,large,2026-03-16T02:00Z,calm+large,2026-03-16T02:00Z,2026-03-16T10:00Z
move-window/greedy-clique/any,E0084,2,C148,KOMAUSDT,calm,2026-03-16T10:00Z,calm+large,2026-03-16T02:00Z,2026-03-16T10:00Z
move-window/greedy-clique/any,E0085,1,C036,BCHUSDT,calm,2026-03-18T17:00Z,calm,2026-03-18T17:00Z,2026-03-18T17:00Z
move-window/greedy-clique/any,E0086,1,C287,ZROUSDT,calm,2026-03-19T19:00Z,calm,2026-03-19T19:00Z,2026-03-19T19:00Z
move-window/greedy-clique/any,E0087,1,C037,BCHUSDT,calm,2026-03-21T21:00Z,calm,2026-03-21T21:00Z,2026-03-21T21:00Z
move-window/greedy-clique/any,E0088,1,C288,ZROUSDT,large,2026-03-23T01:00Z,large,2026-03-23T01:00Z,2026-03-23T01:00Z
move-window/greedy-clique/any,E0089,1,C240,NILUSDT,calm,2026-03-25T03:00Z,calm,2026-03-25T03:00Z,2026-03-25T03:00Z
move-window/greedy-clique/any,E0090,1,C038,BCHUSDT,calm,2026-03-30T04:00Z,calm,2026-03-30T04:00Z,2026-03-30T04:00Z
move-window/greedy-clique/any,E0091,1,C149,KOMAUSDT,large,2026-04-04T13:00Z,large,2026-04-04T13:00Z,2026-04-04T13:00Z
move-window/greedy-clique/any,E0092,2,C150,KOMAUSDT,large,2026-04-06T15:00Z,large,2026-04-06T15:00Z,2026-04-07T03:00Z
move-window/greedy-clique/any,E0092,2,C289,ZROUSDT,large,2026-04-07T03:00Z,large,2026-04-06T15:00Z,2026-04-07T03:00Z
move-window/greedy-clique/any,E0093,2,C078,FARTCOINUSDT,large,2026-04-08T23:00Z,calm+large,2026-04-08T02:00Z,2026-04-08T23:00Z
move-window/greedy-clique/any,E0093,2,C241,NILUSDT,calm,2026-04-08T02:00Z,calm+large,2026-04-08T02:00Z,2026-04-08T23:00Z
move-window/greedy-clique/any,E0094,1,C197,NEWTUSDT,calm,2026-04-10T16:00Z,calm,2026-04-10T16:00Z,2026-04-10T16:00Z
move-window/greedy-clique/any,E0095,2,C122,FHEUSDT,calm,2026-04-12T11:00Z,calm+large,2026-04-12T11:00Z,2026-04-13T02:00Z
move-window/greedy-clique/any,E0095,2,C151,KOMAUSDT,large,2026-04-13T02:00Z,calm+large,2026-04-12T11:00Z,2026-04-13T02:00Z
move-window/greedy-clique/any,E0096,2,C152,KOMAUSDT,large,2026-04-15T06:00Z,calm+large,2026-04-14T12:00Z,2026-04-15T06:00Z
move-window/greedy-clique/any,E0096,2,C242,NILUSDT,calm,2026-04-14T12:00Z,calm+large,2026-04-14T12:00Z,2026-04-15T06:00Z
move-window/greedy-clique/any,E0097,1,C123,FHEUSDT,large,2026-04-17T06:00Z,large,2026-04-17T06:00Z,2026-04-17T06:00Z
move-window/greedy-clique/any,E0098,3,C079,FARTCOINUSDT,calm,2026-04-19T00:00Z,calm+large,2026-04-18T05:00Z,2026-04-19T00:00Z
move-window/greedy-clique/any,E0098,3,C153,KOMAUSDT,large,2026-04-18T05:00Z,calm+large,2026-04-18T05:00Z,2026-04-19T00:00Z
move-window/greedy-clique/any,E0098,3,C290,ZROUSDT,large,2026-04-18T07:00Z,calm+large,2026-04-18T05:00Z,2026-04-19T00:00Z
move-window/greedy-clique/any,E0099,4,C039,BCHUSDT,calm,2026-04-20T03:00Z,calm+large,2026-04-20T03:00Z,2026-04-20T23:00Z
move-window/greedy-clique/any,E0099,4,C040,BCHUSDT,calm,2026-04-20T23:00Z,calm+large,2026-04-20T03:00Z,2026-04-20T23:00Z
move-window/greedy-clique/any,E0099,4,C080,FARTCOINUSDT,calm,2026-04-20T12:00Z,calm+large,2026-04-20T03:00Z,2026-04-20T23:00Z
move-window/greedy-clique/any,E0099,4,C198,NEWTUSDT,large,2026-04-20T12:00Z,calm+large,2026-04-20T03:00Z,2026-04-20T23:00Z
move-window/greedy-clique/any,E0100,2,C041,BCHUSDT,calm,2026-04-22T19:00Z,calm,2026-04-22T04:00Z,2026-04-22T19:00Z
move-window/greedy-clique/any,E0100,2,C154,KOMAUSDT,calm,2026-04-22T04:00Z,calm,2026-04-22T04:00Z,2026-04-22T19:00Z
move-window/greedy-clique/any,E0101,1,C081,FARTCOINUSDT,calm,2026-04-28T10:00Z,calm,2026-04-28T10:00Z,2026-04-28T10:00Z
move-window/greedy-clique/any,E0102,2,C291,ZROUSDT,calm,2026-04-30T04:00Z,calm,2026-04-30T04:00Z,2026-04-30T19:00Z
move-window/greedy-clique/any,E0102,2,C292,ZROUSDT,calm,2026-04-30T19:00Z,calm,2026-04-30T04:00Z,2026-04-30T19:00Z
move-window/greedy-clique/any,E0103,3,C082,FARTCOINUSDT,calm,2026-05-01T23:00Z,calm+large,2026-05-01T06:00Z,2026-05-02T01:00Z
move-window/greedy-clique/any,E0103,3,C124,FHEUSDT,large,2026-05-02T01:00Z,calm+large,2026-05-01T06:00Z,2026-05-02T01:00Z
move-window/greedy-clique/any,E0103,3,C155,KOMAUSDT,calm,2026-05-01T06:00Z,calm+large,2026-05-01T06:00Z,2026-05-02T01:00Z
move-window/greedy-clique/any,E0104,1,C125,FHEUSDT,large,2026-05-04T21:00Z,large,2026-05-04T21:00Z,2026-05-04T21:00Z
move-window/greedy-clique/any,E0105,1,C199,NEWTUSDT,calm,2026-05-05T21:00Z,calm,2026-05-05T21:00Z,2026-05-05T21:00Z
move-window/greedy-clique/any,E0106,3,C001,AVGOUSDT,calm,2026-05-07T20:00Z,calm+large,2026-05-06T23:00Z,2026-05-07T20:00Z
move-window/greedy-clique/any,E0106,3,C042,BCHUSDT,calm,2026-05-07T15:00Z,calm+large,2026-05-06T23:00Z,2026-05-07T20:00Z
move-window/greedy-clique/any,E0106,3,C243,NILUSDT,large,2026-05-06T23:00Z,calm+large,2026-05-06T23:00Z,2026-05-07T20:00Z
move-window/greedy-clique/any,E0107,1,C083,FARTCOINUSDT,calm,2026-05-09T08:00Z,calm,2026-05-09T08:00Z,2026-05-09T08:00Z
move-window/greedy-clique/any,E0108,1,C084,FARTCOINUSDT,calm,2026-05-13T16:00Z,calm,2026-05-13T16:00Z,2026-05-13T16:00Z
move-window/greedy-clique/any,E0109,2,C085,FARTCOINUSDT,calm,2026-05-15T01:00Z,calm,2026-05-15T01:00Z,2026-05-15T09:00Z
move-window/greedy-clique/any,E0109,2,C126,FHEUSDT,calm,2026-05-15T09:00Z,calm,2026-05-15T01:00Z,2026-05-15T09:00Z
move-window/greedy-clique/any,E0110,1,C043,BCHUSDT,large,2026-05-17T12:00Z,large,2026-05-17T12:00Z,2026-05-17T12:00Z
move-window/greedy-clique/any,E0111,2,C293,ZROUSDT,calm,2026-05-18T19:00Z,calm,2026-05-18T19:00Z,2026-05-19T13:00Z
move-window/greedy-clique/any,E0111,2,C294,ZROUSDT,calm,2026-05-19T13:00Z,calm,2026-05-18T19:00Z,2026-05-19T13:00Z
move-window/greedy-clique/any,E0112,1,C244,NILUSDT,large,2026-05-20T01:00Z,large,2026-05-20T01:00Z,2026-05-20T01:00Z
move-window/greedy-clique/any,E0113,2,C002,AVGOUSDT,calm,2026-05-23T22:00Z,calm+large,2026-05-23T20:00Z,2026-05-23T22:00Z
move-window/greedy-clique/any,E0113,2,C245,NILUSDT,large,2026-05-23T20:00Z,calm+large,2026-05-23T20:00Z,2026-05-23T22:00Z
move-window/greedy-clique/any,E0114,1,C200,NEWTUSDT,calm,2026-05-25T21:00Z,calm,2026-05-25T21:00Z,2026-05-25T21:00Z
move-window/greedy-clique/any,E0115,3,C044,BCHUSDT,large,2026-05-27T16:00Z,calm+large,2026-05-27T16:00Z,2026-05-28T11:00Z
move-window/greedy-clique/any,E0115,3,C127,FHEUSDT,calm,2026-05-28T00:00Z,calm+large,2026-05-27T16:00Z,2026-05-28T11:00Z
move-window/greedy-clique/any,E0115,3,C156,KOMAUSDT,large,2026-05-28T11:00Z,calm+large,2026-05-27T16:00Z,2026-05-28T11:00Z
move-window/greedy-clique/any,E0116,1,C201,NEWTUSDT,large,2026-05-28T21:00Z,large,2026-05-28T21:00Z,2026-05-28T21:00Z
move-window/greedy-clique/any,E0117,2,C246,NILUSDT,calm,2026-05-30T05:00Z,calm,2026-05-30T05:00Z,2026-05-30T08:00Z
move-window/greedy-clique/any,E0117,2,C295,ZROUSDT,calm,2026-05-30T08:00Z,calm,2026-05-30T05:00Z,2026-05-30T08:00Z
move-window/greedy-clique/any,E0118,1,C128,FHEUSDT,large,2026-05-31T06:00Z,large,2026-05-31T06:00Z,2026-05-31T06:00Z
move-window/greedy-clique/any,E0119,2,C003,AVGOUSDT,large,2026-06-01T10:00Z,large,2026-06-01T10:00Z,2026-06-02T04:00Z
move-window/greedy-clique/any,E0119,2,C045,BCHUSDT,large,2026-06-02T04:00Z,large,2026-06-01T10:00Z,2026-06-02T04:00Z
move-window/greedy-clique/any,E0120,2,C004,AVGOUSDT,large,2026-06-03T12:00Z,large,2026-06-03T12:00Z,2026-06-03T22:00Z
move-window/greedy-clique/any,E0120,2,C247,NILUSDT,large,2026-06-03T22:00Z,large,2026-06-03T12:00Z,2026-06-03T22:00Z
move-window/greedy-clique/any,E0121,6,C005,AVGOUSDT,large,2026-06-05T12:00Z,large,2026-06-04T19:00Z,2026-06-05T12:00Z
move-window/greedy-clique/any,E0121,6,C046,BCHUSDT,large,2026-06-05T05:00Z,large,2026-06-04T19:00Z,2026-06-05T12:00Z
move-window/greedy-clique/any,E0121,6,C086,FARTCOINUSDT,large,2026-06-04T19:00Z,large,2026-06-04T19:00Z,2026-06-05T12:00Z
move-window/greedy-clique/any,E0121,6,C202,NEWTUSDT,large,2026-06-05T05:00Z,large,2026-06-04T19:00Z,2026-06-05T12:00Z
move-window/greedy-clique/any,E0121,6,C255,NOKUSDT,large,2026-06-05T03:00Z,large,2026-06-04T19:00Z,2026-06-05T12:00Z
move-window/greedy-clique/any,E0121,6,C296,ZROUSDT,large,2026-06-04T19:00Z,large,2026-06-04T19:00Z,2026-06-05T12:00Z
move-window/greedy-clique/any,E0122,3,C047,BCHUSDT,large,2026-06-08T01:00Z,calm+large,2026-06-08T01:00Z,2026-06-09T00:00Z
move-window/greedy-clique/any,E0122,3,C087,FARTCOINUSDT,calm,2026-06-08T14:00Z,calm+large,2026-06-08T01:00Z,2026-06-09T00:00Z
move-window/greedy-clique/any,E0122,3,C256,NOKUSDT,calm,2026-06-09T00:00Z,calm+large,2026-06-08T01:00Z,2026-06-09T00:00Z
move-window/greedy-clique/any,E0123,4,C006,AVGOUSDT,calm,2026-06-10T07:00Z,calm+large,2026-06-09T18:00Z,2026-06-10T07:00Z
move-window/greedy-clique/any,E0123,4,C157,KOMAUSDT,large,2026-06-10T01:00Z,calm+large,2026-06-09T18:00Z,2026-06-10T07:00Z
move-window/greedy-clique/any,E0123,4,C297,ZROUSDT,calm,2026-06-09T18:00Z,calm+large,2026-06-09T18:00Z,2026-06-10T07:00Z
move-window/greedy-clique/any,E0123,4,C298,ZROUSDT,calm,2026-06-09T21:00Z,calm+large,2026-06-09T18:00Z,2026-06-10T07:00Z
move-window/greedy-clique/any,E0124,4,C048,BCHUSDT,large,2026-06-14T15:00Z,calm+large,2026-06-14T12:00Z,2026-06-14T18:00Z
move-window/greedy-clique/any,E0124,4,C088,FARTCOINUSDT,large,2026-06-14T18:00Z,calm+large,2026-06-14T12:00Z,2026-06-14T18:00Z
move-window/greedy-clique/any,E0124,4,C203,NEWTUSDT,calm,2026-06-14T12:00Z,calm+large,2026-06-14T12:00Z,2026-06-14T18:00Z
move-window/greedy-clique/any,E0124,4,C299,ZROUSDT,large,2026-06-14T15:00Z,calm+large,2026-06-14T12:00Z,2026-06-14T18:00Z
move-window/greedy-clique/any,E0125,2,C158,KOMAUSDT,large,2026-06-16T12:00Z,calm+large,2026-06-16T12:00Z,2026-06-16T21:00Z
move-window/greedy-clique/any,E0125,2,C257,NOKUSDT,calm,2026-06-16T21:00Z,calm+large,2026-06-16T12:00Z,2026-06-16T21:00Z
move-window/greedy-clique/any,E0126,2,C049,BCHUSDT,large,2026-06-17T16:00Z,calm+large,2026-06-17T16:00Z,2026-06-18T00:00Z
move-window/greedy-clique/any,E0126,2,C204,NEWTUSDT,calm,2026-06-18T00:00Z,calm+large,2026-06-17T16:00Z,2026-06-18T00:00Z
move-window/greedy-clique/any,E0127,1,C205,NEWTUSDT,calm,2026-06-19T21:00Z,calm,2026-06-19T21:00Z,2026-06-19T21:00Z
move-window/greedy-clique/any,E0128,2,C159,KOMAUSDT,large,2026-06-22T04:00Z,calm+large,2026-06-21T08:00Z,2026-06-22T04:00Z
move-window/greedy-clique/any,E0128,2,C206,NEWTUSDT,calm,2026-06-21T08:00Z,calm+large,2026-06-21T08:00Z,2026-06-22T04:00Z
move-window/greedy-clique/any,E0129,1,C007,AVGOUSDT,large,2026-06-22T13:00Z,large,2026-06-22T13:00Z,2026-06-22T13:00Z
move-window/greedy-clique/any,E0130,2,C207,NEWTUSDT,large,2026-06-24T14:00Z,calm+large,2026-06-23T19:00Z,2026-06-24T14:00Z
move-window/greedy-clique/any,E0130,2,C258,NOKUSDT,calm,2026-06-23T19:00Z,calm+large,2026-06-23T19:00Z,2026-06-24T14:00Z
move-window/greedy-clique/any,E0131,3,C089,FARTCOINUSDT,calm,2026-06-26T22:00Z,calm,2026-06-25T23:00Z,2026-06-26T22:00Z
move-window/greedy-clique/any,E0131,3,C160,KOMAUSDT,calm,2026-06-25T23:00Z,calm,2026-06-25T23:00Z,2026-06-26T22:00Z
move-window/greedy-clique/any,E0131,3,C300,ZROUSDT,calm,2026-06-26T04:00Z,calm,2026-06-25T23:00Z,2026-06-26T22:00Z
move-window/greedy-clique/any,E0132,3,C129,FHEUSDT,calm,2026-06-29T10:00Z,calm,2026-06-28T14:00Z,2026-06-29T10:00Z
move-window/greedy-clique/any,E0132,3,C259,NOKUSDT,calm,2026-06-28T14:00Z,calm,2026-06-28T14:00Z,2026-06-29T10:00Z
move-window/greedy-clique/any,E0132,3,C301,ZROUSDT,calm,2026-06-28T17:00Z,calm,2026-06-28T14:00Z,2026-06-29T10:00Z
move-window/greedy-clique/any,E0133,1,C090,FARTCOINUSDT,large,2026-07-02T07:00Z,large,2026-07-02T07:00Z,2026-07-02T07:00Z
move-window/greedy-clique/any,E0134,3,C008,AVGOUSDT,calm,2026-07-03T05:00Z,calm,2026-07-03T05:00Z,2026-07-04T02:00Z
move-window/greedy-clique/any,E0134,3,C161,KOMAUSDT,calm,2026-07-03T11:00Z,calm,2026-07-03T05:00Z,2026-07-04T02:00Z
move-window/greedy-clique/any,E0134,3,C162,KOMAUSDT,calm,2026-07-04T02:00Z,calm,2026-07-03T05:00Z,2026-07-04T02:00Z
move-window/greedy-clique/any,E0135,1,C163,KOMAUSDT,calm,2026-07-05T21:00Z,calm,2026-07-05T21:00Z,2026-07-05T21:00Z
move-window/greedy-clique/any,E0136,2,C164,KOMAUSDT,calm,2026-07-07T06:00Z,calm,2026-07-07T00:00Z,2026-07-07T06:00Z
move-window/greedy-clique/any,E0136,2,C248,NILUSDT,calm,2026-07-07T00:00Z,calm,2026-07-07T00:00Z,2026-07-07T06:00Z
move-window/greedy-clique/any,E0137,2,C009,AVGOUSDT,large,2026-07-08T12:00Z,calm+large,2026-07-08T12:00Z,2026-07-09T00:00Z
move-window/greedy-clique/any,E0137,2,C208,NEWTUSDT,calm,2026-07-09T00:00Z,calm+large,2026-07-08T12:00Z,2026-07-09T00:00Z
move-window/greedy-clique/any,E0138,3,C165,KOMAUSDT,calm,2026-07-12T01:00Z,calm,2026-07-11T03:00Z,2026-07-12T01:00Z
move-window/greedy-clique/any,E0138,3,C209,NEWTUSDT,calm,2026-07-11T03:00Z,calm,2026-07-11T03:00Z,2026-07-12T01:00Z
move-window/greedy-clique/any,E0138,3,C302,ZROUSDT,calm,2026-07-11T04:00Z,calm,2026-07-11T03:00Z,2026-07-12T01:00Z
move-window/greedy-clique/any,E0139,1,C130,FHEUSDT,calm,2026-07-13T15:00Z,calm,2026-07-13T15:00Z,2026-07-13T15:00Z
move-window/greedy-clique/any,E0140,3,C010,AVGOUSDT,calm,2026-07-16T00:00Z,calm+large,2026-07-16T00:00Z,2026-07-16T14:00Z
move-window/greedy-clique/any,E0140,3,C011,AVGOUSDT,calm,2026-07-16T14:00Z,calm+large,2026-07-16T00:00Z,2026-07-16T14:00Z
move-window/greedy-clique/any,E0140,3,C260,NOKUSDT,large,2026-07-16T06:00Z,calm+large,2026-07-16T00:00Z,2026-07-16T14:00Z
move-window/greedy-clique/any,E0141,2,C210,NEWTUSDT,calm,2026-07-17T23:00Z,calm,2026-07-17T23:00Z,2026-07-18T10:00Z
move-window/greedy-clique/any,E0141,2,C211,NEWTUSDT,calm,2026-07-18T10:00Z,calm,2026-07-17T23:00Z,2026-07-18T10:00Z
move-window/greedy-clique/any,E0142,2,C091,FARTCOINUSDT,calm,2026-07-19T00:00Z,calm+large,2026-07-19T00:00Z,2026-07-19T21:00Z
move-window/greedy-clique/any,E0142,2,C166,KOMAUSDT,large,2026-07-19T21:00Z,calm+large,2026-07-19T00:00Z,2026-07-19T21:00Z
move-window/greedy-clique/any,E0143,2,C012,AVGOUSDT,calm,2026-07-24T06:00Z,calm+large,2026-07-23T07:00Z,2026-07-24T06:00Z
move-window/greedy-clique/any,E0143,2,C261,NOKUSDT,large,2026-07-23T07:00Z,calm+large,2026-07-23T07:00Z,2026-07-24T06:00Z
move-window/greedy-clique/any,E0144,2,C167,KOMAUSDT,calm,2026-07-25T15:00Z,calm+large,2026-07-25T15:00Z,2026-07-26T11:00Z
move-window/greedy-clique/any,E0144,2,C249,NILUSDT,large,2026-07-26T11:00Z,calm+large,2026-07-25T15:00Z,2026-07-26T11:00Z
move-window/greedy-clique/any,E0145,1,C212,NEWTUSDT,calm,2026-07-26T20:00Z,calm,2026-07-26T20:00Z,2026-07-26T20:00Z
move-window/greedy-clique/any,E0146,2,C050,BCHUSDT,calm,2026-07-28T19:00Z,calm,2026-07-28T19:00Z,2026-07-29T02:00Z
move-window/greedy-clique/any,E0146,2,C051,BCHUSDT,calm,2026-07-29T02:00Z,calm,2026-07-28T19:00Z,2026-07-29T02:00Z
move-window/greedy-clique/any,E0147,3,C052,BCHUSDT,calm,2026-07-30T09:00Z,calm+large,2026-07-30T07:00Z,2026-07-30T09:00Z
move-window/greedy-clique/any,E0147,3,C168,KOMAUSDT,large,2026-07-30T08:00Z,calm+large,2026-07-30T07:00Z,2026-07-30T09:00Z
move-window/greedy-clique/any,E0147,3,C262,NOKUSDT,large,2026-07-30T07:00Z,calm+large,2026-07-30T07:00Z,2026-07-30T09:00Z
move-window/greedy-clique/any,E0148,1,C169,KOMAUSDT,large,2026-08-01T10:00Z,large,2026-08-01T10:00Z,2026-08-01T10:00Z
move-window/greedy-clique/any,E0149,2,C013,AVGOUSDT,large,2026-08-03T18:00Z,large,2026-08-03T18:00Z,2026-08-03T21:00Z
move-window/greedy-clique/any,E0149,2,C170,KOMAUSDT,large,2026-08-03T21:00Z,large,2026-08-03T18:00Z,2026-08-03T21:00Z
move-window/greedy-clique/any,E0150,1,C053,BCHUSDT,calm,2026-08-04T20:00Z,calm,2026-08-04T20:00Z,2026-08-04T20:00Z
move-window/greedy-clique/any,E0151,3,C092,FARTCOINUSDT,calm,2026-08-05T17:00Z,calm+large,2026-08-05T17:00Z,2026-08-06T03:00Z
move-window/greedy-clique/any,E0151,3,C093,FARTCOINUSDT,calm,2026-08-05T21:00Z,calm+large,2026-08-05T17:00Z,2026-08-06T03:00Z
move-window/greedy-clique/any,E0151,3,C171,KOMAUSDT,large,2026-08-06T03:00Z,calm+large,2026-08-05T17:00Z,2026-08-06T03:00Z
move-window/greedy-clique/any,E0152,1,C250,NILUSDT,large,2026-08-06T19:00Z,large,2026-08-06T19:00Z,2026-08-06T19:00Z
move-window/greedy-clique/any,E0153,3,C131,FHEUSDT,calm,2026-08-09T13:00Z,calm+large,2026-08-09T05:00Z,2026-08-09T14:00Z
move-window/greedy-clique/any,E0153,3,C251,NILUSDT,large,2026-08-09T05:00Z,calm+large,2026-08-09T05:00Z,2026-08-09T14:00Z
move-window/greedy-clique/any,E0153,3,C303,ZROUSDT,calm,2026-08-09T14:00Z,calm+large,2026-08-09T05:00Z,2026-08-09T14:00Z
move-window/greedy-clique/any,E0154,3,C132,FHEUSDT,calm,2026-08-11T15:00Z,calm+large,2026-08-11T12:00Z,2026-08-11T23:00Z
move-window/greedy-clique/any,E0154,3,C252,NILUSDT,large,2026-08-11T23:00Z,calm+large,2026-08-11T12:00Z,2026-08-11T23:00Z
move-window/greedy-clique/any,E0154,3,C263,NOKUSDT,large,2026-08-11T12:00Z,calm+large,2026-08-11T12:00Z,2026-08-11T23:00Z
move-window/greedy-clique/any,E0155,2,C014,AVGOUSDT,large,2026-08-13T19:00Z,calm+large,2026-08-13T07:00Z,2026-08-13T19:00Z
move-window/greedy-clique/any,E0155,2,C304,ZROUSDT,calm,2026-08-13T07:00Z,calm+large,2026-08-13T07:00Z,2026-08-13T19:00Z
move-window/greedy-clique/any,E0156,2,C253,NILUSDT,large,2026-08-14T19:00Z,calm+large,2026-08-14T19:00Z,2026-08-15T13:00Z
move-window/greedy-clique/any,E0156,2,C264,NOKUSDT,calm,2026-08-15T13:00Z,calm+large,2026-08-14T19:00Z,2026-08-15T13:00Z
move-window/greedy-clique/any,E0157,1,C172,KOMAUSDT,calm,2026-08-17T03:00Z,calm,2026-08-17T03:00Z,2026-08-17T03:00Z
move-window/greedy-clique/any,E0158,4,C054,BCHUSDT,large,2026-08-21T03:00Z,calm+large,2026-08-21T01:00Z,2026-08-21T05:00Z
move-window/greedy-clique/any,E0158,4,C094,FARTCOINUSDT,large,2026-08-21T05:00Z,calm+large,2026-08-21T01:00Z,2026-08-21T05:00Z
move-window/greedy-clique/any,E0158,4,C133,FHEUSDT,calm,2026-08-21T01:00Z,calm+large,2026-08-21T01:00Z,2026-08-21T05:00Z
move-window/greedy-clique/any,E0158,4,C213,NEWTUSDT,large,2026-08-21T04:00Z,calm+large,2026-08-21T01:00Z,2026-08-21T05:00Z
move-window/greedy-clique/any,E0159,2,C173,KOMAUSDT,large,2026-08-22T05:00Z,large,2026-08-22T05:00Z,2026-08-22T08:00Z
move-window/greedy-clique/any,E0159,2,C305,ZROUSDT,large,2026-08-22T08:00Z,large,2026-08-22T05:00Z,2026-08-22T08:00Z
move-window/greedy-clique/any,E0160,3,C134,FHEUSDT,calm,2026-08-24T13:00Z,calm+large,2026-08-24T08:00Z,2026-08-24T17:00Z
move-window/greedy-clique/any,E0160,3,C214,NEWTUSDT,calm,2026-08-24T08:00Z,calm+large,2026-08-24T08:00Z,2026-08-24T17:00Z
move-window/greedy-clique/any,E0160,3,C306,ZROUSDT,large,2026-08-24T17:00Z,calm+large,2026-08-24T08:00Z,2026-08-24T17:00Z
move-window/greedy-clique/any,E0161,2,C174,KOMAUSDT,large,2026-08-28T19:00Z,large,2026-08-28T19:00Z,2026-08-28T19:00Z
move-window/greedy-clique/any,E0161,2,C254,NILUSDT,large,2026-08-28T19:00Z,large,2026-08-28T19:00Z,2026-08-28T19:00Z
move-window/greedy-clique/cross-coin,E0001,3,C135,KOMAUSDT,calm,2025-09-03T01:00Z,calm,2025-09-02T14:00Z,2025-09-03T10:00Z
move-window/greedy-clique/cross-coin,E0001,3,C215,NILUSDT,calm,2025-09-03T10:00Z,calm,2025-09-02T14:00Z,2025-09-03T10:00Z
move-window/greedy-clique/cross-coin,E0001,3,C267,ZROUSDT,calm,2025-09-02T14:00Z,calm,2025-09-02T14:00Z,2025-09-03T10:00Z
move-window/greedy-clique/cross-coin,E0002,1,C095,FHEUSDT,calm,2025-09-06T07:00Z,calm,2025-09-06T07:00Z,2025-09-06T07:00Z
move-window/greedy-clique/cross-coin,E0003,2,C175,NEWTUSDT,large,2025-09-08T07:00Z,calm+large,2025-09-07T09:00Z,2025-09-08T07:00Z
move-window/greedy-clique/cross-coin,E0003,2,C216,NILUSDT,calm,2025-09-07T09:00Z,calm+large,2025-09-07T09:00Z,2025-09-08T07:00Z
move-window/greedy-clique/cross-coin,E0004,2,C217,NILUSDT,calm,2025-09-09T15:00Z,calm+large,2025-09-09T15:00Z,2025-09-09T19:00Z
move-window/greedy-clique/cross-coin,E0004,2,C265,OMNIUSDT,large,2025-09-09T19:00Z,calm+large,2025-09-09T15:00Z,2025-09-09T19:00Z
move-window/greedy-clique/cross-coin,E0005,1,C176,NEWTUSDT,calm,2025-09-13T11:00Z,calm,2025-09-13T11:00Z,2025-09-13T11:00Z
move-window/greedy-clique/cross-coin,E0006,1,C177,NEWTUSDT,calm,2025-09-13T14:00Z,calm,2025-09-13T14:00Z,2025-09-13T14:00Z
move-window/greedy-clique/cross-coin,E0007,2,C055,FARTCOINUSDT,calm,2025-09-15T22:00Z,calm,2025-09-15T22:00Z,2025-09-16T05:00Z
move-window/greedy-clique/cross-coin,E0007,2,C218,NILUSDT,calm,2025-09-16T05:00Z,calm,2025-09-15T22:00Z,2025-09-16T05:00Z
move-window/greedy-clique/cross-coin,E0008,2,C096,FHEUSDT,calm,2025-09-17T17:00Z,calm,2025-09-17T17:00Z,2025-09-18T14:00Z
move-window/greedy-clique/cross-coin,E0008,2,C268,ZROUSDT,calm,2025-09-18T14:00Z,calm,2025-09-17T17:00Z,2025-09-18T14:00Z
move-window/greedy-clique/cross-coin,E0009,2,C015,BCHUSDT,calm,2025-09-19T08:00Z,calm,2025-09-19T08:00Z,2025-09-19T21:00Z
move-window/greedy-clique/cross-coin,E0009,2,C097,FHEUSDT,calm,2025-09-19T21:00Z,calm,2025-09-19T08:00Z,2025-09-19T21:00Z
move-window/greedy-clique/cross-coin,E0010,5,C016,BCHUSDT,calm,2025-09-21T09:00Z,calm+large,2025-09-21T00:00Z,2025-09-21T16:00Z
move-window/greedy-clique/cross-coin,E0010,5,C056,FARTCOINUSDT,large,2025-09-21T08:00Z,calm+large,2025-09-21T00:00Z,2025-09-21T16:00Z
move-window/greedy-clique/cross-coin,E0010,5,C136,KOMAUSDT,large,2025-09-21T07:00Z,calm+large,2025-09-21T00:00Z,2025-09-21T16:00Z
move-window/greedy-clique/cross-coin,E0010,5,C178,NEWTUSDT,large,2025-09-21T16:00Z,calm+large,2025-09-21T00:00Z,2025-09-21T16:00Z
move-window/greedy-clique/cross-coin,E0010,5,C266,OMNIUSDT,calm,2025-09-21T00:00Z,calm+large,2025-09-21T00:00Z,2025-09-21T16:00Z
move-window/greedy-clique/cross-coin,E0011,1,C269,ZROUSDT,large,2025-09-23T12:00Z,large,2025-09-23T12:00Z,2025-09-23T12:00Z
move-window/greedy-clique/cross-coin,E0012,1,C137,KOMAUSDT,calm,2025-09-28T17:00Z,calm,2025-09-28T17:00Z,2025-09-28T17:00Z
move-window/greedy-clique/cross-coin,E0013,1,C098,FHEUSDT,calm,2025-09-29T18:00Z,calm,2025-09-29T18:00Z,2025-09-29T18:00Z
move-window/greedy-clique/cross-coin,E0014,3,C179,NEWTUSDT,large,2025-09-30T19:00Z,large,2025-09-30T19:00Z,2025-10-01T07:00Z
move-window/greedy-clique/cross-coin,E0014,3,C219,NILUSDT,large,2025-10-01T07:00Z,large,2025-09-30T19:00Z,2025-10-01T07:00Z
move-window/greedy-clique/cross-coin,E0014,3,C270,ZROUSDT,large,2025-10-01T07:00Z,large,2025-09-30T19:00Z,2025-10-01T07:00Z
move-window/greedy-clique/cross-coin,E0015,1,C271,ZROUSDT,calm,2025-10-04T16:00Z,calm,2025-10-04T16:00Z,2025-10-04T16:00Z
move-window/greedy-clique/cross-coin,E0016,2,C057,FARTCOINUSDT,calm,2025-10-06T03:00Z,calm,2025-10-06T03:00Z,2025-10-06T22:00Z
move-window/greedy-clique/cross-coin,E0016,2,C220,NILUSDT,calm,2025-10-06T22:00Z,calm,2025-10-06T03:00Z,2025-10-06T22:00Z
move-window/greedy-clique/cross-coin,E0017,1,C138,KOMAUSDT,large,2025-10-07T05:00Z,large,2025-10-07T05:00Z,2025-10-07T05:00Z
move-window/greedy-clique/cross-coin,E0018,6,C017,BCHUSDT,large,2025-10-10T02:00Z,large,2025-10-09T10:00Z,2025-10-10T05:00Z
move-window/greedy-clique/cross-coin,E0018,6,C099,FHEUSDT,large,2025-10-09T22:00Z,large,2025-10-09T10:00Z,2025-10-10T05:00Z
move-window/greedy-clique/cross-coin,E0018,6,C139,KOMAUSDT,large,2025-10-09T10:00Z,large,2025-10-09T10:00Z,2025-10-10T05:00Z
move-window/greedy-clique/cross-coin,E0018,6,C180,NEWTUSDT,large,2025-10-09T22:00Z,large,2025-10-09T10:00Z,2025-10-10T05:00Z
move-window/greedy-clique/cross-coin,E0018,6,C221,NILUSDT,large,2025-10-10T05:00Z,large,2025-10-09T10:00Z,2025-10-10T05:00Z
move-window/greedy-clique/cross-coin,E0018,6,C272,ZROUSDT,large,2025-10-09T22:00Z,large,2025-10-09T10:00Z,2025-10-10T05:00Z
move-window/greedy-clique/cross-coin,E0019,1,C058,FARTCOINUSDT,large,2025-10-10T14:00Z,large,2025-10-10T14:00Z,2025-10-10T14:00Z
move-window/greedy-clique/cross-coin,E0020,4,C018,BCHUSDT,large,2025-10-12T02:00Z,large,2025-10-12T02:00Z,2025-10-12T14:00Z
move-window/greedy-clique/cross-coin,E0020,4,C059,FARTCOINUSDT,large,2025-10-12T14:00Z,large,2025-10-12T02:00Z,2025-10-12T14:00Z
move-window/greedy-clique/cross-coin,E0020,4,C181,NEWTUSDT,large,2025-10-12T14:00Z,large,2025-10-12T02:00Z,2025-10-12T14:00Z
move-window/greedy-clique/cross-coin,E0020,4,C273,ZROUSDT,large,2025-10-12T02:00Z,large,2025-10-12T02:00Z,2025-10-12T14:00Z
move-window/greedy-clique/cross-coin,E0021,3,C019,BCHUSDT,large,2025-10-16T09:00Z,large,2025-10-16T08:00Z,2025-10-17T01:00Z
move-window/greedy-clique/cross-coin,E0021,3,C100,FHEUSDT,large,2025-10-17T01:00Z,large,2025-10-16T08:00Z,2025-10-17T01:00Z
move-window/greedy-clique/cross-coin,E0021,3,C182,NEWTUSDT,large,2025-10-16T08:00Z,large,2025-10-16T08:00Z,2025-10-17T01:00Z
move-window/greedy-clique/cross-coin,E0022,2,C140,KOMAUSDT,large,2025-10-17T09:00Z,calm+large,2025-10-17T09:00Z,2025-10-18T05:00Z
move-window/greedy-clique/cross-coin,E0022,2,C222,NILUSDT,calm,2025-10-18T05:00Z,calm+large,2025-10-17T09:00Z,2025-10-18T05:00Z
move-window/greedy-clique/cross-coin,E0023,1,C223,NILUSDT,large,2025-10-21T10:00Z,large,2025-10-21T10:00Z,2025-10-21T10:00Z
move-window/greedy-clique/cross-coin,E0024,1,C020,BCHUSDT,large,2025-10-25T13:00Z,large,2025-10-25T13:00Z,2025-10-25T13:00Z
move-window/greedy-clique/cross-coin,E0025,3,C060,FARTCOINUSDT,large,2025-10-29T21:00Z,calm+large,2025-10-29T10:00Z,2025-10-29T21:00Z
move-window/greedy-clique/cross-coin,E0025,3,C183,NEWTUSDT,large,2025-10-29T21:00Z,calm+large,2025-10-29T10:00Z,2025-10-29T21:00Z
move-window/greedy-clique/cross-coin,E0025,3,C224,NILUSDT,calm,2025-10-29T10:00Z,calm+large,2025-10-29T10:00Z,2025-10-29T21:00Z
move-window/greedy-clique/cross-coin,E0026,1,C225,NILUSDT,calm,2025-10-30T19:00Z,calm,2025-10-30T19:00Z,2025-10-30T19:00Z
move-window/greedy-clique/cross-coin,E0027,2,C021,BCHUSDT,calm,2025-11-01T04:00Z,calm,2025-10-31T22:00Z,2025-11-01T04:00Z
move-window/greedy-clique/cross-coin,E0027,2,C101,FHEUSDT,calm,2025-10-31T22:00Z,calm,2025-10-31T22:00Z,2025-11-01T04:00Z
move-window/greedy-clique/cross-coin,E0028,3,C061,FARTCOINUSDT,large,2025-11-03T08:00Z,large,2025-11-02T21:00Z,2025-11-03T08:00Z
move-window/greedy-clique/cross-coin,E0028,3,C184,NEWTUSDT,large,2025-11-02T21:00Z,large,2025-11-02T21:00Z,2025-11-03T08:00Z
move-window/greedy-clique/cross-coin,E0028,3,C226,NILUSDT,large,2025-11-03T00:00Z,large,2025-11-02T21:00Z,2025-11-03T08:00Z
move-window/greedy-clique/cross-coin,E0029,2,C022,BCHUSDT,calm,2025-11-04T23:00Z,calm,2025-11-04T20:00Z,2025-11-04T23:00Z
move-window/greedy-clique/cross-coin,E0029,2,C141,KOMAUSDT,calm,2025-11-04T20:00Z,calm,2025-11-04T20:00Z,2025-11-04T23:00Z
move-window/greedy-clique/cross-coin,E0030,3,C062,FARTCOINUSDT,large,2025-11-06T21:00Z,calm+large,2025-11-06T08:00Z,2025-11-06T21:00Z
move-window/greedy-clique/cross-coin,E0030,3,C185,NEWTUSDT,calm,2025-11-06T14:00Z,calm+large,2025-11-06T08:00Z,2025-11-06T21:00Z
move-window/greedy-clique/cross-coin,E0030,3,C274,ZROUSDT,large,2025-11-06T08:00Z,calm+large,2025-11-06T08:00Z,2025-11-06T21:00Z
move-window/greedy-clique/cross-coin,E0031,1,C023,BCHUSDT,calm,2025-11-07T08:00Z,calm,2025-11-07T08:00Z,2025-11-07T08:00Z
move-window/greedy-clique/cross-coin,E0032,3,C024,BCHUSDT,calm,2025-11-15T03:00Z,calm,2025-11-14T06:00Z,2025-11-15T03:00Z
move-window/greedy-clique/cross-coin,E0032,3,C102,FHEUSDT,calm,2025-11-14T07:00Z,calm,2025-11-14T06:00Z,2025-11-15T03:00Z
move-window/greedy-clique/cross-coin,E0032,3,C142,KOMAUSDT,calm,2025-11-14T06:00Z,calm,2025-11-14T06:00Z,2025-11-15T03:00Z
move-window/greedy-clique/cross-coin,E0033,2,C186,NEWTUSDT,calm,2025-11-15T14:00Z,calm+large,2025-11-15T14:00Z,2025-11-15T21:00Z
move-window/greedy-clique/cross-coin,E0033,2,C227,NILUSDT,large,2025-11-15T21:00Z,calm+large,2025-11-15T14:00Z,2025-11-15T21:00Z
move-window/greedy-clique/cross-coin,E0034,1,C275,ZROUSDT,calm,2025-11-17T08:00Z,calm,2025-11-17T08:00Z,2025-11-17T08:00Z
move-window/greedy-clique/cross-coin,E0035,2,C025,BCHUSDT,large,2025-11-18T20:00Z,large,2025-11-18T19:00Z,2025-11-18T20:00Z
move-window/greedy-clique/cross-coin,E0035,2,C228,NILUSDT,large,2025-11-18T19:00Z,large,2025-11-18T19:00Z,2025-11-18T20:00Z
move-window/greedy-clique/cross-coin,E0036,4,C026,BCHUSDT,large,2025-11-21T12:00Z,large,2025-11-20T14:00Z,2025-11-21T12:00Z
move-window/greedy-clique/cross-coin,E0036,4,C063,FARTCOINUSDT,large,2025-11-20T23:00Z,large,2025-11-20T14:00Z,2025-11-21T12:00Z
move-window/greedy-clique/cross-coin,E0036,4,C187,NEWTUSDT,large,2025-11-20T14:00Z,large,2025-11-20T14:00Z,2025-11-21T12:00Z
move-window/greedy-clique/cross-coin,E0036,4,C229,NILUSDT,large,2025-11-20T23:00Z,large,2025-11-20T14:00Z,2025-11-21T12:00Z
move-window/greedy-clique/cross-coin,E0037,1,C064,FARTCOINUSDT,large,2025-11-23T21:00Z,large,2025-11-23T21:00Z,2025-11-23T21:00Z
move-window/greedy-clique/cross-coin,E0038,2,C065,FARTCOINUSDT,large,2025-11-25T22:00Z,calm+large,2025-11-25T22:00Z,2025-11-26T19:00Z
move-window/greedy-clique/cross-coin,E0038,2,C188,NEWTUSDT,calm,2025-11-26T19:00Z,calm+large,2025-11-25T22:00Z,2025-11-26T19:00Z
move-window/greedy-clique/cross-coin,E0039,1,C103,FHEUSDT,calm,2025-11-27T16:00Z,calm,2025-11-27T16:00Z,2025-11-27T16:00Z
move-window/greedy-clique/cross-coin,E0040,4,C027,BCHUSDT,large,2025-12-02T05:00Z,calm+large,2025-12-01T16:00Z,2025-12-02T05:00Z
move-window/greedy-clique/cross-coin,E0040,4,C066,FARTCOINUSDT,large,2025-12-01T16:00Z,calm+large,2025-12-01T16:00Z,2025-12-02T05:00Z
move-window/greedy-clique/cross-coin,E0040,4,C189,NEWTUSDT,calm,2025-12-02T05:00Z,calm+large,2025-12-01T16:00Z,2025-12-02T05:00Z
move-window/greedy-clique/cross-coin,E0040,4,C276,ZROUSDT,large,2025-12-01T18:00Z,calm+large,2025-12-01T16:00Z,2025-12-02T05:00Z
move-window/greedy-clique/cross-coin,E0041,1,C067,FARTCOINUSDT,large,2025-12-03T21:00Z,large,2025-12-03T21:00Z,2025-12-03T21:00Z
move-window/greedy-clique/cross-coin,E0042,1,C104,FHEUSDT,large,2025-12-06T19:00Z,large,2025-12-06T19:00Z,2025-12-06T19:00Z
move-window/greedy-clique/cross-coin,E0043,2,C105,FHEUSDT,large,2025-12-09T22:00Z,large,2025-12-09T05:00Z,2025-12-09T22:00Z
move-window/greedy-clique/cross-coin,E0043,2,C230,NILUSDT,large,2025-12-09T05:00Z,large,2025-12-09T05:00Z,2025-12-09T22:00Z
move-window/greedy-clique/cross-coin,E0044,1,C277,ZROUSDT,calm,2025-12-10T07:00Z,calm,2025-12-10T07:00Z,2025-12-10T07:00Z
move-window/greedy-clique/cross-coin,E0045,2,C028,BCHUSDT,calm,2025-12-15T02:00Z,calm+large,2025-12-15T02:00Z,2025-12-15T04:00Z
move-window/greedy-clique/cross-coin,E0045,2,C106,FHEUSDT,large,2025-12-15T04:00Z,calm+large,2025-12-15T02:00Z,2025-12-15T04:00Z
move-window/greedy-clique/cross-coin,E0046,1,C231,NILUSDT,calm,2025-12-16T18:00Z,calm,2025-12-16T18:00Z,2025-12-16T18:00Z
move-window/greedy-clique/cross-coin,E0047,3,C029,BCHUSDT,large,2025-12-18T20:00Z,calm+large,2025-12-18T01:00Z,2025-12-18T20:00Z
move-window/greedy-clique/cross-coin,E0047,3,C068,FARTCOINUSDT,large,2025-12-18T01:00Z,calm+large,2025-12-18T01:00Z,2025-12-18T20:00Z
move-window/greedy-clique/cross-coin,E0047,3,C143,KOMAUSDT,calm,2025-12-18T05:00Z,calm+large,2025-12-18T01:00Z,2025-12-18T20:00Z
move-window/greedy-clique/cross-coin,E0048,2,C107,FHEUSDT,large,2025-12-19T15:00Z,large,2025-12-19T13:00Z,2025-12-19T15:00Z
move-window/greedy-clique/cross-coin,E0048,2,C190,NEWTUSDT,large,2025-12-19T13:00Z,large,2025-12-19T13:00Z,2025-12-19T15:00Z
move-window/greedy-clique/cross-coin,E0049,1,C191,NEWTUSDT,large,2025-12-24T11:00Z,large,2025-12-24T11:00Z,2025-12-24T11:00Z
move-window/greedy-clique/cross-coin,E0050,1,C232,NILUSDT,large,2025-12-26T01:00Z,large,2025-12-26T01:00Z,2025-12-26T01:00Z
move-window/greedy-clique/cross-coin,E0051,1,C108,FHEUSDT,calm,2025-12-29T00:00Z,calm,2025-12-29T00:00Z,2025-12-29T00:00Z
move-window/greedy-clique/cross-coin,E0052,1,C144,KOMAUSDT,calm,2025-12-30T01:00Z,calm,2025-12-30T01:00Z,2025-12-30T01:00Z
move-window/greedy-clique/cross-coin,E0053,2,C069,FARTCOINUSDT,large,2026-01-02T03:00Z,calm+large,2026-01-02T03:00Z,2026-01-02T07:00Z
move-window/greedy-clique/cross-coin,E0053,2,C145,KOMAUSDT,calm,2026-01-02T07:00Z,calm+large,2026-01-02T03:00Z,2026-01-02T07:00Z
move-window/greedy-clique/cross-coin,E0054,1,C070,FARTCOINUSDT,large,2026-01-05T14:00Z,large,2026-01-05T14:00Z,2026-01-05T14:00Z
move-window/greedy-clique/cross-coin,E0055,3,C030,BCHUSDT,calm,2026-01-06T17:00Z,calm+large,2026-01-06T02:00Z,2026-01-07T00:00Z
move-window/greedy-clique/cross-coin,E0055,3,C109,FHEUSDT,large,2026-01-06T02:00Z,calm+large,2026-01-06T02:00Z,2026-01-07T00:00Z
move-window/greedy-clique/cross-coin,E0055,3,C233,NILUSDT,calm,2026-01-07T00:00Z,calm+large,2026-01-06T02:00Z,2026-01-07T00:00Z
move-window/greedy-clique/cross-coin,E0056,2,C146,KOMAUSDT,calm,2026-01-08T17:00Z,calm,2026-01-08T17:00Z,2026-01-09T11:00Z
move-window/greedy-clique/cross-coin,E0056,2,C192,NEWTUSDT,calm,2026-01-09T11:00Z,calm,2026-01-08T17:00Z,2026-01-09T11:00Z
move-window/greedy-clique/cross-coin,E0057,1,C278,ZROUSDT,calm,2026-01-12T05:00Z,calm,2026-01-12T05:00Z,2026-01-12T05:00Z
move-window/greedy-clique/cross-coin,E0058,2,C071,FARTCOINUSDT,calm,2026-01-13T16:00Z,calm+large,2026-01-13T16:00Z,2026-01-14T12:00Z
move-window/greedy-clique/cross-coin,E0058,2,C110,FHEUSDT,large,2026-01-14T12:00Z,calm+large,2026-01-13T16:00Z,2026-01-14T12:00Z
move-window/greedy-clique/cross-coin,E0059,1,C072,FARTCOINUSDT,calm,2026-01-14T20:00Z,calm,2026-01-14T20:00Z,2026-01-14T20:00Z
move-window/greedy-clique/cross-coin,E0060,1,C111,FHEUSDT,large,2026-01-16T14:00Z,large,2026-01-16T14:00Z,2026-01-16T14:00Z
move-window/greedy-clique/cross-coin,E0061,2,C112,FHEUSDT,large,2026-01-18T14:00Z,calm+large,2026-01-18T14:00Z,2026-01-18T22:00Z
move-window/greedy-clique/cross-coin,E0061,2,C234,NILUSDT,calm,2026-01-18T22:00Z,calm+large,2026-01-18T14:00Z,2026-01-18T22:00Z
move-window/greedy-clique/cross-coin,E0062,2,C113,FHEUSDT,large,2026-01-20T16:00Z,large,2026-01-20T16:00Z,2026-01-20T16:00Z
move-window/greedy-clique/cross-coin,E0062,2,C279,ZROUSDT,large,2026-01-20T16:00Z,large,2026-01-20T16:00Z,2026-01-20T16:00Z
move-window/greedy-clique/cross-coin,E0063,2,C235,NILUSDT,calm,2026-01-22T08:00Z,calm+large,2026-01-22T08:00Z,2026-01-22T17:00Z
move-window/greedy-clique/cross-coin,E0063,2,C280,ZROUSDT,large,2026-01-22T17:00Z,calm+large,2026-01-22T08:00Z,2026-01-22T17:00Z
move-window/greedy-clique/cross-coin,E0064,1,C193,NEWTUSDT,large,2026-01-24T01:00Z,large,2026-01-24T01:00Z,2026-01-24T01:00Z
move-window/greedy-clique/cross-coin,E0065,3,C031,BCHUSDT,large,2026-01-30T20:00Z,large,2026-01-30T20:00Z,2026-01-30T20:00Z
move-window/greedy-clique/cross-coin,E0065,3,C194,NEWTUSDT,large,2026-01-30T20:00Z,large,2026-01-30T20:00Z,2026-01-30T20:00Z
move-window/greedy-clique/cross-coin,E0065,3,C281,ZROUSDT,large,2026-01-30T20:00Z,large,2026-01-30T20:00Z,2026-01-30T20:00Z
move-window/greedy-clique/cross-coin,E0066,1,C236,NILUSDT,calm,2026-02-01T21:00Z,calm,2026-02-01T21:00Z,2026-02-01T21:00Z
move-window/greedy-clique/cross-coin,E0067,2,C114,FHEUSDT,large,2026-02-03T15:00Z,calm+large,2026-02-03T03:00Z,2026-02-03T15:00Z
move-window/greedy-clique/cross-coin,E0067,2,C147,KOMAUSDT,calm,2026-02-03T03:00Z,calm+large,2026-02-03T03:00Z,2026-02-03T15:00Z
move-window/greedy-clique/cross-coin,E0068,2,C195,NEWTUSDT,large,2026-02-05T01:00Z,large,2026-02-05T00:00Z,2026-02-05T01:00Z
move-window/greedy-clique/cross-coin,E0068,2,C282,ZROUSDT,large,2026-02-05T00:00Z,large,2026-02-05T00:00Z,2026-02-05T01:00Z
move-window/greedy-clique/cross-coin,E0069,1,C032,BCHUSDT,large,2026-02-06T03:00Z,large,2026-02-06T03:00Z,2026-02-06T03:00Z
move-window/greedy-clique/cross-coin,E0070,1,C115,FHEUSDT,large,2026-02-09T14:00Z,large,2026-02-09T14:00Z,2026-02-09T14:00Z
move-window/greedy-clique/cross-coin,E0071,3,C073,FARTCOINUSDT,calm,2026-02-11T10:00Z,calm+large,2026-02-10T11:00Z,2026-02-11T10:00Z
move-window/greedy-clique/cross-coin,E0071,3,C237,NILUSDT,large,2026-02-10T11:00Z,calm+large,2026-02-10T11:00Z,2026-02-11T10:00Z
move-window/greedy-clique/cross-coin,E0071,3,C283,ZROUSDT,large,2026-02-10T14:00Z,calm+large,2026-02-10T11:00Z,2026-02-11T10:00Z
move-window/greedy-clique/cross-coin,E0072,1,C116,FHEUSDT,large,2026-02-11T14:00Z,large,2026-02-11T14:00Z,2026-02-11T14:00Z
move-window/greedy-clique/cross-coin,E0073,1,C033,BCHUSDT,large,2026-02-12T22:00Z,large,2026-02-12T22:00Z,2026-02-12T22:00Z
move-window/greedy-clique/cross-coin,E0074,1,C117,FHEUSDT,large,2026-02-15T06:00Z,large,2026-02-15T06:00Z,2026-02-15T06:00Z
move-window/greedy-clique/cross-coin,E0075,1,C074,FARTCOINUSDT,calm,2026-02-17T17:00Z,calm,2026-02-17T17:00Z,2026-02-17T17:00Z
move-window/greedy-clique/cross-coin,E0076,1,C284,ZROUSDT,large,2026-02-19T16:00Z,large,2026-02-19T16:00Z,2026-02-19T16:00Z
move-window/greedy-clique/cross-coin,E0077,1,C034,BCHUSDT,large,2026-02-23T00:00Z,large,2026-02-23T00:00Z,2026-02-23T00:00Z
move-window/greedy-clique/cross-coin,E0078,1,C196,NEWTUSDT,large,2026-02-26T12:00Z,large,2026-02-26T12:00Z,2026-02-26T12:00Z
move-window/greedy-clique/cross-coin,E0079,2,C118,FHEUSDT,calm,2026-02-28T08:00Z,calm+large,2026-02-28T08:00Z,2026-02-28T09:00Z
move-window/greedy-clique/cross-coin,E0079,2,C285,ZROUSDT,large,2026-02-28T09:00Z,calm+large,2026-02-28T08:00Z,2026-02-28T09:00Z
move-window/greedy-clique/cross-coin,E0080,3,C075,FARTCOINUSDT,calm,2026-03-02T05:00Z,calm,2026-03-02T05:00Z,2026-03-03T03:00Z
move-window/greedy-clique/cross-coin,E0080,3,C119,FHEUSDT,calm,2026-03-03T03:00Z,calm,2026-03-02T05:00Z,2026-03-03T03:00Z
move-window/greedy-clique/cross-coin,E0080,3,C238,NILUSDT,calm,2026-03-02T09:00Z,calm,2026-03-02T05:00Z,2026-03-03T03:00Z
move-window/greedy-clique/cross-coin,E0081,1,C120,FHEUSDT,large,2026-03-06T13:00Z,large,2026-03-06T13:00Z,2026-03-06T13:00Z
move-window/greedy-clique/cross-coin,E0082,2,C035,BCHUSDT,calm,2026-03-07T23:00Z,calm,2026-03-07T23:00Z,2026-03-08T22:00Z
move-window/greedy-clique/cross-coin,E0082,2,C239,NILUSDT,calm,2026-03-08T22:00Z,calm,2026-03-07T23:00Z,2026-03-08T22:00Z
move-window/greedy-clique/cross-coin,E0083,1,C076,FARTCOINUSDT,calm,2026-03-10T00:00Z,calm,2026-03-10T00:00Z,2026-03-10T00:00Z
move-window/greedy-clique/cross-coin,E0084,2,C121,FHEUSDT,calm,2026-03-12T23:00Z,calm,2026-03-12T23:00Z,2026-03-12T23:00Z
move-window/greedy-clique/cross-coin,E0084,2,C286,ZROUSDT,calm,2026-03-12T23:00Z,calm,2026-03-12T23:00Z,2026-03-12T23:00Z
move-window/greedy-clique/cross-coin,E0085,2,C077,FARTCOINUSDT,large,2026-03-16T02:00Z,calm+large,2026-03-16T02:00Z,2026-03-16T10:00Z
move-window/greedy-clique/cross-coin,E0085,2,C148,KOMAUSDT,calm,2026-03-16T10:00Z,calm+large,2026-03-16T02:00Z,2026-03-16T10:00Z
move-window/greedy-clique/cross-coin,E0086,1,C036,BCHUSDT,calm,2026-03-18T17:00Z,calm,2026-03-18T17:00Z,2026-03-18T17:00Z
move-window/greedy-clique/cross-coin,E0087,1,C287,ZROUSDT,calm,2026-03-19T19:00Z,calm,2026-03-19T19:00Z,2026-03-19T19:00Z
move-window/greedy-clique/cross-coin,E0088,1,C037,BCHUSDT,calm,2026-03-21T21:00Z,calm,2026-03-21T21:00Z,2026-03-21T21:00Z
move-window/greedy-clique/cross-coin,E0089,1,C288,ZROUSDT,large,2026-03-23T01:00Z,large,2026-03-23T01:00Z,2026-03-23T01:00Z
move-window/greedy-clique/cross-coin,E0090,1,C240,NILUSDT,calm,2026-03-25T03:00Z,calm,2026-03-25T03:00Z,2026-03-25T03:00Z
move-window/greedy-clique/cross-coin,E0091,1,C038,BCHUSDT,calm,2026-03-30T04:00Z,calm,2026-03-30T04:00Z,2026-03-30T04:00Z
move-window/greedy-clique/cross-coin,E0092,1,C149,KOMAUSDT,large,2026-04-04T13:00Z,large,2026-04-04T13:00Z,2026-04-04T13:00Z
move-window/greedy-clique/cross-coin,E0093,2,C150,KOMAUSDT,large,2026-04-06T15:00Z,large,2026-04-06T15:00Z,2026-04-07T03:00Z
move-window/greedy-clique/cross-coin,E0093,2,C289,ZROUSDT,large,2026-04-07T03:00Z,large,2026-04-06T15:00Z,2026-04-07T03:00Z
move-window/greedy-clique/cross-coin,E0094,2,C078,FARTCOINUSDT,large,2026-04-08T23:00Z,calm+large,2026-04-08T02:00Z,2026-04-08T23:00Z
move-window/greedy-clique/cross-coin,E0094,2,C241,NILUSDT,calm,2026-04-08T02:00Z,calm+large,2026-04-08T02:00Z,2026-04-08T23:00Z
move-window/greedy-clique/cross-coin,E0095,1,C197,NEWTUSDT,calm,2026-04-10T16:00Z,calm,2026-04-10T16:00Z,2026-04-10T16:00Z
move-window/greedy-clique/cross-coin,E0096,2,C122,FHEUSDT,calm,2026-04-12T11:00Z,calm+large,2026-04-12T11:00Z,2026-04-13T02:00Z
move-window/greedy-clique/cross-coin,E0096,2,C151,KOMAUSDT,large,2026-04-13T02:00Z,calm+large,2026-04-12T11:00Z,2026-04-13T02:00Z
move-window/greedy-clique/cross-coin,E0097,2,C152,KOMAUSDT,large,2026-04-15T06:00Z,calm+large,2026-04-14T12:00Z,2026-04-15T06:00Z
move-window/greedy-clique/cross-coin,E0097,2,C242,NILUSDT,calm,2026-04-14T12:00Z,calm+large,2026-04-14T12:00Z,2026-04-15T06:00Z
move-window/greedy-clique/cross-coin,E0098,1,C123,FHEUSDT,large,2026-04-17T06:00Z,large,2026-04-17T06:00Z,2026-04-17T06:00Z
move-window/greedy-clique/cross-coin,E0099,3,C079,FARTCOINUSDT,calm,2026-04-19T00:00Z,calm+large,2026-04-18T05:00Z,2026-04-19T00:00Z
move-window/greedy-clique/cross-coin,E0099,3,C153,KOMAUSDT,large,2026-04-18T05:00Z,calm+large,2026-04-18T05:00Z,2026-04-19T00:00Z
move-window/greedy-clique/cross-coin,E0099,3,C290,ZROUSDT,large,2026-04-18T07:00Z,calm+large,2026-04-18T05:00Z,2026-04-19T00:00Z
move-window/greedy-clique/cross-coin,E0100,3,C039,BCHUSDT,calm,2026-04-20T03:00Z,calm+large,2026-04-20T03:00Z,2026-04-20T12:00Z
move-window/greedy-clique/cross-coin,E0100,3,C080,FARTCOINUSDT,calm,2026-04-20T12:00Z,calm+large,2026-04-20T03:00Z,2026-04-20T12:00Z
move-window/greedy-clique/cross-coin,E0100,3,C198,NEWTUSDT,large,2026-04-20T12:00Z,calm+large,2026-04-20T03:00Z,2026-04-20T12:00Z
move-window/greedy-clique/cross-coin,E0101,1,C040,BCHUSDT,calm,2026-04-20T23:00Z,calm,2026-04-20T23:00Z,2026-04-20T23:00Z
move-window/greedy-clique/cross-coin,E0102,2,C041,BCHUSDT,calm,2026-04-22T19:00Z,calm,2026-04-22T04:00Z,2026-04-22T19:00Z
move-window/greedy-clique/cross-coin,E0102,2,C154,KOMAUSDT,calm,2026-04-22T04:00Z,calm,2026-04-22T04:00Z,2026-04-22T19:00Z
move-window/greedy-clique/cross-coin,E0103,1,C081,FARTCOINUSDT,calm,2026-04-28T10:00Z,calm,2026-04-28T10:00Z,2026-04-28T10:00Z
move-window/greedy-clique/cross-coin,E0104,1,C291,ZROUSDT,calm,2026-04-30T04:00Z,calm,2026-04-30T04:00Z,2026-04-30T04:00Z
move-window/greedy-clique/cross-coin,E0105,1,C292,ZROUSDT,calm,2026-04-30T19:00Z,calm,2026-04-30T19:00Z,2026-04-30T19:00Z
move-window/greedy-clique/cross-coin,E0106,3,C082,FARTCOINUSDT,calm,2026-05-01T23:00Z,calm+large,2026-05-01T06:00Z,2026-05-02T01:00Z
move-window/greedy-clique/cross-coin,E0106,3,C124,FHEUSDT,large,2026-05-02T01:00Z,calm+large,2026-05-01T06:00Z,2026-05-02T01:00Z
move-window/greedy-clique/cross-coin,E0106,3,C155,KOMAUSDT,calm,2026-05-01T06:00Z,calm+large,2026-05-01T06:00Z,2026-05-02T01:00Z
move-window/greedy-clique/cross-coin,E0107,1,C125,FHEUSDT,large,2026-05-04T21:00Z,large,2026-05-04T21:00Z,2026-05-04T21:00Z
move-window/greedy-clique/cross-coin,E0108,1,C199,NEWTUSDT,calm,2026-05-05T21:00Z,calm,2026-05-05T21:00Z,2026-05-05T21:00Z
move-window/greedy-clique/cross-coin,E0109,3,C001,AVGOUSDT,calm,2026-05-07T20:00Z,calm+large,2026-05-06T23:00Z,2026-05-07T20:00Z
move-window/greedy-clique/cross-coin,E0109,3,C042,BCHUSDT,calm,2026-05-07T15:00Z,calm+large,2026-05-06T23:00Z,2026-05-07T20:00Z
move-window/greedy-clique/cross-coin,E0109,3,C243,NILUSDT,large,2026-05-06T23:00Z,calm+large,2026-05-06T23:00Z,2026-05-07T20:00Z
move-window/greedy-clique/cross-coin,E0110,1,C083,FARTCOINUSDT,calm,2026-05-09T08:00Z,calm,2026-05-09T08:00Z,2026-05-09T08:00Z
move-window/greedy-clique/cross-coin,E0111,1,C084,FARTCOINUSDT,calm,2026-05-13T16:00Z,calm,2026-05-13T16:00Z,2026-05-13T16:00Z
move-window/greedy-clique/cross-coin,E0112,2,C085,FARTCOINUSDT,calm,2026-05-15T01:00Z,calm,2026-05-15T01:00Z,2026-05-15T09:00Z
move-window/greedy-clique/cross-coin,E0112,2,C126,FHEUSDT,calm,2026-05-15T09:00Z,calm,2026-05-15T01:00Z,2026-05-15T09:00Z
move-window/greedy-clique/cross-coin,E0113,1,C043,BCHUSDT,large,2026-05-17T12:00Z,large,2026-05-17T12:00Z,2026-05-17T12:00Z
move-window/greedy-clique/cross-coin,E0114,1,C293,ZROUSDT,calm,2026-05-18T19:00Z,calm,2026-05-18T19:00Z,2026-05-18T19:00Z
move-window/greedy-clique/cross-coin,E0115,2,C244,NILUSDT,large,2026-05-20T01:00Z,calm+large,2026-05-19T13:00Z,2026-05-20T01:00Z
move-window/greedy-clique/cross-coin,E0115,2,C294,ZROUSDT,calm,2026-05-19T13:00Z,calm+large,2026-05-19T13:00Z,2026-05-20T01:00Z
move-window/greedy-clique/cross-coin,E0116,2,C002,AVGOUSDT,calm,2026-05-23T22:00Z,calm+large,2026-05-23T20:00Z,2026-05-23T22:00Z
move-window/greedy-clique/cross-coin,E0116,2,C245,NILUSDT,large,2026-05-23T20:00Z,calm+large,2026-05-23T20:00Z,2026-05-23T22:00Z
move-window/greedy-clique/cross-coin,E0117,1,C200,NEWTUSDT,calm,2026-05-25T21:00Z,calm,2026-05-25T21:00Z,2026-05-25T21:00Z
move-window/greedy-clique/cross-coin,E0118,3,C044,BCHUSDT,large,2026-05-27T16:00Z,calm+large,2026-05-27T16:00Z,2026-05-28T11:00Z
move-window/greedy-clique/cross-coin,E0118,3,C127,FHEUSDT,calm,2026-05-28T00:00Z,calm+large,2026-05-27T16:00Z,2026-05-28T11:00Z
move-window/greedy-clique/cross-coin,E0118,3,C156,KOMAUSDT,large,2026-05-28T11:00Z,calm+large,2026-05-27T16:00Z,2026-05-28T11:00Z
move-window/greedy-clique/cross-coin,E0119,1,C201,NEWTUSDT,large,2026-05-28T21:00Z,large,2026-05-28T21:00Z,2026-05-28T21:00Z
move-window/greedy-clique/cross-coin,E0120,2,C246,NILUSDT,calm,2026-05-30T05:00Z,calm,2026-05-30T05:00Z,2026-05-30T08:00Z
move-window/greedy-clique/cross-coin,E0120,2,C295,ZROUSDT,calm,2026-05-30T08:00Z,calm,2026-05-30T05:00Z,2026-05-30T08:00Z
move-window/greedy-clique/cross-coin,E0121,1,C128,FHEUSDT,large,2026-05-31T06:00Z,large,2026-05-31T06:00Z,2026-05-31T06:00Z
move-window/greedy-clique/cross-coin,E0122,2,C003,AVGOUSDT,large,2026-06-01T10:00Z,large,2026-06-01T10:00Z,2026-06-02T04:00Z
move-window/greedy-clique/cross-coin,E0122,2,C045,BCHUSDT,large,2026-06-02T04:00Z,large,2026-06-01T10:00Z,2026-06-02T04:00Z
move-window/greedy-clique/cross-coin,E0123,2,C004,AVGOUSDT,large,2026-06-03T12:00Z,large,2026-06-03T12:00Z,2026-06-03T22:00Z
move-window/greedy-clique/cross-coin,E0123,2,C247,NILUSDT,large,2026-06-03T22:00Z,large,2026-06-03T12:00Z,2026-06-03T22:00Z
move-window/greedy-clique/cross-coin,E0124,6,C005,AVGOUSDT,large,2026-06-05T12:00Z,large,2026-06-04T19:00Z,2026-06-05T12:00Z
move-window/greedy-clique/cross-coin,E0124,6,C046,BCHUSDT,large,2026-06-05T05:00Z,large,2026-06-04T19:00Z,2026-06-05T12:00Z
move-window/greedy-clique/cross-coin,E0124,6,C086,FARTCOINUSDT,large,2026-06-04T19:00Z,large,2026-06-04T19:00Z,2026-06-05T12:00Z
move-window/greedy-clique/cross-coin,E0124,6,C202,NEWTUSDT,large,2026-06-05T05:00Z,large,2026-06-04T19:00Z,2026-06-05T12:00Z
move-window/greedy-clique/cross-coin,E0124,6,C255,NOKUSDT,large,2026-06-05T03:00Z,large,2026-06-04T19:00Z,2026-06-05T12:00Z
move-window/greedy-clique/cross-coin,E0124,6,C296,ZROUSDT,large,2026-06-04T19:00Z,large,2026-06-04T19:00Z,2026-06-05T12:00Z
move-window/greedy-clique/cross-coin,E0125,3,C047,BCHUSDT,large,2026-06-08T01:00Z,calm+large,2026-06-08T01:00Z,2026-06-09T00:00Z
move-window/greedy-clique/cross-coin,E0125,3,C087,FARTCOINUSDT,calm,2026-06-08T14:00Z,calm+large,2026-06-08T01:00Z,2026-06-09T00:00Z
move-window/greedy-clique/cross-coin,E0125,3,C256,NOKUSDT,calm,2026-06-09T00:00Z,calm+large,2026-06-08T01:00Z,2026-06-09T00:00Z
move-window/greedy-clique/cross-coin,E0126,3,C006,AVGOUSDT,calm,2026-06-10T07:00Z,calm+large,2026-06-09T18:00Z,2026-06-10T07:00Z
move-window/greedy-clique/cross-coin,E0126,3,C157,KOMAUSDT,large,2026-06-10T01:00Z,calm+large,2026-06-09T18:00Z,2026-06-10T07:00Z
move-window/greedy-clique/cross-coin,E0126,3,C297,ZROUSDT,calm,2026-06-09T18:00Z,calm+large,2026-06-09T18:00Z,2026-06-10T07:00Z
move-window/greedy-clique/cross-coin,E0127,1,C298,ZROUSDT,calm,2026-06-09T21:00Z,calm,2026-06-09T21:00Z,2026-06-09T21:00Z
move-window/greedy-clique/cross-coin,E0128,4,C048,BCHUSDT,large,2026-06-14T15:00Z,calm+large,2026-06-14T12:00Z,2026-06-14T18:00Z
move-window/greedy-clique/cross-coin,E0128,4,C088,FARTCOINUSDT,large,2026-06-14T18:00Z,calm+large,2026-06-14T12:00Z,2026-06-14T18:00Z
move-window/greedy-clique/cross-coin,E0128,4,C203,NEWTUSDT,calm,2026-06-14T12:00Z,calm+large,2026-06-14T12:00Z,2026-06-14T18:00Z
move-window/greedy-clique/cross-coin,E0128,4,C299,ZROUSDT,large,2026-06-14T15:00Z,calm+large,2026-06-14T12:00Z,2026-06-14T18:00Z
move-window/greedy-clique/cross-coin,E0129,2,C158,KOMAUSDT,large,2026-06-16T12:00Z,calm+large,2026-06-16T12:00Z,2026-06-16T21:00Z
move-window/greedy-clique/cross-coin,E0129,2,C257,NOKUSDT,calm,2026-06-16T21:00Z,calm+large,2026-06-16T12:00Z,2026-06-16T21:00Z
move-window/greedy-clique/cross-coin,E0130,2,C049,BCHUSDT,large,2026-06-17T16:00Z,calm+large,2026-06-17T16:00Z,2026-06-18T00:00Z
move-window/greedy-clique/cross-coin,E0130,2,C204,NEWTUSDT,calm,2026-06-18T00:00Z,calm+large,2026-06-17T16:00Z,2026-06-18T00:00Z
move-window/greedy-clique/cross-coin,E0131,1,C205,NEWTUSDT,calm,2026-06-19T21:00Z,calm,2026-06-19T21:00Z,2026-06-19T21:00Z
move-window/greedy-clique/cross-coin,E0132,2,C159,KOMAUSDT,large,2026-06-22T04:00Z,calm+large,2026-06-21T08:00Z,2026-06-22T04:00Z
move-window/greedy-clique/cross-coin,E0132,2,C206,NEWTUSDT,calm,2026-06-21T08:00Z,calm+large,2026-06-21T08:00Z,2026-06-22T04:00Z
move-window/greedy-clique/cross-coin,E0133,1,C007,AVGOUSDT,large,2026-06-22T13:00Z,large,2026-06-22T13:00Z,2026-06-22T13:00Z
move-window/greedy-clique/cross-coin,E0134,2,C207,NEWTUSDT,large,2026-06-24T14:00Z,calm+large,2026-06-23T19:00Z,2026-06-24T14:00Z
move-window/greedy-clique/cross-coin,E0134,2,C258,NOKUSDT,calm,2026-06-23T19:00Z,calm+large,2026-06-23T19:00Z,2026-06-24T14:00Z
move-window/greedy-clique/cross-coin,E0135,3,C089,FARTCOINUSDT,calm,2026-06-26T22:00Z,calm,2026-06-25T23:00Z,2026-06-26T22:00Z
move-window/greedy-clique/cross-coin,E0135,3,C160,KOMAUSDT,calm,2026-06-25T23:00Z,calm,2026-06-25T23:00Z,2026-06-26T22:00Z
move-window/greedy-clique/cross-coin,E0135,3,C300,ZROUSDT,calm,2026-06-26T04:00Z,calm,2026-06-25T23:00Z,2026-06-26T22:00Z
move-window/greedy-clique/cross-coin,E0136,3,C129,FHEUSDT,calm,2026-06-29T10:00Z,calm,2026-06-28T14:00Z,2026-06-29T10:00Z
move-window/greedy-clique/cross-coin,E0136,3,C259,NOKUSDT,calm,2026-06-28T14:00Z,calm,2026-06-28T14:00Z,2026-06-29T10:00Z
move-window/greedy-clique/cross-coin,E0136,3,C301,ZROUSDT,calm,2026-06-28T17:00Z,calm,2026-06-28T14:00Z,2026-06-29T10:00Z
move-window/greedy-clique/cross-coin,E0137,2,C008,AVGOUSDT,calm,2026-07-03T05:00Z,calm+large,2026-07-02T07:00Z,2026-07-03T05:00Z
move-window/greedy-clique/cross-coin,E0137,2,C090,FARTCOINUSDT,large,2026-07-02T07:00Z,calm+large,2026-07-02T07:00Z,2026-07-03T05:00Z
move-window/greedy-clique/cross-coin,E0138,1,C161,KOMAUSDT,calm,2026-07-03T11:00Z,calm,2026-07-03T11:00Z,2026-07-03T11:00Z
move-window/greedy-clique/cross-coin,E0139,1,C162,KOMAUSDT,calm,2026-07-04T02:00Z,calm,2026-07-04T02:00Z,2026-07-04T02:00Z
move-window/greedy-clique/cross-coin,E0140,1,C163,KOMAUSDT,calm,2026-07-05T21:00Z,calm,2026-07-05T21:00Z,2026-07-05T21:00Z
move-window/greedy-clique/cross-coin,E0141,2,C164,KOMAUSDT,calm,2026-07-07T06:00Z,calm,2026-07-07T00:00Z,2026-07-07T06:00Z
move-window/greedy-clique/cross-coin,E0141,2,C248,NILUSDT,calm,2026-07-07T00:00Z,calm,2026-07-07T00:00Z,2026-07-07T06:00Z
move-window/greedy-clique/cross-coin,E0142,2,C009,AVGOUSDT,large,2026-07-08T12:00Z,calm+large,2026-07-08T12:00Z,2026-07-09T00:00Z
move-window/greedy-clique/cross-coin,E0142,2,C208,NEWTUSDT,calm,2026-07-09T00:00Z,calm+large,2026-07-08T12:00Z,2026-07-09T00:00Z
move-window/greedy-clique/cross-coin,E0143,3,C165,KOMAUSDT,calm,2026-07-12T01:00Z,calm,2026-07-11T03:00Z,2026-07-12T01:00Z
move-window/greedy-clique/cross-coin,E0143,3,C209,NEWTUSDT,calm,2026-07-11T03:00Z,calm,2026-07-11T03:00Z,2026-07-12T01:00Z
move-window/greedy-clique/cross-coin,E0143,3,C302,ZROUSDT,calm,2026-07-11T04:00Z,calm,2026-07-11T03:00Z,2026-07-12T01:00Z
move-window/greedy-clique/cross-coin,E0144,1,C130,FHEUSDT,calm,2026-07-13T15:00Z,calm,2026-07-13T15:00Z,2026-07-13T15:00Z
move-window/greedy-clique/cross-coin,E0145,2,C010,AVGOUSDT,calm,2026-07-16T00:00Z,calm+large,2026-07-16T00:00Z,2026-07-16T06:00Z
move-window/greedy-clique/cross-coin,E0145,2,C260,NOKUSDT,large,2026-07-16T06:00Z,calm+large,2026-07-16T00:00Z,2026-07-16T06:00Z
move-window/greedy-clique/cross-coin,E0146,1,C011,AVGOUSDT,calm,2026-07-16T14:00Z,calm,2026-07-16T14:00Z,2026-07-16T14:00Z
move-window/greedy-clique/cross-coin,E0147,1,C210,NEWTUSDT,calm,2026-07-17T23:00Z,calm,2026-07-17T23:00Z,2026-07-17T23:00Z
move-window/greedy-clique/cross-coin,E0148,2,C091,FARTCOINUSDT,calm,2026-07-19T00:00Z,calm,2026-07-18T10:00Z,2026-07-19T00:00Z
move-window/greedy-clique/cross-coin,E0148,2,C211,NEWTUSDT,calm,2026-07-18T10:00Z,calm,2026-07-18T10:00Z,2026-07-19T00:00Z
move-window/greedy-clique/cross-coin,E0149,1,C166,KOMAUSDT,large,2026-07-19T21:00Z,large,2026-07-19T21:00Z,2026-07-19T21:00Z
move-window/greedy-clique/cross-coin,E0150,2,C012,AVGOUSDT,calm,2026-07-24T06:00Z,calm+large,2026-07-23T07:00Z,2026-07-24T06:00Z
move-window/greedy-clique/cross-coin,E0150,2,C261,NOKUSDT,large,2026-07-23T07:00Z,calm+large,2026-07-23T07:00Z,2026-07-24T06:00Z
move-window/greedy-clique/cross-coin,E0151,2,C167,KOMAUSDT,calm,2026-07-25T15:00Z,calm+large,2026-07-25T15:00Z,2026-07-26T11:00Z
move-window/greedy-clique/cross-coin,E0151,2,C249,NILUSDT,large,2026-07-26T11:00Z,calm+large,2026-07-25T15:00Z,2026-07-26T11:00Z
move-window/greedy-clique/cross-coin,E0152,1,C212,NEWTUSDT,calm,2026-07-26T20:00Z,calm,2026-07-26T20:00Z,2026-07-26T20:00Z
move-window/greedy-clique/cross-coin,E0153,1,C050,BCHUSDT,calm,2026-07-28T19:00Z,calm,2026-07-28T19:00Z,2026-07-28T19:00Z
move-window/greedy-clique/cross-coin,E0154,1,C051,BCHUSDT,calm,2026-07-29T02:00Z,calm,2026-07-29T02:00Z,2026-07-29T02:00Z
move-window/greedy-clique/cross-coin,E0155,3,C052,BCHUSDT,calm,2026-07-30T09:00Z,calm+large,2026-07-30T07:00Z,2026-07-30T09:00Z
move-window/greedy-clique/cross-coin,E0155,3,C168,KOMAUSDT,large,2026-07-30T08:00Z,calm+large,2026-07-30T07:00Z,2026-07-30T09:00Z
move-window/greedy-clique/cross-coin,E0155,3,C262,NOKUSDT,large,2026-07-30T07:00Z,calm+large,2026-07-30T07:00Z,2026-07-30T09:00Z
move-window/greedy-clique/cross-coin,E0156,1,C169,KOMAUSDT,large,2026-08-01T10:00Z,large,2026-08-01T10:00Z,2026-08-01T10:00Z
move-window/greedy-clique/cross-coin,E0157,2,C013,AVGOUSDT,large,2026-08-03T18:00Z,large,2026-08-03T18:00Z,2026-08-03T21:00Z
move-window/greedy-clique/cross-coin,E0157,2,C170,KOMAUSDT,large,2026-08-03T21:00Z,large,2026-08-03T18:00Z,2026-08-03T21:00Z
move-window/greedy-clique/cross-coin,E0158,2,C053,BCHUSDT,calm,2026-08-04T20:00Z,calm,2026-08-04T20:00Z,2026-08-05T17:00Z
move-window/greedy-clique/cross-coin,E0158,2,C092,FARTCOINUSDT,calm,2026-08-05T17:00Z,calm,2026-08-04T20:00Z,2026-08-05T17:00Z
move-window/greedy-clique/cross-coin,E0159,3,C093,FARTCOINUSDT,calm,2026-08-05T21:00Z,calm+large,2026-08-05T21:00Z,2026-08-06T19:00Z
move-window/greedy-clique/cross-coin,E0159,3,C171,KOMAUSDT,large,2026-08-06T03:00Z,calm+large,2026-08-05T21:00Z,2026-08-06T19:00Z
move-window/greedy-clique/cross-coin,E0159,3,C250,NILUSDT,large,2026-08-06T19:00Z,calm+large,2026-08-05T21:00Z,2026-08-06T19:00Z
move-window/greedy-clique/cross-coin,E0160,3,C131,FHEUSDT,calm,2026-08-09T13:00Z,calm+large,2026-08-09T05:00Z,2026-08-09T14:00Z
move-window/greedy-clique/cross-coin,E0160,3,C251,NILUSDT,large,2026-08-09T05:00Z,calm+large,2026-08-09T05:00Z,2026-08-09T14:00Z
move-window/greedy-clique/cross-coin,E0160,3,C303,ZROUSDT,calm,2026-08-09T14:00Z,calm+large,2026-08-09T05:00Z,2026-08-09T14:00Z
move-window/greedy-clique/cross-coin,E0161,3,C132,FHEUSDT,calm,2026-08-11T15:00Z,calm+large,2026-08-11T12:00Z,2026-08-11T23:00Z
move-window/greedy-clique/cross-coin,E0161,3,C252,NILUSDT,large,2026-08-11T23:00Z,calm+large,2026-08-11T12:00Z,2026-08-11T23:00Z
move-window/greedy-clique/cross-coin,E0161,3,C263,NOKUSDT,large,2026-08-11T12:00Z,calm+large,2026-08-11T12:00Z,2026-08-11T23:00Z
move-window/greedy-clique/cross-coin,E0162,2,C014,AVGOUSDT,large,2026-08-13T19:00Z,calm+large,2026-08-13T07:00Z,2026-08-13T19:00Z
move-window/greedy-clique/cross-coin,E0162,2,C304,ZROUSDT,calm,2026-08-13T07:00Z,calm+large,2026-08-13T07:00Z,2026-08-13T19:00Z
move-window/greedy-clique/cross-coin,E0163,2,C253,NILUSDT,large,2026-08-14T19:00Z,calm+large,2026-08-14T19:00Z,2026-08-15T13:00Z
move-window/greedy-clique/cross-coin,E0163,2,C264,NOKUSDT,calm,2026-08-15T13:00Z,calm+large,2026-08-14T19:00Z,2026-08-15T13:00Z
move-window/greedy-clique/cross-coin,E0164,1,C172,KOMAUSDT,calm,2026-08-17T03:00Z,calm,2026-08-17T03:00Z,2026-08-17T03:00Z
move-window/greedy-clique/cross-coin,E0165,4,C054,BCHUSDT,large,2026-08-21T03:00Z,calm+large,2026-08-21T01:00Z,2026-08-21T05:00Z
move-window/greedy-clique/cross-coin,E0165,4,C094,FARTCOINUSDT,large,2026-08-21T05:00Z,calm+large,2026-08-21T01:00Z,2026-08-21T05:00Z
move-window/greedy-clique/cross-coin,E0165,4,C133,FHEUSDT,calm,2026-08-21T01:00Z,calm+large,2026-08-21T01:00Z,2026-08-21T05:00Z
move-window/greedy-clique/cross-coin,E0165,4,C213,NEWTUSDT,large,2026-08-21T04:00Z,calm+large,2026-08-21T01:00Z,2026-08-21T05:00Z
move-window/greedy-clique/cross-coin,E0166,2,C173,KOMAUSDT,large,2026-08-22T05:00Z,large,2026-08-22T05:00Z,2026-08-22T08:00Z
move-window/greedy-clique/cross-coin,E0166,2,C305,ZROUSDT,large,2026-08-22T08:00Z,large,2026-08-22T05:00Z,2026-08-22T08:00Z
move-window/greedy-clique/cross-coin,E0167,3,C134,FHEUSDT,calm,2026-08-24T13:00Z,calm+large,2026-08-24T08:00Z,2026-08-24T17:00Z
move-window/greedy-clique/cross-coin,E0167,3,C214,NEWTUSDT,calm,2026-08-24T08:00Z,calm+large,2026-08-24T08:00Z,2026-08-24T17:00Z
move-window/greedy-clique/cross-coin,E0167,3,C306,ZROUSDT,large,2026-08-24T17:00Z,calm+large,2026-08-24T08:00Z,2026-08-24T17:00Z
move-window/greedy-clique/cross-coin,E0168,2,C174,KOMAUSDT,large,2026-08-28T19:00Z,large,2026-08-28T19:00Z,2026-08-28T19:00Z
move-window/greedy-clique/cross-coin,E0168,2,C254,NILUSDT,large,2026-08-28T19:00Z,large,2026-08-28T19:00Z,2026-08-28T19:00Z
card-span/component/any,E0001,3,C135,KOMAUSDT,calm,2025-09-03T01:00Z,calm,2025-09-02T14:00Z,2025-09-03T10:00Z
card-span/component/any,E0001,3,C215,NILUSDT,calm,2025-09-03T10:00Z,calm,2025-09-02T14:00Z,2025-09-03T10:00Z
card-span/component/any,E0001,3,C267,ZROUSDT,calm,2025-09-02T14:00Z,calm,2025-09-02T14:00Z,2025-09-03T10:00Z
card-span/component/any,E0002,5,C095,FHEUSDT,calm,2025-09-06T07:00Z,calm+large,2025-09-06T07:00Z,2025-09-09T19:00Z
card-span/component/any,E0002,5,C175,NEWTUSDT,large,2025-09-08T07:00Z,calm+large,2025-09-06T07:00Z,2025-09-09T19:00Z
card-span/component/any,E0002,5,C216,NILUSDT,calm,2025-09-07T09:00Z,calm+large,2025-09-06T07:00Z,2025-09-09T19:00Z
card-span/component/any,E0002,5,C217,NILUSDT,calm,2025-09-09T15:00Z,calm+large,2025-09-06T07:00Z,2025-09-09T19:00Z
card-span/component/any,E0002,5,C265,OMNIUSDT,large,2025-09-09T19:00Z,calm+large,2025-09-06T07:00Z,2025-09-09T19:00Z
card-span/component/any,E0003,2,C176,NEWTUSDT,calm,2025-09-13T11:00Z,calm,2025-09-13T11:00Z,2025-09-13T14:00Z
card-span/component/any,E0003,2,C177,NEWTUSDT,calm,2025-09-13T14:00Z,calm,2025-09-13T11:00Z,2025-09-13T14:00Z
card-span/component/any,E0004,12,C015,BCHUSDT,calm,2025-09-19T08:00Z,calm+large,2025-09-15T22:00Z,2025-09-23T12:00Z
card-span/component/any,E0004,12,C016,BCHUSDT,calm,2025-09-21T09:00Z,calm+large,2025-09-15T22:00Z,2025-09-23T12:00Z
card-span/component/any,E0004,12,C055,FARTCOINUSDT,calm,2025-09-15T22:00Z,calm+large,2025-09-15T22:00Z,2025-09-23T12:00Z
card-span/component/any,E0004,12,C056,FARTCOINUSDT,large,2025-09-21T08:00Z,calm+large,2025-09-15T22:00Z,2025-09-23T12:00Z
card-span/component/any,E0004,12,C096,FHEUSDT,calm,2025-09-17T17:00Z,calm+large,2025-09-15T22:00Z,2025-09-23T12:00Z
card-span/component/any,E0004,12,C097,FHEUSDT,calm,2025-09-19T21:00Z,calm+large,2025-09-15T22:00Z,2025-09-23T12:00Z
card-span/component/any,E0004,12,C136,KOMAUSDT,large,2025-09-21T07:00Z,calm+large,2025-09-15T22:00Z,2025-09-23T12:00Z
card-span/component/any,E0004,12,C178,NEWTUSDT,large,2025-09-21T16:00Z,calm+large,2025-09-15T22:00Z,2025-09-23T12:00Z
card-span/component/any,E0004,12,C218,NILUSDT,calm,2025-09-16T05:00Z,calm+large,2025-09-15T22:00Z,2025-09-23T12:00Z
card-span/component/any,E0004,12,C266,OMNIUSDT,calm,2025-09-21T00:00Z,calm+large,2025-09-15T22:00Z,2025-09-23T12:00Z
card-span/component/any,E0004,12,C268,ZROUSDT,calm,2025-09-18T14:00Z,calm+large,2025-09-15T22:00Z,2025-09-23T12:00Z
card-span/component/any,E0004,12,C269,ZROUSDT,large,2025-09-23T12:00Z,calm+large,2025-09-15T22:00Z,2025-09-23T12:00Z
card-span/component/any,E0005,5,C098,FHEUSDT,calm,2025-09-29T18:00Z,calm+large,2025-09-28T17:00Z,2025-10-01T07:00Z
card-span/component/any,E0005,5,C137,KOMAUSDT,calm,2025-09-28T17:00Z,calm+large,2025-09-28T17:00Z,2025-10-01T07:00Z
card-span/component/any,E0005,5,C179,NEWTUSDT,large,2025-09-30T19:00Z,calm+large,2025-09-28T17:00Z,2025-10-01T07:00Z
card-span/component/any,E0005,5,C219,NILUSDT,large,2025-10-01T07:00Z,calm+large,2025-09-28T17:00Z,2025-10-01T07:00Z
card-span/component/any,E0005,5,C270,ZROUSDT,large,2025-10-01T07:00Z,calm+large,2025-09-28T17:00Z,2025-10-01T07:00Z
card-span/component/any,E0006,4,C057,FARTCOINUSDT,calm,2025-10-06T03:00Z,calm+large,2025-10-04T16:00Z,2025-10-07T05:00Z
card-span/component/any,E0006,4,C138,KOMAUSDT,large,2025-10-07T05:00Z,calm+large,2025-10-04T16:00Z,2025-10-07T05:00Z
card-span/component/any,E0006,4,C220,NILUSDT,calm,2025-10-06T22:00Z,calm+large,2025-10-04T16:00Z,2025-10-07T05:00Z
card-span/component/any,E0006,4,C271,ZROUSDT,calm,2025-10-04T16:00Z,calm+large,2025-10-04T16:00Z,2025-10-07T05:00Z
card-span/component/any,E0007,11,C017,BCHUSDT,large,2025-10-10T02:00Z,large,2025-10-09T10:00Z,2025-10-12T14:00Z
card-span/component/any,E0007,11,C018,BCHUSDT,large,2025-10-12T02:00Z,large,2025-10-09T10:00Z,2025-10-12T14:00Z
card-span/component/any,E0007,11,C058,FARTCOINUSDT,large,2025-10-10T14:00Z,large,2025-10-09T10:00Z,2025-10-12T14:00Z
card-span/component/any,E0007,11,C059,FARTCOINUSDT,large,2025-10-12T14:00Z,large,2025-10-09T10:00Z,2025-10-12T14:00Z
card-span/component/any,E0007,11,C099,FHEUSDT,large,2025-10-09T22:00Z,large,2025-10-09T10:00Z,2025-10-12T14:00Z
card-span/component/any,E0007,11,C139,KOMAUSDT,large,2025-10-09T10:00Z,large,2025-10-09T10:00Z,2025-10-12T14:00Z
card-span/component/any,E0007,11,C180,NEWTUSDT,large,2025-10-09T22:00Z,large,2025-10-09T10:00Z,2025-10-12T14:00Z
card-span/component/any,E0007,11,C181,NEWTUSDT,large,2025-10-12T14:00Z,large,2025-10-09T10:00Z,2025-10-12T14:00Z
card-span/component/any,E0007,11,C221,NILUSDT,large,2025-10-10T05:00Z,large,2025-10-09T10:00Z,2025-10-12T14:00Z
card-span/component/any,E0007,11,C272,ZROUSDT,large,2025-10-09T22:00Z,large,2025-10-09T10:00Z,2025-10-12T14:00Z
card-span/component/any,E0007,11,C273,ZROUSDT,large,2025-10-12T02:00Z,large,2025-10-09T10:00Z,2025-10-12T14:00Z
card-span/component/any,E0008,5,C019,BCHUSDT,large,2025-10-16T09:00Z,calm+large,2025-10-16T08:00Z,2025-10-18T05:00Z
card-span/component/any,E0008,5,C100,FHEUSDT,large,2025-10-17T01:00Z,calm+large,2025-10-16T08:00Z,2025-10-18T05:00Z
card-span/component/any,E0008,5,C140,KOMAUSDT,large,2025-10-17T09:00Z,calm+large,2025-10-16T08:00Z,2025-10-18T05:00Z
card-span/component/any,E0008,5,C182,NEWTUSDT,large,2025-10-16T08:00Z,calm+large,2025-10-16T08:00Z,2025-10-18T05:00Z
card-span/component/any,E0008,5,C222,NILUSDT,calm,2025-10-18T05:00Z,calm+large,2025-10-16T08:00Z,2025-10-18T05:00Z
card-span/component/any,E0009,1,C223,NILUSDT,large,2025-10-21T10:00Z,large,2025-10-21T10:00Z,2025-10-21T10:00Z
card-span/component/any,E0010,1,C020,BCHUSDT,large,2025-10-25T13:00Z,large,2025-10-25T13:00Z,2025-10-25T13:00Z
card-span/component/any,E0011,15,C021,BCHUSDT,calm,2025-11-01T04:00Z,calm+large,2025-10-29T10:00Z,2025-11-07T08:00Z
card-span/component/any,E0011,15,C022,BCHUSDT,calm,2025-11-04T23:00Z,calm+large,2025-10-29T10:00Z,2025-11-07T08:00Z
card-span/component/any,E0011,15,C023,BCHUSDT,calm,2025-11-07T08:00Z,calm+large,2025-10-29T10:00Z,2025-11-07T08:00Z
card-span/component/any,E0011,15,C060,FARTCOINUSDT,large,2025-10-29T21:00Z,calm+large,2025-10-29T10:00Z,2025-11-07T08:00Z
card-span/component/any,E0011,15,C061,FARTCOINUSDT,large,2025-11-03T08:00Z,calm+large,2025-10-29T10:00Z,2025-11-07T08:00Z
card-span/component/any,E0011,15,C062,FARTCOINUSDT,large,2025-11-06T21:00Z,calm+large,2025-10-29T10:00Z,2025-11-07T08:00Z
card-span/component/any,E0011,15,C101,FHEUSDT,calm,2025-10-31T22:00Z,calm+large,2025-10-29T10:00Z,2025-11-07T08:00Z
card-span/component/any,E0011,15,C141,KOMAUSDT,calm,2025-11-04T20:00Z,calm+large,2025-10-29T10:00Z,2025-11-07T08:00Z
card-span/component/any,E0011,15,C183,NEWTUSDT,large,2025-10-29T21:00Z,calm+large,2025-10-29T10:00Z,2025-11-07T08:00Z
card-span/component/any,E0011,15,C184,NEWTUSDT,large,2025-11-02T21:00Z,calm+large,2025-10-29T10:00Z,2025-11-07T08:00Z
card-span/component/any,E0011,15,C185,NEWTUSDT,calm,2025-11-06T14:00Z,calm+large,2025-10-29T10:00Z,2025-11-07T08:00Z
card-span/component/any,E0011,15,C224,NILUSDT,calm,2025-10-29T10:00Z,calm+large,2025-10-29T10:00Z,2025-11-07T08:00Z
card-span/component/any,E0011,15,C225,NILUSDT,calm,2025-10-30T19:00Z,calm+large,2025-10-29T10:00Z,2025-11-07T08:00Z
card-span/component/any,E0011,15,C226,NILUSDT,large,2025-11-03T00:00Z,calm+large,2025-10-29T10:00Z,2025-11-07T08:00Z
card-span/component/any,E0011,15,C274,ZROUSDT,large,2025-11-06T08:00Z,calm+large,2025-10-29T10:00Z,2025-11-07T08:00Z
card-span/component/any,E0012,12,C024,BCHUSDT,calm,2025-11-15T03:00Z,calm+large,2025-11-14T06:00Z,2025-11-21T12:00Z
card-span/component/any,E0012,12,C025,BCHUSDT,large,2025-11-18T20:00Z,calm+large,2025-11-14T06:00Z,2025-11-21T12:00Z
card-span/component/any,E0012,12,C026,BCHUSDT,large,2025-11-21T12:00Z,calm+large,2025-11-14T06:00Z,2025-11-21T12:00Z
card-span/component/any,E0012,12,C063,FARTCOINUSDT,large,2025-11-20T23:00Z,calm+large,2025-11-14T06:00Z,2025-11-21T12:00Z
card-span/component/any,E0012,12,C102,FHEUSDT,calm,2025-11-14T07:00Z,calm+large,2025-11-14T06:00Z,2025-11-21T12:00Z
card-span/component/any,E0012,12,C142,KOMAUSDT,calm,2025-11-14T06:00Z,calm+large,2025-11-14T06:00Z,2025-11-21T12:00Z
card-span/component/any,E0012,12,C186,NEWTUSDT,calm,2025-11-15T14:00Z,calm+large,2025-11-14T06:00Z,2025-11-21T12:00Z
card-span/component/any,E0012,12,C187,NEWTUSDT,large,2025-11-20T14:00Z,calm+large,2025-11-14T06:00Z,2025-11-21T12:00Z
card-span/component/any,E0012,12,C227,NILUSDT,large,2025-11-15T21:00Z,calm+large,2025-11-14T06:00Z,2025-11-21T12:00Z
card-span/component/any,E0012,12,C228,NILUSDT,large,2025-11-18T19:00Z,calm+large,2025-11-14T06:00Z,2025-11-21T12:00Z
card-span/component/any,E0012,12,C229,NILUSDT,large,2025-11-20T23:00Z,calm+large,2025-11-14T06:00Z,2025-11-21T12:00Z
card-span/component/any,E0012,12,C275,ZROUSDT,calm,2025-11-17T08:00Z,calm+large,2025-11-14T06:00Z,2025-11-21T12:00Z
card-span/component/any,E0013,1,C064,FARTCOINUSDT,large,2025-11-23T21:00Z,large,2025-11-23T21:00Z,2025-11-23T21:00Z
card-span/component/any,E0014,3,C065,FARTCOINUSDT,large,2025-11-25T22:00Z,calm+large,2025-11-25T22:00Z,2025-11-27T16:00Z
card-span/component/any,E0014,3,C103,FHEUSDT,calm,2025-11-27T16:00Z,calm+large,2025-11-25T22:00Z,2025-11-27T16:00Z
card-span/component/any,E0014,3,C188,NEWTUSDT,calm,2025-11-26T19:00Z,calm+large,2025-11-25T22:00Z,2025-11-27T16:00Z
card-span/component/any,E0015,5,C027,BCHUSDT,large,2025-12-02T05:00Z,calm+large,2025-12-01T16:00Z,2025-12-03T21:00Z
card-span/component/any,E0015,5,C066,FARTCOINUSDT,large,2025-12-01T16:00Z,calm+large,2025-12-01T16:00Z,2025-12-03T21:00Z
card-span/component/any,E0015,5,C067,FARTCOINUSDT,large,2025-12-03T21:00Z,calm+large,2025-12-01T16:00Z,2025-12-03T21:00Z
card-span/component/any,E0015,5,C189,NEWTUSDT,calm,2025-12-02T05:00Z,calm+large,2025-12-01T16:00Z,2025-12-03T21:00Z
card-span/component/any,E0015,5,C276,ZROUSDT,large,2025-12-01T18:00Z,calm+large,2025-12-01T16:00Z,2025-12-03T21:00Z
card-span/component/any,E0016,1,C104,FHEUSDT,large,2025-12-06T19:00Z,large,2025-12-06T19:00Z,2025-12-06T19:00Z
card-span/component/any,E0017,3,C105,FHEUSDT,large,2025-12-09T22:00Z,calm+large,2025-12-09T05:00Z,2025-12-10T07:00Z
card-span/component/any,E0017,3,C230,NILUSDT,large,2025-12-09T05:00Z,calm+large,2025-12-09T05:00Z,2025-12-10T07:00Z
card-span/component/any,E0017,3,C277,ZROUSDT,calm,2025-12-10T07:00Z,calm+large,2025-12-09T05:00Z,2025-12-10T07:00Z
card-span/component/any,E0018,8,C028,BCHUSDT,calm,2025-12-15T02:00Z,calm+large,2025-12-15T02:00Z,2025-12-19T15:00Z
card-span/component/any,E0018,8,C029,BCHUSDT,large,2025-12-18T20:00Z,calm+large,2025-12-15T02:00Z,2025-12-19T15:00Z
card-span/component/any,E0018,8,C068,FARTCOINUSDT,large,2025-12-18T01:00Z,calm+large,2025-12-15T02:00Z,2025-12-19T15:00Z
card-span/component/any,E0018,8,C106,FHEUSDT,large,2025-12-15T04:00Z,calm+large,2025-12-15T02:00Z,2025-12-19T15:00Z
card-span/component/any,E0018,8,C107,FHEUSDT,large,2025-12-19T15:00Z,calm+large,2025-12-15T02:00Z,2025-12-19T15:00Z
card-span/component/any,E0018,8,C143,KOMAUSDT,calm,2025-12-18T05:00Z,calm+large,2025-12-15T02:00Z,2025-12-19T15:00Z
card-span/component/any,E0018,8,C190,NEWTUSDT,large,2025-12-19T13:00Z,calm+large,2025-12-15T02:00Z,2025-12-19T15:00Z
card-span/component/any,E0018,8,C231,NILUSDT,calm,2025-12-16T18:00Z,calm+large,2025-12-15T02:00Z,2025-12-19T15:00Z
card-span/component/any,E0019,2,C191,NEWTUSDT,large,2025-12-24T11:00Z,large,2025-12-24T11:00Z,2025-12-26T01:00Z
card-span/component/any,E0019,2,C232,NILUSDT,large,2025-12-26T01:00Z,large,2025-12-24T11:00Z,2025-12-26T01:00Z
card-span/component/any,E0020,2,C108,FHEUSDT,calm,2025-12-29T00:00Z,calm,2025-12-29T00:00Z,2025-12-30T01:00Z
card-span/component/any,E0020,2,C144,KOMAUSDT,calm,2025-12-30T01:00Z,calm,2025-12-29T00:00Z,2025-12-30T01:00Z
card-span/component/any,E0021,2,C069,FARTCOINUSDT,large,2026-01-02T03:00Z,calm+large,2026-01-02T03:00Z,2026-01-02T07:00Z
card-span/component/any,E0021,2,C145,KOMAUSDT,calm,2026-01-02T07:00Z,calm+large,2026-01-02T03:00Z,2026-01-02T07:00Z
card-span/component/any,E0022,6,C030,BCHUSDT,calm,2026-01-06T17:00Z,calm+large,2026-01-05T14:00Z,2026-01-09T11:00Z
card-span/component/any,E0022,6,C070,FARTCOINUSDT,large,2026-01-05T14:00Z,calm+large,2026-01-05T14:00Z,2026-01-09T11:00Z
card-span/component/any,E0022,6,C109,FHEUSDT,large,2026-01-06T02:00Z,calm+large,2026-01-05T14:00Z,2026-01-09T11:00Z
card-span/component/any,E0022,6,C146,KOMAUSDT,calm,2026-01-08T17:00Z,calm+large,2026-01-05T14:00Z,2026-01-09T11:00Z
card-span/component/any,E0022,6,C192,NEWTUSDT,calm,2026-01-09T11:00Z,calm+large,2026-01-05T14:00Z,2026-01-09T11:00Z
card-span/component/any,E0022,6,C233,NILUSDT,calm,2026-01-07T00:00Z,calm+large,2026-01-05T14:00Z,2026-01-09T11:00Z
card-span/component/any,E0023,5,C071,FARTCOINUSDT,calm,2026-01-13T16:00Z,calm+large,2026-01-12T05:00Z,2026-01-16T14:00Z
card-span/component/any,E0023,5,C072,FARTCOINUSDT,calm,2026-01-14T20:00Z,calm+large,2026-01-12T05:00Z,2026-01-16T14:00Z
card-span/component/any,E0023,5,C110,FHEUSDT,large,2026-01-14T12:00Z,calm+large,2026-01-12T05:00Z,2026-01-16T14:00Z
card-span/component/any,E0023,5,C111,FHEUSDT,large,2026-01-16T14:00Z,calm+large,2026-01-12T05:00Z,2026-01-16T14:00Z
card-span/component/any,E0023,5,C278,ZROUSDT,calm,2026-01-12T05:00Z,calm+large,2026-01-12T05:00Z,2026-01-16T14:00Z
card-span/component/any,E0024,7,C112,FHEUSDT,large,2026-01-18T14:00Z,calm+large,2026-01-18T14:00Z,2026-01-24T01:00Z
card-span/component/any,E0024,7,C113,FHEUSDT,large,2026-01-20T16:00Z,calm+large,2026-01-18T14:00Z,2026-01-24T01:00Z
card-span/component/any,E0024,7,C193,NEWTUSDT,large,2026-01-24T01:00Z,calm+large,2026-01-18T14:00Z,2026-01-24T01:00Z
card-span/component/any,E0024,7,C234,NILUSDT,calm,2026-01-18T22:00Z,calm+large,2026-01-18T14:00Z,2026-01-24T01:00Z
card-span/component/any,E0024,7,C235,NILUSDT,calm,2026-01-22T08:00Z,calm+large,2026-01-18T14:00Z,2026-01-24T01:00Z
card-span/component/any,E0024,7,C279,ZROUSDT,large,2026-01-20T16:00Z,calm+large,2026-01-18T14:00Z,2026-01-24T01:00Z
card-span/component/any,E0024,7,C280,ZROUSDT,large,2026-01-22T17:00Z,calm+large,2026-01-18T14:00Z,2026-01-24T01:00Z
card-span/component/any,E0025,3,C031,BCHUSDT,large,2026-01-30T20:00Z,large,2026-01-30T20:00Z,2026-01-30T20:00Z
card-span/component/any,E0025,3,C194,NEWTUSDT,large,2026-01-30T20:00Z,large,2026-01-30T20:00Z,2026-01-30T20:00Z
card-span/component/any,E0025,3,C281,ZROUSDT,large,2026-01-30T20:00Z,large,2026-01-30T20:00Z,2026-01-30T20:00Z
card-span/component/any,E0026,6,C032,BCHUSDT,large,2026-02-06T03:00Z,calm+large,2026-02-01T21:00Z,2026-02-06T03:00Z
card-span/component/any,E0026,6,C114,FHEUSDT,large,2026-02-03T15:00Z,calm+large,2026-02-01T21:00Z,2026-02-06T03:00Z
card-span/component/any,E0026,6,C147,KOMAUSDT,calm,2026-02-03T03:00Z,calm+large,2026-02-01T21:00Z,2026-02-06T03:00Z
card-span/component/any,E0026,6,C195,NEWTUSDT,large,2026-02-05T01:00Z,calm+large,2026-02-01T21:00Z,2026-02-06T03:00Z
card-span/component/any,E0026,6,C236,NILUSDT,calm,2026-02-01T21:00Z,calm+large,2026-02-01T21:00Z,2026-02-06T03:00Z
card-span/component/any,E0026,6,C282,ZROUSDT,large,2026-02-05T00:00Z,calm+large,2026-02-01T21:00Z,2026-02-06T03:00Z
card-span/component/any,E0027,6,C033,BCHUSDT,large,2026-02-12T22:00Z,calm+large,2026-02-09T14:00Z,2026-02-12T22:00Z
card-span/component/any,E0027,6,C073,FARTCOINUSDT,calm,2026-02-11T10:00Z,calm+large,2026-02-09T14:00Z,2026-02-12T22:00Z
card-span/component/any,E0027,6,C115,FHEUSDT,large,2026-02-09T14:00Z,calm+large,2026-02-09T14:00Z,2026-02-12T22:00Z
card-span/component/any,E0027,6,C116,FHEUSDT,large,2026-02-11T14:00Z,calm+large,2026-02-09T14:00Z,2026-02-12T22:00Z
card-span/component/any,E0027,6,C237,NILUSDT,large,2026-02-10T11:00Z,calm+large,2026-02-09T14:00Z,2026-02-12T22:00Z
card-span/component/any,E0027,6,C283,ZROUSDT,large,2026-02-10T14:00Z,calm+large,2026-02-09T14:00Z,2026-02-12T22:00Z
card-span/component/any,E0028,1,C117,FHEUSDT,large,2026-02-15T06:00Z,large,2026-02-15T06:00Z,2026-02-15T06:00Z
card-span/component/any,E0029,2,C074,FARTCOINUSDT,calm,2026-02-17T17:00Z,calm+large,2026-02-17T17:00Z,2026-02-19T16:00Z
card-span/component/any,E0029,2,C284,ZROUSDT,large,2026-02-19T16:00Z,calm+large,2026-02-17T17:00Z,2026-02-19T16:00Z
card-span/component/any,E0030,1,C034,BCHUSDT,large,2026-02-23T00:00Z,large,2026-02-23T00:00Z,2026-02-23T00:00Z
card-span/component/any,E0031,6,C075,FARTCOINUSDT,calm,2026-03-02T05:00Z,calm+large,2026-02-26T12:00Z,2026-03-03T03:00Z
card-span/component/any,E0031,6,C118,FHEUSDT,calm,2026-02-28T08:00Z,calm+large,2026-02-26T12:00Z,2026-03-03T03:00Z
card-span/component/any,E0031,6,C119,FHEUSDT,calm,2026-03-03T03:00Z,calm+large,2026-02-26T12:00Z,2026-03-03T03:00Z
card-span/component/any,E0031,6,C196,NEWTUSDT,large,2026-02-26T12:00Z,calm+large,2026-02-26T12:00Z,2026-03-03T03:00Z
card-span/component/any,E0031,6,C238,NILUSDT,calm,2026-03-02T09:00Z,calm+large,2026-02-26T12:00Z,2026-03-03T03:00Z
card-span/component/any,E0031,6,C285,ZROUSDT,large,2026-02-28T09:00Z,calm+large,2026-02-26T12:00Z,2026-03-03T03:00Z
card-span/component/any,E0032,4,C035,BCHUSDT,calm,2026-03-07T23:00Z,calm+large,2026-03-06T13:00Z,2026-03-10T00:00Z
card-span/component/any,E0032,4,C076,FARTCOINUSDT,calm,2026-03-10T00:00Z,calm+large,2026-03-06T13:00Z,2026-03-10T00:00Z
card-span/component/any,E0032,4,C120,FHEUSDT,large,2026-03-06T13:00Z,calm+large,2026-03-06T13:00Z,2026-03-10T00:00Z
card-span/component/any,E0032,4,C239,NILUSDT,calm,2026-03-08T22:00Z,calm+large,2026-03-06T13:00Z,2026-03-10T00:00Z
card-span/component/any,E0033,2,C121,FHEUSDT,calm,2026-03-12T23:00Z,calm,2026-03-12T23:00Z,2026-03-12T23:00Z
card-span/component/any,E0033,2,C286,ZROUSDT,calm,2026-03-12T23:00Z,calm,2026-03-12T23:00Z,2026-03-12T23:00Z
card-span/component/any,E0034,2,C077,FARTCOINUSDT,large,2026-03-16T02:00Z,calm+large,2026-03-16T02:00Z,2026-03-16T10:00Z
card-span/component/any,E0034,2,C148,KOMAUSDT,calm,2026-03-16T10:00Z,calm+large,2026-03-16T02:00Z,2026-03-16T10:00Z
card-span/component/any,E0035,2,C036,BCHUSDT,calm,2026-03-18T17:00Z,calm,2026-03-18T17:00Z,2026-03-19T19:00Z
card-span/component/any,E0035,2,C287,ZROUSDT,calm,2026-03-19T19:00Z,calm,2026-03-18T17:00Z,2026-03-19T19:00Z
card-span/component/any,E0036,2,C037,BCHUSDT,calm,2026-03-21T21:00Z,calm+large,2026-03-21T21:00Z,2026-03-23T01:00Z
card-span/component/any,E0036,2,C288,ZROUSDT,large,2026-03-23T01:00Z,calm+large,2026-03-21T21:00Z,2026-03-23T01:00Z
card-span/component/any,E0037,1,C240,NILUSDT,calm,2026-03-25T03:00Z,calm,2026-03-25T03:00Z,2026-03-25T03:00Z
card-span/component/any,E0038,1,C038,BCHUSDT,calm,2026-03-30T04:00Z,calm,2026-03-30T04:00Z,2026-03-30T04:00Z
card-span/component/any,E0039,1,C149,KOMAUSDT,large,2026-04-04T13:00Z,large,2026-04-04T13:00Z,2026-04-04T13:00Z
card-span/component/any,E0040,9,C078,FARTCOINUSDT,large,2026-04-08T23:00Z,calm+large,2026-04-06T15:00Z,2026-04-15T06:00Z
card-span/component/any,E0040,9,C122,FHEUSDT,calm,2026-04-12T11:00Z,calm+large,2026-04-06T15:00Z,2026-04-15T06:00Z
card-span/component/any,E0040,9,C150,KOMAUSDT,large,2026-04-06T15:00Z,calm+large,2026-04-06T15:00Z,2026-04-15T06:00Z
card-span/component/any,E0040,9,C151,KOMAUSDT,large,2026-04-13T02:00Z,calm+large,2026-04-06T15:00Z,2026-04-15T06:00Z
card-span/component/any,E0040,9,C152,KOMAUSDT,large,2026-04-15T06:00Z,calm+large,2026-04-06T15:00Z,2026-04-15T06:00Z
card-span/component/any,E0040,9,C197,NEWTUSDT,calm,2026-04-10T16:00Z,calm+large,2026-04-06T15:00Z,2026-04-15T06:00Z
card-span/component/any,E0040,9,C241,NILUSDT,calm,2026-04-08T02:00Z,calm+large,2026-04-06T15:00Z,2026-04-15T06:00Z
card-span/component/any,E0040,9,C242,NILUSDT,calm,2026-04-14T12:00Z,calm+large,2026-04-06T15:00Z,2026-04-15T06:00Z
card-span/component/any,E0040,9,C289,ZROUSDT,large,2026-04-07T03:00Z,calm+large,2026-04-06T15:00Z,2026-04-15T06:00Z
card-span/component/any,E0041,10,C039,BCHUSDT,calm,2026-04-20T03:00Z,calm+large,2026-04-17T06:00Z,2026-04-22T19:00Z
card-span/component/any,E0041,10,C040,BCHUSDT,calm,2026-04-20T23:00Z,calm+large,2026-04-17T06:00Z,2026-04-22T19:00Z
card-span/component/any,E0041,10,C041,BCHUSDT,calm,2026-04-22T19:00Z,calm+large,2026-04-17T06:00Z,2026-04-22T19:00Z
card-span/component/any,E0041,10,C079,FARTCOINUSDT,calm,2026-04-19T00:00Z,calm+large,2026-04-17T06:00Z,2026-04-22T19:00Z
card-span/component/any,E0041,10,C080,FARTCOINUSDT,calm,2026-04-20T12:00Z,calm+large,2026-04-17T06:00Z,2026-04-22T19:00Z
card-span/component/any,E0041,10,C123,FHEUSDT,large,2026-04-17T06:00Z,calm+large,2026-04-17T06:00Z,2026-04-22T19:00Z
card-span/component/any,E0041,10,C153,KOMAUSDT,large,2026-04-18T05:00Z,calm+large,2026-04-17T06:00Z,2026-04-22T19:00Z
card-span/component/any,E0041,10,C154,KOMAUSDT,calm,2026-04-22T04:00Z,calm+large,2026-04-17T06:00Z,2026-04-22T19:00Z
card-span/component/any,E0041,10,C198,NEWTUSDT,large,2026-04-20T12:00Z,calm+large,2026-04-17T06:00Z,2026-04-22T19:00Z
card-span/component/any,E0041,10,C290,ZROUSDT,large,2026-04-18T07:00Z,calm+large,2026-04-17T06:00Z,2026-04-22T19:00Z
card-span/component/any,E0042,6,C081,FARTCOINUSDT,calm,2026-04-28T10:00Z,calm+large,2026-04-28T10:00Z,2026-05-02T01:00Z
card-span/component/any,E0042,6,C082,FARTCOINUSDT,calm,2026-05-01T23:00Z,calm+large,2026-04-28T10:00Z,2026-05-02T01:00Z
card-span/component/any,E0042,6,C124,FHEUSDT,large,2026-05-02T01:00Z,calm+large,2026-04-28T10:00Z,2026-05-02T01:00Z
card-span/component/any,E0042,6,C155,KOMAUSDT,calm,2026-05-01T06:00Z,calm+large,2026-04-28T10:00Z,2026-05-02T01:00Z
card-span/component/any,E0042,6,C291,ZROUSDT,calm,2026-04-30T04:00Z,calm+large,2026-04-28T10:00Z,2026-05-02T01:00Z
card-span/component/any,E0042,6,C292,ZROUSDT,calm,2026-04-30T19:00Z,calm+large,2026-04-28T10:00Z,2026-05-02T01:00Z
card-span/component/any,E0043,6,C001,AVGOUSDT,calm,2026-05-07T20:00Z,calm+large,2026-05-04T21:00Z,2026-05-09T08:00Z
card-span/component/any,E0043,6,C042,BCHUSDT,calm,2026-05-07T15:00Z,calm+large,2026-05-04T21:00Z,2026-05-09T08:00Z
card-span/component/any,E0043,6,C083,FARTCOINUSDT,calm,2026-05-09T08:00Z,calm+large,2026-05-04T21:00Z,2026-05-09T08:00Z
card-span/component/any,E0043,6,C125,FHEUSDT,large,2026-05-04T21:00Z,calm+large,2026-05-04T21:00Z,2026-05-09T08:00Z
card-span/component/any,E0043,6,C199,NEWTUSDT,calm,2026-05-05T21:00Z,calm+large,2026-05-04T21:00Z,2026-05-09T08:00Z
card-span/component/any,E0043,6,C243,NILUSDT,large,2026-05-06T23:00Z,calm+large,2026-05-04T21:00Z,2026-05-09T08:00Z
card-span/component/any,E0044,3,C084,FARTCOINUSDT,calm,2026-05-13T16:00Z,calm,2026-05-13T16:00Z,2026-05-15T09:00Z
card-span/component/any,E0044,3,C085,FARTCOINUSDT,calm,2026-05-15T01:00Z,calm,2026-05-13T16:00Z,2026-05-15T09:00Z
card-span/component/any,E0044,3,C126,FHEUSDT,calm,2026-05-15T09:00Z,calm,2026-05-13T16:00Z,2026-05-15T09:00Z
card-span/component/any,E0045,4,C043,BCHUSDT,large,2026-05-17T12:00Z,calm+large,2026-05-17T12:00Z,2026-05-20T01:00Z
card-span/component/any,E0045,4,C244,NILUSDT,large,2026-05-20T01:00Z,calm+large,2026-05-17T12:00Z,2026-05-20T01:00Z
card-span/component/any,E0045,4,C293,ZROUSDT,calm,2026-05-18T19:00Z,calm+large,2026-05-17T12:00Z,2026-05-20T01:00Z
card-span/component/any,E0045,4,C294,ZROUSDT,calm,2026-05-19T13:00Z,calm+large,2026-05-17T12:00Z,2026-05-20T01:00Z
card-span/component/any,E0046,20,C002,AVGOUSDT,calm,2026-05-23T22:00Z,calm+large,2026-05-23T20:00Z,2026-06-05T12:00Z
card-span/component/any,E0046,20,C003,AVGOUSDT,large,2026-06-01T10:00Z,calm+large,2026-05-23T20:00Z,2026-06-05T12:00Z
card-span/component/any,E0046,20,C004,AVGOUSDT,large,2026-06-03T12:00Z,calm+large,2026-05-23T20:00Z,2026-06-05T12:00Z
card-span/component/any,E0046,20,C005,AVGOUSDT,large,2026-06-05T12:00Z,calm+large,2026-05-23T20:00Z,2026-06-05T12:00Z
card-span/component/any,E0046,20,C044,BCHUSDT,large,2026-05-27T16:00Z,calm+large,2026-05-23T20:00Z,2026-06-05T12:00Z
card-span/component/any,E0046,20,C045,BCHUSDT,large,2026-06-02T04:00Z,calm+large,2026-05-23T20:00Z,2026-06-05T12:00Z
card-span/component/any,E0046,20,C046,BCHUSDT,large,2026-06-05T05:00Z,calm+large,2026-05-23T20:00Z,2026-06-05T12:00Z
card-span/component/any,E0046,20,C086,FARTCOINUSDT,large,2026-06-04T19:00Z,calm+large,2026-05-23T20:00Z,2026-06-05T12:00Z
card-span/component/any,E0046,20,C127,FHEUSDT,calm,2026-05-28T00:00Z,calm+large,2026-05-23T20:00Z,2026-06-05T12:00Z
card-span/component/any,E0046,20,C128,FHEUSDT,large,2026-05-31T06:00Z,calm+large,2026-05-23T20:00Z,2026-06-05T12:00Z
card-span/component/any,E0046,20,C156,KOMAUSDT,large,2026-05-28T11:00Z,calm+large,2026-05-23T20:00Z,2026-06-05T12:00Z
card-span/component/any,E0046,20,C200,NEWTUSDT,calm,2026-05-25T21:00Z,calm+large,2026-05-23T20:00Z,2026-06-05T12:00Z
card-span/component/any,E0046,20,C201,NEWTUSDT,large,2026-05-28T21:00Z,calm+large,2026-05-23T20:00Z,2026-06-05T12:00Z
card-span/component/any,E0046,20,C202,NEWTUSDT,large,2026-06-05T05:00Z,calm+large,2026-05-23T20:00Z,2026-06-05T12:00Z
card-span/component/any,E0046,20,C245,NILUSDT,large,2026-05-23T20:00Z,calm+large,2026-05-23T20:00Z,2026-06-05T12:00Z
card-span/component/any,E0046,20,C246,NILUSDT,calm,2026-05-30T05:00Z,calm+large,2026-05-23T20:00Z,2026-06-05T12:00Z
card-span/component/any,E0046,20,C247,NILUSDT,large,2026-06-03T22:00Z,calm+large,2026-05-23T20:00Z,2026-06-05T12:00Z
card-span/component/any,E0046,20,C255,NOKUSDT,large,2026-06-05T03:00Z,calm+large,2026-05-23T20:00Z,2026-06-05T12:00Z
card-span/component/any,E0046,20,C295,ZROUSDT,calm,2026-05-30T08:00Z,calm+large,2026-05-23T20:00Z,2026-06-05T12:00Z
card-span/component/any,E0046,20,C296,ZROUSDT,large,2026-06-04T19:00Z,calm+large,2026-05-23T20:00Z,2026-06-05T12:00Z
card-span/component/any,E0047,7,C006,AVGOUSDT,calm,2026-06-10T07:00Z,calm+large,2026-06-08T01:00Z,2026-06-10T07:00Z
card-span/component/any,E0047,7,C047,BCHUSDT,large,2026-06-08T01:00Z,calm+large,2026-06-08T01:00Z,2026-06-10T07:00Z
card-span/component/any,E0047,7,C087,FARTCOINUSDT,calm,2026-06-08T14:00Z,calm+large,2026-06-08T01:00Z,2026-06-10T07:00Z
card-span/component/any,E0047,7,C157,KOMAUSDT,large,2026-06-10T01:00Z,calm+large,2026-06-08T01:00Z,2026-06-10T07:00Z
card-span/component/any,E0047,7,C256,NOKUSDT,calm,2026-06-09T00:00Z,calm+large,2026-06-08T01:00Z,2026-06-10T07:00Z
card-span/component/any,E0047,7,C297,ZROUSDT,calm,2026-06-09T18:00Z,calm+large,2026-06-08T01:00Z,2026-06-10T07:00Z
card-span/component/any,E0047,7,C298,ZROUSDT,calm,2026-06-09T21:00Z,calm+large,2026-06-08T01:00Z,2026-06-10T07:00Z
card-span/component/any,E0048,20,C007,AVGOUSDT,large,2026-06-22T13:00Z,calm+large,2026-06-14T12:00Z,2026-06-29T10:00Z
card-span/component/any,E0048,20,C048,BCHUSDT,large,2026-06-14T15:00Z,calm+large,2026-06-14T12:00Z,2026-06-29T10:00Z
card-span/component/any,E0048,20,C049,BCHUSDT,large,2026-06-17T16:00Z,calm+large,2026-06-14T12:00Z,2026-06-29T10:00Z
card-span/component/any,E0048,20,C088,FARTCOINUSDT,large,2026-06-14T18:00Z,calm+large,2026-06-14T12:00Z,2026-06-29T10:00Z
card-span/component/any,E0048,20,C089,FARTCOINUSDT,calm,2026-06-26T22:00Z,calm+large,2026-06-14T12:00Z,2026-06-29T10:00Z
card-span/component/any,E0048,20,C129,FHEUSDT,calm,2026-06-29T10:00Z,calm+large,2026-06-14T12:00Z,2026-06-29T10:00Z
card-span/component/any,E0048,20,C158,KOMAUSDT,large,2026-06-16T12:00Z,calm+large,2026-06-14T12:00Z,2026-06-29T10:00Z
card-span/component/any,E0048,20,C159,KOMAUSDT,large,2026-06-22T04:00Z,calm+large,2026-06-14T12:00Z,2026-06-29T10:00Z
card-span/component/any,E0048,20,C160,KOMAUSDT,calm,2026-06-25T23:00Z,calm+large,2026-06-14T12:00Z,2026-06-29T10:00Z
card-span/component/any,E0048,20,C203,NEWTUSDT,calm,2026-06-14T12:00Z,calm+large,2026-06-14T12:00Z,2026-06-29T10:00Z
card-span/component/any,E0048,20,C204,NEWTUSDT,calm,2026-06-18T00:00Z,calm+large,2026-06-14T12:00Z,2026-06-29T10:00Z
card-span/component/any,E0048,20,C205,NEWTUSDT,calm,2026-06-19T21:00Z,calm+large,2026-06-14T12:00Z,2026-06-29T10:00Z
card-span/component/any,E0048,20,C206,NEWTUSDT,calm,2026-06-21T08:00Z,calm+large,2026-06-14T12:00Z,2026-06-29T10:00Z
card-span/component/any,E0048,20,C207,NEWTUSDT,large,2026-06-24T14:00Z,calm+large,2026-06-14T12:00Z,2026-06-29T10:00Z
card-span/component/any,E0048,20,C257,NOKUSDT,calm,2026-06-16T21:00Z,calm+large,2026-06-14T12:00Z,2026-06-29T10:00Z
card-span/component/any,E0048,20,C258,NOKUSDT,calm,2026-06-23T19:00Z,calm+large,2026-06-14T12:00Z,2026-06-29T10:00Z
card-span/component/any,E0048,20,C259,NOKUSDT,calm,2026-06-28T14:00Z,calm+large,2026-06-14T12:00Z,2026-06-29T10:00Z
card-span/component/any,E0048,20,C299,ZROUSDT,large,2026-06-14T15:00Z,calm+large,2026-06-14T12:00Z,2026-06-29T10:00Z
card-span/component/any,E0048,20,C300,ZROUSDT,calm,2026-06-26T04:00Z,calm+large,2026-06-14T12:00Z,2026-06-29T10:00Z
card-span/component/any,E0048,20,C301,ZROUSDT,calm,2026-06-28T17:00Z,calm+large,2026-06-14T12:00Z,2026-06-29T10:00Z
card-span/component/any,E0049,9,C008,AVGOUSDT,calm,2026-07-03T05:00Z,calm+large,2026-07-02T07:00Z,2026-07-09T00:00Z
card-span/component/any,E0049,9,C009,AVGOUSDT,large,2026-07-08T12:00Z,calm+large,2026-07-02T07:00Z,2026-07-09T00:00Z
card-span/component/any,E0049,9,C090,FARTCOINUSDT,large,2026-07-02T07:00Z,calm+large,2026-07-02T07:00Z,2026-07-09T00:00Z
card-span/component/any,E0049,9,C161,KOMAUSDT,calm,2026-07-03T11:00Z,calm+large,2026-07-02T07:00Z,2026-07-09T00:00Z
card-span/component/any,E0049,9,C162,KOMAUSDT,calm,2026-07-04T02:00Z,calm+large,2026-07-02T07:00Z,2026-07-09T00:00Z
card-span/component/any,E0049,9,C163,KOMAUSDT,calm,2026-07-05T21:00Z,calm+large,2026-07-02T07:00Z,2026-07-09T00:00Z
card-span/component/any,E0049,9,C164,KOMAUSDT,calm,2026-07-07T06:00Z,calm+large,2026-07-02T07:00Z,2026-07-09T00:00Z
card-span/component/any,E0049,9,C208,NEWTUSDT,calm,2026-07-09T00:00Z,calm+large,2026-07-02T07:00Z,2026-07-09T00:00Z
card-span/component/any,E0049,9,C248,NILUSDT,calm,2026-07-07T00:00Z,calm+large,2026-07-02T07:00Z,2026-07-09T00:00Z
card-span/component/any,E0050,4,C130,FHEUSDT,calm,2026-07-13T15:00Z,calm,2026-07-11T03:00Z,2026-07-13T15:00Z
card-span/component/any,E0050,4,C165,KOMAUSDT,calm,2026-07-12T01:00Z,calm,2026-07-11T03:00Z,2026-07-13T15:00Z
card-span/component/any,E0050,4,C209,NEWTUSDT,calm,2026-07-11T03:00Z,calm,2026-07-11T03:00Z,2026-07-13T15:00Z
card-span/component/any,E0050,4,C302,ZROUSDT,calm,2026-07-11T04:00Z,calm,2026-07-11T03:00Z,2026-07-13T15:00Z
card-span/component/any,E0051,7,C010,AVGOUSDT,calm,2026-07-16T00:00Z,calm+large,2026-07-16T00:00Z,2026-07-19T21:00Z
card-span/component/any,E0051,7,C011,AVGOUSDT,calm,2026-07-16T14:00Z,calm+large,2026-07-16T00:00Z,2026-07-19T21:00Z
card-span/component/any,E0051,7,C091,FARTCOINUSDT,calm,2026-07-19T00:00Z,calm+large,2026-07-16T00:00Z,2026-07-19T21:00Z
card-span/component/any,E0051,7,C166,KOMAUSDT,large,2026-07-19T21:00Z,calm+large,2026-07-16T00:00Z,2026-07-19T21:00Z
card-span/component/any,E0051,7,C210,NEWTUSDT,calm,2026-07-17T23:00Z,calm+large,2026-07-16T00:00Z,2026-07-19T21:00Z
card-span/component/any,E0051,7,C211,NEWTUSDT,calm,2026-07-18T10:00Z,calm+large,2026-07-16T00:00Z,2026-07-19T21:00Z
card-span/component/any,E0051,7,C260,NOKUSDT,large,2026-07-16T06:00Z,calm+large,2026-07-16T00:00Z,2026-07-19T21:00Z
card-span/component/any,E0052,10,C012,AVGOUSDT,calm,2026-07-24T06:00Z,calm+large,2026-07-23T07:00Z,2026-07-30T09:00Z
card-span/component/any,E0052,10,C050,BCHUSDT,calm,2026-07-28T19:00Z,calm+large,2026-07-23T07:00Z,2026-07-30T09:00Z
card-span/component/any,E0052,10,C051,BCHUSDT,calm,2026-07-29T02:00Z,calm+large,2026-07-23T07:00Z,2026-07-30T09:00Z
card-span/component/any,E0052,10,C052,BCHUSDT,calm,2026-07-30T09:00Z,calm+large,2026-07-23T07:00Z,2026-07-30T09:00Z
card-span/component/any,E0052,10,C167,KOMAUSDT,calm,2026-07-25T15:00Z,calm+large,2026-07-23T07:00Z,2026-07-30T09:00Z
card-span/component/any,E0052,10,C168,KOMAUSDT,large,2026-07-30T08:00Z,calm+large,2026-07-23T07:00Z,2026-07-30T09:00Z
card-span/component/any,E0052,10,C212,NEWTUSDT,calm,2026-07-26T20:00Z,calm+large,2026-07-23T07:00Z,2026-07-30T09:00Z
card-span/component/any,E0052,10,C249,NILUSDT,large,2026-07-26T11:00Z,calm+large,2026-07-23T07:00Z,2026-07-30T09:00Z
card-span/component/any,E0052,10,C261,NOKUSDT,large,2026-07-23T07:00Z,calm+large,2026-07-23T07:00Z,2026-07-30T09:00Z
card-span/component/any,E0052,10,C262,NOKUSDT,large,2026-07-30T07:00Z,calm+large,2026-07-23T07:00Z,2026-07-30T09:00Z
card-span/component/any,E0053,1,C169,KOMAUSDT,large,2026-08-01T10:00Z,large,2026-08-01T10:00Z,2026-08-01T10:00Z
card-span/component/any,E0054,7,C013,AVGOUSDT,large,2026-08-03T18:00Z,calm+large,2026-08-03T18:00Z,2026-08-06T19:00Z
card-span/component/any,E0054,7,C053,BCHUSDT,calm,2026-08-04T20:00Z,calm+large,2026-08-03T18:00Z,2026-08-06T19:00Z
card-span/component/any,E0054,7,C092,FARTCOINUSDT,calm,2026-08-05T17:00Z,calm+large,2026-08-03T18:00Z,2026-08-06T19:00Z
card-span/component/any,E0054,7,C093,FARTCOINUSDT,calm,2026-08-05T21:00Z,calm+large,2026-08-03T18:00Z,2026-08-06T19:00Z
card-span/component/any,E0054,7,C170,KOMAUSDT,large,2026-08-03T21:00Z,calm+large,2026-08-03T18:00Z,2026-08-06T19:00Z
card-span/component/any,E0054,7,C171,KOMAUSDT,large,2026-08-06T03:00Z,calm+large,2026-08-03T18:00Z,2026-08-06T19:00Z
card-span/component/any,E0054,7,C250,NILUSDT,large,2026-08-06T19:00Z,calm+large,2026-08-03T18:00Z,2026-08-06T19:00Z
card-span/component/any,E0055,11,C014,AVGOUSDT,large,2026-08-13T19:00Z,calm+large,2026-08-09T05:00Z,2026-08-17T03:00Z
card-span/component/any,E0055,11,C131,FHEUSDT,calm,2026-08-09T13:00Z,calm+large,2026-08-09T05:00Z,2026-08-17T03:00Z
card-span/component/any,E0055,11,C132,FHEUSDT,calm,2026-08-11T15:00Z,calm+large,2026-08-09T05:00Z,2026-08-17T03:00Z
card-span/component/any,E0055,11,C172,KOMAUSDT,calm,2026-08-17T03:00Z,calm+large,2026-08-09T05:00Z,2026-08-17T03:00Z
card-span/component/any,E0055,11,C251,NILUSDT,large,2026-08-09T05:00Z,calm+large,2026-08-09T05:00Z,2026-08-17T03:00Z
card-span/component/any,E0055,11,C252,NILUSDT,large,2026-08-11T23:00Z,calm+large,2026-08-09T05:00Z,2026-08-17T03:00Z
card-span/component/any,E0055,11,C253,NILUSDT,large,2026-08-14T19:00Z,calm+large,2026-08-09T05:00Z,2026-08-17T03:00Z
card-span/component/any,E0055,11,C263,NOKUSDT,large,2026-08-11T12:00Z,calm+large,2026-08-09T05:00Z,2026-08-17T03:00Z
card-span/component/any,E0055,11,C264,NOKUSDT,calm,2026-08-15T13:00Z,calm+large,2026-08-09T05:00Z,2026-08-17T03:00Z
card-span/component/any,E0055,11,C303,ZROUSDT,calm,2026-08-09T14:00Z,calm+large,2026-08-09T05:00Z,2026-08-17T03:00Z
card-span/component/any,E0055,11,C304,ZROUSDT,calm,2026-08-13T07:00Z,calm+large,2026-08-09T05:00Z,2026-08-17T03:00Z
card-span/component/any,E0056,6,C054,BCHUSDT,large,2026-08-21T03:00Z,calm+large,2026-08-21T01:00Z,2026-08-22T08:00Z
card-span/component/any,E0056,6,C094,FARTCOINUSDT,large,2026-08-21T05:00Z,calm+large,2026-08-21T01:00Z,2026-08-22T08:00Z
card-span/component/any,E0056,6,C133,FHEUSDT,calm,2026-08-21T01:00Z,calm+large,2026-08-21T01:00Z,2026-08-22T08:00Z
card-span/component/any,E0056,6,C173,KOMAUSDT,large,2026-08-22T05:00Z,calm+large,2026-08-21T01:00Z,2026-08-22T08:00Z
card-span/component/any,E0056,6,C213,NEWTUSDT,large,2026-08-21T04:00Z,calm+large,2026-08-21T01:00Z,2026-08-22T08:00Z
card-span/component/any,E0056,6,C305,ZROUSDT,large,2026-08-22T08:00Z,calm+large,2026-08-21T01:00Z,2026-08-22T08:00Z
card-span/component/any,E0057,3,C134,FHEUSDT,calm,2026-08-24T13:00Z,calm+large,2026-08-24T08:00Z,2026-08-24T17:00Z
card-span/component/any,E0057,3,C214,NEWTUSDT,calm,2026-08-24T08:00Z,calm+large,2026-08-24T08:00Z,2026-08-24T17:00Z
card-span/component/any,E0057,3,C306,ZROUSDT,large,2026-08-24T17:00Z,calm+large,2026-08-24T08:00Z,2026-08-24T17:00Z
card-span/component/any,E0058,2,C174,KOMAUSDT,large,2026-08-28T19:00Z,large,2026-08-28T19:00Z,2026-08-28T19:00Z
card-span/component/any,E0058,2,C254,NILUSDT,large,2026-08-28T19:00Z,large,2026-08-28T19:00Z,2026-08-28T19:00Z
card-span/component/cross-coin,E0001,3,C135,KOMAUSDT,calm,2025-09-03T01:00Z,calm,2025-09-02T14:00Z,2025-09-03T10:00Z
card-span/component/cross-coin,E0001,3,C215,NILUSDT,calm,2025-09-03T10:00Z,calm,2025-09-02T14:00Z,2025-09-03T10:00Z
card-span/component/cross-coin,E0001,3,C267,ZROUSDT,calm,2025-09-02T14:00Z,calm,2025-09-02T14:00Z,2025-09-03T10:00Z
card-span/component/cross-coin,E0002,5,C095,FHEUSDT,calm,2025-09-06T07:00Z,calm+large,2025-09-06T07:00Z,2025-09-09T19:00Z
card-span/component/cross-coin,E0002,5,C175,NEWTUSDT,large,2025-09-08T07:00Z,calm+large,2025-09-06T07:00Z,2025-09-09T19:00Z
card-span/component/cross-coin,E0002,5,C216,NILUSDT,calm,2025-09-07T09:00Z,calm+large,2025-09-06T07:00Z,2025-09-09T19:00Z
card-span/component/cross-coin,E0002,5,C217,NILUSDT,calm,2025-09-09T15:00Z,calm+large,2025-09-06T07:00Z,2025-09-09T19:00Z
card-span/component/cross-coin,E0002,5,C265,OMNIUSDT,large,2025-09-09T19:00Z,calm+large,2025-09-06T07:00Z,2025-09-09T19:00Z
card-span/component/cross-coin,E0003,1,C176,NEWTUSDT,calm,2025-09-13T11:00Z,calm,2025-09-13T11:00Z,2025-09-13T11:00Z
card-span/component/cross-coin,E0004,1,C177,NEWTUSDT,calm,2025-09-13T14:00Z,calm,2025-09-13T14:00Z,2025-09-13T14:00Z
card-span/component/cross-coin,E0005,12,C015,BCHUSDT,calm,2025-09-19T08:00Z,calm+large,2025-09-15T22:00Z,2025-09-23T12:00Z
card-span/component/cross-coin,E0005,12,C016,BCHUSDT,calm,2025-09-21T09:00Z,calm+large,2025-09-15T22:00Z,2025-09-23T12:00Z
card-span/component/cross-coin,E0005,12,C055,FARTCOINUSDT,calm,2025-09-15T22:00Z,calm+large,2025-09-15T22:00Z,2025-09-23T12:00Z
card-span/component/cross-coin,E0005,12,C056,FARTCOINUSDT,large,2025-09-21T08:00Z,calm+large,2025-09-15T22:00Z,2025-09-23T12:00Z
card-span/component/cross-coin,E0005,12,C096,FHEUSDT,calm,2025-09-17T17:00Z,calm+large,2025-09-15T22:00Z,2025-09-23T12:00Z
card-span/component/cross-coin,E0005,12,C097,FHEUSDT,calm,2025-09-19T21:00Z,calm+large,2025-09-15T22:00Z,2025-09-23T12:00Z
card-span/component/cross-coin,E0005,12,C136,KOMAUSDT,large,2025-09-21T07:00Z,calm+large,2025-09-15T22:00Z,2025-09-23T12:00Z
card-span/component/cross-coin,E0005,12,C178,NEWTUSDT,large,2025-09-21T16:00Z,calm+large,2025-09-15T22:00Z,2025-09-23T12:00Z
card-span/component/cross-coin,E0005,12,C218,NILUSDT,calm,2025-09-16T05:00Z,calm+large,2025-09-15T22:00Z,2025-09-23T12:00Z
card-span/component/cross-coin,E0005,12,C266,OMNIUSDT,calm,2025-09-21T00:00Z,calm+large,2025-09-15T22:00Z,2025-09-23T12:00Z
card-span/component/cross-coin,E0005,12,C268,ZROUSDT,calm,2025-09-18T14:00Z,calm+large,2025-09-15T22:00Z,2025-09-23T12:00Z
card-span/component/cross-coin,E0005,12,C269,ZROUSDT,large,2025-09-23T12:00Z,calm+large,2025-09-15T22:00Z,2025-09-23T12:00Z
card-span/component/cross-coin,E0006,5,C098,FHEUSDT,calm,2025-09-29T18:00Z,calm+large,2025-09-28T17:00Z,2025-10-01T07:00Z
card-span/component/cross-coin,E0006,5,C137,KOMAUSDT,calm,2025-09-28T17:00Z,calm+large,2025-09-28T17:00Z,2025-10-01T07:00Z
card-span/component/cross-coin,E0006,5,C179,NEWTUSDT,large,2025-09-30T19:00Z,calm+large,2025-09-28T17:00Z,2025-10-01T07:00Z
card-span/component/cross-coin,E0006,5,C219,NILUSDT,large,2025-10-01T07:00Z,calm+large,2025-09-28T17:00Z,2025-10-01T07:00Z
card-span/component/cross-coin,E0006,5,C270,ZROUSDT,large,2025-10-01T07:00Z,calm+large,2025-09-28T17:00Z,2025-10-01T07:00Z
card-span/component/cross-coin,E0007,4,C057,FARTCOINUSDT,calm,2025-10-06T03:00Z,calm+large,2025-10-04T16:00Z,2025-10-07T05:00Z
card-span/component/cross-coin,E0007,4,C138,KOMAUSDT,large,2025-10-07T05:00Z,calm+large,2025-10-04T16:00Z,2025-10-07T05:00Z
card-span/component/cross-coin,E0007,4,C220,NILUSDT,calm,2025-10-06T22:00Z,calm+large,2025-10-04T16:00Z,2025-10-07T05:00Z
card-span/component/cross-coin,E0007,4,C271,ZROUSDT,calm,2025-10-04T16:00Z,calm+large,2025-10-04T16:00Z,2025-10-07T05:00Z
card-span/component/cross-coin,E0008,11,C017,BCHUSDT,large,2025-10-10T02:00Z,large,2025-10-09T10:00Z,2025-10-12T14:00Z
card-span/component/cross-coin,E0008,11,C018,BCHUSDT,large,2025-10-12T02:00Z,large,2025-10-09T10:00Z,2025-10-12T14:00Z
card-span/component/cross-coin,E0008,11,C058,FARTCOINUSDT,large,2025-10-10T14:00Z,large,2025-10-09T10:00Z,2025-10-12T14:00Z
card-span/component/cross-coin,E0008,11,C059,FARTCOINUSDT,large,2025-10-12T14:00Z,large,2025-10-09T10:00Z,2025-10-12T14:00Z
card-span/component/cross-coin,E0008,11,C099,FHEUSDT,large,2025-10-09T22:00Z,large,2025-10-09T10:00Z,2025-10-12T14:00Z
card-span/component/cross-coin,E0008,11,C139,KOMAUSDT,large,2025-10-09T10:00Z,large,2025-10-09T10:00Z,2025-10-12T14:00Z
card-span/component/cross-coin,E0008,11,C180,NEWTUSDT,large,2025-10-09T22:00Z,large,2025-10-09T10:00Z,2025-10-12T14:00Z
card-span/component/cross-coin,E0008,11,C181,NEWTUSDT,large,2025-10-12T14:00Z,large,2025-10-09T10:00Z,2025-10-12T14:00Z
card-span/component/cross-coin,E0008,11,C221,NILUSDT,large,2025-10-10T05:00Z,large,2025-10-09T10:00Z,2025-10-12T14:00Z
card-span/component/cross-coin,E0008,11,C272,ZROUSDT,large,2025-10-09T22:00Z,large,2025-10-09T10:00Z,2025-10-12T14:00Z
card-span/component/cross-coin,E0008,11,C273,ZROUSDT,large,2025-10-12T02:00Z,large,2025-10-09T10:00Z,2025-10-12T14:00Z
card-span/component/cross-coin,E0009,5,C019,BCHUSDT,large,2025-10-16T09:00Z,calm+large,2025-10-16T08:00Z,2025-10-18T05:00Z
card-span/component/cross-coin,E0009,5,C100,FHEUSDT,large,2025-10-17T01:00Z,calm+large,2025-10-16T08:00Z,2025-10-18T05:00Z
card-span/component/cross-coin,E0009,5,C140,KOMAUSDT,large,2025-10-17T09:00Z,calm+large,2025-10-16T08:00Z,2025-10-18T05:00Z
card-span/component/cross-coin,E0009,5,C182,NEWTUSDT,large,2025-10-16T08:00Z,calm+large,2025-10-16T08:00Z,2025-10-18T05:00Z
card-span/component/cross-coin,E0009,5,C222,NILUSDT,calm,2025-10-18T05:00Z,calm+large,2025-10-16T08:00Z,2025-10-18T05:00Z
card-span/component/cross-coin,E0010,1,C223,NILUSDT,large,2025-10-21T10:00Z,large,2025-10-21T10:00Z,2025-10-21T10:00Z
card-span/component/cross-coin,E0011,1,C020,BCHUSDT,large,2025-10-25T13:00Z,large,2025-10-25T13:00Z,2025-10-25T13:00Z
card-span/component/cross-coin,E0012,15,C021,BCHUSDT,calm,2025-11-01T04:00Z,calm+large,2025-10-29T10:00Z,2025-11-07T08:00Z
card-span/component/cross-coin,E0012,15,C022,BCHUSDT,calm,2025-11-04T23:00Z,calm+large,2025-10-29T10:00Z,2025-11-07T08:00Z
card-span/component/cross-coin,E0012,15,C023,BCHUSDT,calm,2025-11-07T08:00Z,calm+large,2025-10-29T10:00Z,2025-11-07T08:00Z
card-span/component/cross-coin,E0012,15,C060,FARTCOINUSDT,large,2025-10-29T21:00Z,calm+large,2025-10-29T10:00Z,2025-11-07T08:00Z
card-span/component/cross-coin,E0012,15,C061,FARTCOINUSDT,large,2025-11-03T08:00Z,calm+large,2025-10-29T10:00Z,2025-11-07T08:00Z
card-span/component/cross-coin,E0012,15,C062,FARTCOINUSDT,large,2025-11-06T21:00Z,calm+large,2025-10-29T10:00Z,2025-11-07T08:00Z
card-span/component/cross-coin,E0012,15,C101,FHEUSDT,calm,2025-10-31T22:00Z,calm+large,2025-10-29T10:00Z,2025-11-07T08:00Z
card-span/component/cross-coin,E0012,15,C141,KOMAUSDT,calm,2025-11-04T20:00Z,calm+large,2025-10-29T10:00Z,2025-11-07T08:00Z
card-span/component/cross-coin,E0012,15,C183,NEWTUSDT,large,2025-10-29T21:00Z,calm+large,2025-10-29T10:00Z,2025-11-07T08:00Z
card-span/component/cross-coin,E0012,15,C184,NEWTUSDT,large,2025-11-02T21:00Z,calm+large,2025-10-29T10:00Z,2025-11-07T08:00Z
card-span/component/cross-coin,E0012,15,C185,NEWTUSDT,calm,2025-11-06T14:00Z,calm+large,2025-10-29T10:00Z,2025-11-07T08:00Z
card-span/component/cross-coin,E0012,15,C224,NILUSDT,calm,2025-10-29T10:00Z,calm+large,2025-10-29T10:00Z,2025-11-07T08:00Z
card-span/component/cross-coin,E0012,15,C225,NILUSDT,calm,2025-10-30T19:00Z,calm+large,2025-10-29T10:00Z,2025-11-07T08:00Z
card-span/component/cross-coin,E0012,15,C226,NILUSDT,large,2025-11-03T00:00Z,calm+large,2025-10-29T10:00Z,2025-11-07T08:00Z
card-span/component/cross-coin,E0012,15,C274,ZROUSDT,large,2025-11-06T08:00Z,calm+large,2025-10-29T10:00Z,2025-11-07T08:00Z
card-span/component/cross-coin,E0013,12,C024,BCHUSDT,calm,2025-11-15T03:00Z,calm+large,2025-11-14T06:00Z,2025-11-21T12:00Z
card-span/component/cross-coin,E0013,12,C025,BCHUSDT,large,2025-11-18T20:00Z,calm+large,2025-11-14T06:00Z,2025-11-21T12:00Z
card-span/component/cross-coin,E0013,12,C026,BCHUSDT,large,2025-11-21T12:00Z,calm+large,2025-11-14T06:00Z,2025-11-21T12:00Z
card-span/component/cross-coin,E0013,12,C063,FARTCOINUSDT,large,2025-11-20T23:00Z,calm+large,2025-11-14T06:00Z,2025-11-21T12:00Z
card-span/component/cross-coin,E0013,12,C102,FHEUSDT,calm,2025-11-14T07:00Z,calm+large,2025-11-14T06:00Z,2025-11-21T12:00Z
card-span/component/cross-coin,E0013,12,C142,KOMAUSDT,calm,2025-11-14T06:00Z,calm+large,2025-11-14T06:00Z,2025-11-21T12:00Z
card-span/component/cross-coin,E0013,12,C186,NEWTUSDT,calm,2025-11-15T14:00Z,calm+large,2025-11-14T06:00Z,2025-11-21T12:00Z
card-span/component/cross-coin,E0013,12,C187,NEWTUSDT,large,2025-11-20T14:00Z,calm+large,2025-11-14T06:00Z,2025-11-21T12:00Z
card-span/component/cross-coin,E0013,12,C227,NILUSDT,large,2025-11-15T21:00Z,calm+large,2025-11-14T06:00Z,2025-11-21T12:00Z
card-span/component/cross-coin,E0013,12,C228,NILUSDT,large,2025-11-18T19:00Z,calm+large,2025-11-14T06:00Z,2025-11-21T12:00Z
card-span/component/cross-coin,E0013,12,C229,NILUSDT,large,2025-11-20T23:00Z,calm+large,2025-11-14T06:00Z,2025-11-21T12:00Z
card-span/component/cross-coin,E0013,12,C275,ZROUSDT,calm,2025-11-17T08:00Z,calm+large,2025-11-14T06:00Z,2025-11-21T12:00Z
card-span/component/cross-coin,E0014,1,C064,FARTCOINUSDT,large,2025-11-23T21:00Z,large,2025-11-23T21:00Z,2025-11-23T21:00Z
card-span/component/cross-coin,E0015,3,C065,FARTCOINUSDT,large,2025-11-25T22:00Z,calm+large,2025-11-25T22:00Z,2025-11-27T16:00Z
card-span/component/cross-coin,E0015,3,C103,FHEUSDT,calm,2025-11-27T16:00Z,calm+large,2025-11-25T22:00Z,2025-11-27T16:00Z
card-span/component/cross-coin,E0015,3,C188,NEWTUSDT,calm,2025-11-26T19:00Z,calm+large,2025-11-25T22:00Z,2025-11-27T16:00Z
card-span/component/cross-coin,E0016,5,C027,BCHUSDT,large,2025-12-02T05:00Z,calm+large,2025-12-01T16:00Z,2025-12-03T21:00Z
card-span/component/cross-coin,E0016,5,C066,FARTCOINUSDT,large,2025-12-01T16:00Z,calm+large,2025-12-01T16:00Z,2025-12-03T21:00Z
card-span/component/cross-coin,E0016,5,C067,FARTCOINUSDT,large,2025-12-03T21:00Z,calm+large,2025-12-01T16:00Z,2025-12-03T21:00Z
card-span/component/cross-coin,E0016,5,C189,NEWTUSDT,calm,2025-12-02T05:00Z,calm+large,2025-12-01T16:00Z,2025-12-03T21:00Z
card-span/component/cross-coin,E0016,5,C276,ZROUSDT,large,2025-12-01T18:00Z,calm+large,2025-12-01T16:00Z,2025-12-03T21:00Z
card-span/component/cross-coin,E0017,1,C104,FHEUSDT,large,2025-12-06T19:00Z,large,2025-12-06T19:00Z,2025-12-06T19:00Z
card-span/component/cross-coin,E0018,3,C105,FHEUSDT,large,2025-12-09T22:00Z,calm+large,2025-12-09T05:00Z,2025-12-10T07:00Z
card-span/component/cross-coin,E0018,3,C230,NILUSDT,large,2025-12-09T05:00Z,calm+large,2025-12-09T05:00Z,2025-12-10T07:00Z
card-span/component/cross-coin,E0018,3,C277,ZROUSDT,calm,2025-12-10T07:00Z,calm+large,2025-12-09T05:00Z,2025-12-10T07:00Z
card-span/component/cross-coin,E0019,8,C028,BCHUSDT,calm,2025-12-15T02:00Z,calm+large,2025-12-15T02:00Z,2025-12-19T15:00Z
card-span/component/cross-coin,E0019,8,C029,BCHUSDT,large,2025-12-18T20:00Z,calm+large,2025-12-15T02:00Z,2025-12-19T15:00Z
card-span/component/cross-coin,E0019,8,C068,FARTCOINUSDT,large,2025-12-18T01:00Z,calm+large,2025-12-15T02:00Z,2025-12-19T15:00Z
card-span/component/cross-coin,E0019,8,C106,FHEUSDT,large,2025-12-15T04:00Z,calm+large,2025-12-15T02:00Z,2025-12-19T15:00Z
card-span/component/cross-coin,E0019,8,C107,FHEUSDT,large,2025-12-19T15:00Z,calm+large,2025-12-15T02:00Z,2025-12-19T15:00Z
card-span/component/cross-coin,E0019,8,C143,KOMAUSDT,calm,2025-12-18T05:00Z,calm+large,2025-12-15T02:00Z,2025-12-19T15:00Z
card-span/component/cross-coin,E0019,8,C190,NEWTUSDT,large,2025-12-19T13:00Z,calm+large,2025-12-15T02:00Z,2025-12-19T15:00Z
card-span/component/cross-coin,E0019,8,C231,NILUSDT,calm,2025-12-16T18:00Z,calm+large,2025-12-15T02:00Z,2025-12-19T15:00Z
card-span/component/cross-coin,E0020,2,C191,NEWTUSDT,large,2025-12-24T11:00Z,large,2025-12-24T11:00Z,2025-12-26T01:00Z
card-span/component/cross-coin,E0020,2,C232,NILUSDT,large,2025-12-26T01:00Z,large,2025-12-24T11:00Z,2025-12-26T01:00Z
card-span/component/cross-coin,E0021,2,C108,FHEUSDT,calm,2025-12-29T00:00Z,calm,2025-12-29T00:00Z,2025-12-30T01:00Z
card-span/component/cross-coin,E0021,2,C144,KOMAUSDT,calm,2025-12-30T01:00Z,calm,2025-12-29T00:00Z,2025-12-30T01:00Z
card-span/component/cross-coin,E0022,2,C069,FARTCOINUSDT,large,2026-01-02T03:00Z,calm+large,2026-01-02T03:00Z,2026-01-02T07:00Z
card-span/component/cross-coin,E0022,2,C145,KOMAUSDT,calm,2026-01-02T07:00Z,calm+large,2026-01-02T03:00Z,2026-01-02T07:00Z
card-span/component/cross-coin,E0023,6,C030,BCHUSDT,calm,2026-01-06T17:00Z,calm+large,2026-01-05T14:00Z,2026-01-09T11:00Z
card-span/component/cross-coin,E0023,6,C070,FARTCOINUSDT,large,2026-01-05T14:00Z,calm+large,2026-01-05T14:00Z,2026-01-09T11:00Z
card-span/component/cross-coin,E0023,6,C109,FHEUSDT,large,2026-01-06T02:00Z,calm+large,2026-01-05T14:00Z,2026-01-09T11:00Z
card-span/component/cross-coin,E0023,6,C146,KOMAUSDT,calm,2026-01-08T17:00Z,calm+large,2026-01-05T14:00Z,2026-01-09T11:00Z
card-span/component/cross-coin,E0023,6,C192,NEWTUSDT,calm,2026-01-09T11:00Z,calm+large,2026-01-05T14:00Z,2026-01-09T11:00Z
card-span/component/cross-coin,E0023,6,C233,NILUSDT,calm,2026-01-07T00:00Z,calm+large,2026-01-05T14:00Z,2026-01-09T11:00Z
card-span/component/cross-coin,E0024,5,C071,FARTCOINUSDT,calm,2026-01-13T16:00Z,calm+large,2026-01-12T05:00Z,2026-01-16T14:00Z
card-span/component/cross-coin,E0024,5,C072,FARTCOINUSDT,calm,2026-01-14T20:00Z,calm+large,2026-01-12T05:00Z,2026-01-16T14:00Z
card-span/component/cross-coin,E0024,5,C110,FHEUSDT,large,2026-01-14T12:00Z,calm+large,2026-01-12T05:00Z,2026-01-16T14:00Z
card-span/component/cross-coin,E0024,5,C111,FHEUSDT,large,2026-01-16T14:00Z,calm+large,2026-01-12T05:00Z,2026-01-16T14:00Z
card-span/component/cross-coin,E0024,5,C278,ZROUSDT,calm,2026-01-12T05:00Z,calm+large,2026-01-12T05:00Z,2026-01-16T14:00Z
card-span/component/cross-coin,E0025,7,C112,FHEUSDT,large,2026-01-18T14:00Z,calm+large,2026-01-18T14:00Z,2026-01-24T01:00Z
card-span/component/cross-coin,E0025,7,C113,FHEUSDT,large,2026-01-20T16:00Z,calm+large,2026-01-18T14:00Z,2026-01-24T01:00Z
card-span/component/cross-coin,E0025,7,C193,NEWTUSDT,large,2026-01-24T01:00Z,calm+large,2026-01-18T14:00Z,2026-01-24T01:00Z
card-span/component/cross-coin,E0025,7,C234,NILUSDT,calm,2026-01-18T22:00Z,calm+large,2026-01-18T14:00Z,2026-01-24T01:00Z
card-span/component/cross-coin,E0025,7,C235,NILUSDT,calm,2026-01-22T08:00Z,calm+large,2026-01-18T14:00Z,2026-01-24T01:00Z
card-span/component/cross-coin,E0025,7,C279,ZROUSDT,large,2026-01-20T16:00Z,calm+large,2026-01-18T14:00Z,2026-01-24T01:00Z
card-span/component/cross-coin,E0025,7,C280,ZROUSDT,large,2026-01-22T17:00Z,calm+large,2026-01-18T14:00Z,2026-01-24T01:00Z
card-span/component/cross-coin,E0026,3,C031,BCHUSDT,large,2026-01-30T20:00Z,large,2026-01-30T20:00Z,2026-01-30T20:00Z
card-span/component/cross-coin,E0026,3,C194,NEWTUSDT,large,2026-01-30T20:00Z,large,2026-01-30T20:00Z,2026-01-30T20:00Z
card-span/component/cross-coin,E0026,3,C281,ZROUSDT,large,2026-01-30T20:00Z,large,2026-01-30T20:00Z,2026-01-30T20:00Z
card-span/component/cross-coin,E0027,6,C032,BCHUSDT,large,2026-02-06T03:00Z,calm+large,2026-02-01T21:00Z,2026-02-06T03:00Z
card-span/component/cross-coin,E0027,6,C114,FHEUSDT,large,2026-02-03T15:00Z,calm+large,2026-02-01T21:00Z,2026-02-06T03:00Z
card-span/component/cross-coin,E0027,6,C147,KOMAUSDT,calm,2026-02-03T03:00Z,calm+large,2026-02-01T21:00Z,2026-02-06T03:00Z
card-span/component/cross-coin,E0027,6,C195,NEWTUSDT,large,2026-02-05T01:00Z,calm+large,2026-02-01T21:00Z,2026-02-06T03:00Z
card-span/component/cross-coin,E0027,6,C236,NILUSDT,calm,2026-02-01T21:00Z,calm+large,2026-02-01T21:00Z,2026-02-06T03:00Z
card-span/component/cross-coin,E0027,6,C282,ZROUSDT,large,2026-02-05T00:00Z,calm+large,2026-02-01T21:00Z,2026-02-06T03:00Z
card-span/component/cross-coin,E0028,6,C033,BCHUSDT,large,2026-02-12T22:00Z,calm+large,2026-02-09T14:00Z,2026-02-12T22:00Z
card-span/component/cross-coin,E0028,6,C073,FARTCOINUSDT,calm,2026-02-11T10:00Z,calm+large,2026-02-09T14:00Z,2026-02-12T22:00Z
card-span/component/cross-coin,E0028,6,C115,FHEUSDT,large,2026-02-09T14:00Z,calm+large,2026-02-09T14:00Z,2026-02-12T22:00Z
card-span/component/cross-coin,E0028,6,C116,FHEUSDT,large,2026-02-11T14:00Z,calm+large,2026-02-09T14:00Z,2026-02-12T22:00Z
card-span/component/cross-coin,E0028,6,C237,NILUSDT,large,2026-02-10T11:00Z,calm+large,2026-02-09T14:00Z,2026-02-12T22:00Z
card-span/component/cross-coin,E0028,6,C283,ZROUSDT,large,2026-02-10T14:00Z,calm+large,2026-02-09T14:00Z,2026-02-12T22:00Z
card-span/component/cross-coin,E0029,1,C117,FHEUSDT,large,2026-02-15T06:00Z,large,2026-02-15T06:00Z,2026-02-15T06:00Z
card-span/component/cross-coin,E0030,2,C074,FARTCOINUSDT,calm,2026-02-17T17:00Z,calm+large,2026-02-17T17:00Z,2026-02-19T16:00Z
card-span/component/cross-coin,E0030,2,C284,ZROUSDT,large,2026-02-19T16:00Z,calm+large,2026-02-17T17:00Z,2026-02-19T16:00Z
card-span/component/cross-coin,E0031,1,C034,BCHUSDT,large,2026-02-23T00:00Z,large,2026-02-23T00:00Z,2026-02-23T00:00Z
card-span/component/cross-coin,E0032,6,C075,FARTCOINUSDT,calm,2026-03-02T05:00Z,calm+large,2026-02-26T12:00Z,2026-03-03T03:00Z
card-span/component/cross-coin,E0032,6,C118,FHEUSDT,calm,2026-02-28T08:00Z,calm+large,2026-02-26T12:00Z,2026-03-03T03:00Z
card-span/component/cross-coin,E0032,6,C119,FHEUSDT,calm,2026-03-03T03:00Z,calm+large,2026-02-26T12:00Z,2026-03-03T03:00Z
card-span/component/cross-coin,E0032,6,C196,NEWTUSDT,large,2026-02-26T12:00Z,calm+large,2026-02-26T12:00Z,2026-03-03T03:00Z
card-span/component/cross-coin,E0032,6,C238,NILUSDT,calm,2026-03-02T09:00Z,calm+large,2026-02-26T12:00Z,2026-03-03T03:00Z
card-span/component/cross-coin,E0032,6,C285,ZROUSDT,large,2026-02-28T09:00Z,calm+large,2026-02-26T12:00Z,2026-03-03T03:00Z
card-span/component/cross-coin,E0033,4,C035,BCHUSDT,calm,2026-03-07T23:00Z,calm+large,2026-03-06T13:00Z,2026-03-10T00:00Z
card-span/component/cross-coin,E0033,4,C076,FARTCOINUSDT,calm,2026-03-10T00:00Z,calm+large,2026-03-06T13:00Z,2026-03-10T00:00Z
card-span/component/cross-coin,E0033,4,C120,FHEUSDT,large,2026-03-06T13:00Z,calm+large,2026-03-06T13:00Z,2026-03-10T00:00Z
card-span/component/cross-coin,E0033,4,C239,NILUSDT,calm,2026-03-08T22:00Z,calm+large,2026-03-06T13:00Z,2026-03-10T00:00Z
card-span/component/cross-coin,E0034,2,C121,FHEUSDT,calm,2026-03-12T23:00Z,calm,2026-03-12T23:00Z,2026-03-12T23:00Z
card-span/component/cross-coin,E0034,2,C286,ZROUSDT,calm,2026-03-12T23:00Z,calm,2026-03-12T23:00Z,2026-03-12T23:00Z
card-span/component/cross-coin,E0035,2,C077,FARTCOINUSDT,large,2026-03-16T02:00Z,calm+large,2026-03-16T02:00Z,2026-03-16T10:00Z
card-span/component/cross-coin,E0035,2,C148,KOMAUSDT,calm,2026-03-16T10:00Z,calm+large,2026-03-16T02:00Z,2026-03-16T10:00Z
card-span/component/cross-coin,E0036,2,C036,BCHUSDT,calm,2026-03-18T17:00Z,calm,2026-03-18T17:00Z,2026-03-19T19:00Z
card-span/component/cross-coin,E0036,2,C287,ZROUSDT,calm,2026-03-19T19:00Z,calm,2026-03-18T17:00Z,2026-03-19T19:00Z
card-span/component/cross-coin,E0037,2,C037,BCHUSDT,calm,2026-03-21T21:00Z,calm+large,2026-03-21T21:00Z,2026-03-23T01:00Z
card-span/component/cross-coin,E0037,2,C288,ZROUSDT,large,2026-03-23T01:00Z,calm+large,2026-03-21T21:00Z,2026-03-23T01:00Z
card-span/component/cross-coin,E0038,1,C240,NILUSDT,calm,2026-03-25T03:00Z,calm,2026-03-25T03:00Z,2026-03-25T03:00Z
card-span/component/cross-coin,E0039,1,C038,BCHUSDT,calm,2026-03-30T04:00Z,calm,2026-03-30T04:00Z,2026-03-30T04:00Z
card-span/component/cross-coin,E0040,1,C149,KOMAUSDT,large,2026-04-04T13:00Z,large,2026-04-04T13:00Z,2026-04-04T13:00Z
card-span/component/cross-coin,E0041,9,C078,FARTCOINUSDT,large,2026-04-08T23:00Z,calm+large,2026-04-06T15:00Z,2026-04-15T06:00Z
card-span/component/cross-coin,E0041,9,C122,FHEUSDT,calm,2026-04-12T11:00Z,calm+large,2026-04-06T15:00Z,2026-04-15T06:00Z
card-span/component/cross-coin,E0041,9,C150,KOMAUSDT,large,2026-04-06T15:00Z,calm+large,2026-04-06T15:00Z,2026-04-15T06:00Z
card-span/component/cross-coin,E0041,9,C151,KOMAUSDT,large,2026-04-13T02:00Z,calm+large,2026-04-06T15:00Z,2026-04-15T06:00Z
card-span/component/cross-coin,E0041,9,C152,KOMAUSDT,large,2026-04-15T06:00Z,calm+large,2026-04-06T15:00Z,2026-04-15T06:00Z
card-span/component/cross-coin,E0041,9,C197,NEWTUSDT,calm,2026-04-10T16:00Z,calm+large,2026-04-06T15:00Z,2026-04-15T06:00Z
card-span/component/cross-coin,E0041,9,C241,NILUSDT,calm,2026-04-08T02:00Z,calm+large,2026-04-06T15:00Z,2026-04-15T06:00Z
card-span/component/cross-coin,E0041,9,C242,NILUSDT,calm,2026-04-14T12:00Z,calm+large,2026-04-06T15:00Z,2026-04-15T06:00Z
card-span/component/cross-coin,E0041,9,C289,ZROUSDT,large,2026-04-07T03:00Z,calm+large,2026-04-06T15:00Z,2026-04-15T06:00Z
card-span/component/cross-coin,E0042,10,C039,BCHUSDT,calm,2026-04-20T03:00Z,calm+large,2026-04-17T06:00Z,2026-04-22T19:00Z
card-span/component/cross-coin,E0042,10,C040,BCHUSDT,calm,2026-04-20T23:00Z,calm+large,2026-04-17T06:00Z,2026-04-22T19:00Z
card-span/component/cross-coin,E0042,10,C041,BCHUSDT,calm,2026-04-22T19:00Z,calm+large,2026-04-17T06:00Z,2026-04-22T19:00Z
card-span/component/cross-coin,E0042,10,C079,FARTCOINUSDT,calm,2026-04-19T00:00Z,calm+large,2026-04-17T06:00Z,2026-04-22T19:00Z
card-span/component/cross-coin,E0042,10,C080,FARTCOINUSDT,calm,2026-04-20T12:00Z,calm+large,2026-04-17T06:00Z,2026-04-22T19:00Z
card-span/component/cross-coin,E0042,10,C123,FHEUSDT,large,2026-04-17T06:00Z,calm+large,2026-04-17T06:00Z,2026-04-22T19:00Z
card-span/component/cross-coin,E0042,10,C153,KOMAUSDT,large,2026-04-18T05:00Z,calm+large,2026-04-17T06:00Z,2026-04-22T19:00Z
card-span/component/cross-coin,E0042,10,C154,KOMAUSDT,calm,2026-04-22T04:00Z,calm+large,2026-04-17T06:00Z,2026-04-22T19:00Z
card-span/component/cross-coin,E0042,10,C198,NEWTUSDT,large,2026-04-20T12:00Z,calm+large,2026-04-17T06:00Z,2026-04-22T19:00Z
card-span/component/cross-coin,E0042,10,C290,ZROUSDT,large,2026-04-18T07:00Z,calm+large,2026-04-17T06:00Z,2026-04-22T19:00Z
card-span/component/cross-coin,E0043,6,C081,FARTCOINUSDT,calm,2026-04-28T10:00Z,calm+large,2026-04-28T10:00Z,2026-05-02T01:00Z
card-span/component/cross-coin,E0043,6,C082,FARTCOINUSDT,calm,2026-05-01T23:00Z,calm+large,2026-04-28T10:00Z,2026-05-02T01:00Z
card-span/component/cross-coin,E0043,6,C124,FHEUSDT,large,2026-05-02T01:00Z,calm+large,2026-04-28T10:00Z,2026-05-02T01:00Z
card-span/component/cross-coin,E0043,6,C155,KOMAUSDT,calm,2026-05-01T06:00Z,calm+large,2026-04-28T10:00Z,2026-05-02T01:00Z
card-span/component/cross-coin,E0043,6,C291,ZROUSDT,calm,2026-04-30T04:00Z,calm+large,2026-04-28T10:00Z,2026-05-02T01:00Z
card-span/component/cross-coin,E0043,6,C292,ZROUSDT,calm,2026-04-30T19:00Z,calm+large,2026-04-28T10:00Z,2026-05-02T01:00Z
card-span/component/cross-coin,E0044,6,C001,AVGOUSDT,calm,2026-05-07T20:00Z,calm+large,2026-05-04T21:00Z,2026-05-09T08:00Z
card-span/component/cross-coin,E0044,6,C042,BCHUSDT,calm,2026-05-07T15:00Z,calm+large,2026-05-04T21:00Z,2026-05-09T08:00Z
card-span/component/cross-coin,E0044,6,C083,FARTCOINUSDT,calm,2026-05-09T08:00Z,calm+large,2026-05-04T21:00Z,2026-05-09T08:00Z
card-span/component/cross-coin,E0044,6,C125,FHEUSDT,large,2026-05-04T21:00Z,calm+large,2026-05-04T21:00Z,2026-05-09T08:00Z
card-span/component/cross-coin,E0044,6,C199,NEWTUSDT,calm,2026-05-05T21:00Z,calm+large,2026-05-04T21:00Z,2026-05-09T08:00Z
card-span/component/cross-coin,E0044,6,C243,NILUSDT,large,2026-05-06T23:00Z,calm+large,2026-05-04T21:00Z,2026-05-09T08:00Z
card-span/component/cross-coin,E0045,3,C084,FARTCOINUSDT,calm,2026-05-13T16:00Z,calm,2026-05-13T16:00Z,2026-05-15T09:00Z
card-span/component/cross-coin,E0045,3,C085,FARTCOINUSDT,calm,2026-05-15T01:00Z,calm,2026-05-13T16:00Z,2026-05-15T09:00Z
card-span/component/cross-coin,E0045,3,C126,FHEUSDT,calm,2026-05-15T09:00Z,calm,2026-05-13T16:00Z,2026-05-15T09:00Z
card-span/component/cross-coin,E0046,4,C043,BCHUSDT,large,2026-05-17T12:00Z,calm+large,2026-05-17T12:00Z,2026-05-20T01:00Z
card-span/component/cross-coin,E0046,4,C244,NILUSDT,large,2026-05-20T01:00Z,calm+large,2026-05-17T12:00Z,2026-05-20T01:00Z
card-span/component/cross-coin,E0046,4,C293,ZROUSDT,calm,2026-05-18T19:00Z,calm+large,2026-05-17T12:00Z,2026-05-20T01:00Z
card-span/component/cross-coin,E0046,4,C294,ZROUSDT,calm,2026-05-19T13:00Z,calm+large,2026-05-17T12:00Z,2026-05-20T01:00Z
card-span/component/cross-coin,E0047,20,C002,AVGOUSDT,calm,2026-05-23T22:00Z,calm+large,2026-05-23T20:00Z,2026-06-05T12:00Z
card-span/component/cross-coin,E0047,20,C003,AVGOUSDT,large,2026-06-01T10:00Z,calm+large,2026-05-23T20:00Z,2026-06-05T12:00Z
card-span/component/cross-coin,E0047,20,C004,AVGOUSDT,large,2026-06-03T12:00Z,calm+large,2026-05-23T20:00Z,2026-06-05T12:00Z
card-span/component/cross-coin,E0047,20,C005,AVGOUSDT,large,2026-06-05T12:00Z,calm+large,2026-05-23T20:00Z,2026-06-05T12:00Z
card-span/component/cross-coin,E0047,20,C044,BCHUSDT,large,2026-05-27T16:00Z,calm+large,2026-05-23T20:00Z,2026-06-05T12:00Z
card-span/component/cross-coin,E0047,20,C045,BCHUSDT,large,2026-06-02T04:00Z,calm+large,2026-05-23T20:00Z,2026-06-05T12:00Z
card-span/component/cross-coin,E0047,20,C046,BCHUSDT,large,2026-06-05T05:00Z,calm+large,2026-05-23T20:00Z,2026-06-05T12:00Z
card-span/component/cross-coin,E0047,20,C086,FARTCOINUSDT,large,2026-06-04T19:00Z,calm+large,2026-05-23T20:00Z,2026-06-05T12:00Z
card-span/component/cross-coin,E0047,20,C127,FHEUSDT,calm,2026-05-28T00:00Z,calm+large,2026-05-23T20:00Z,2026-06-05T12:00Z
card-span/component/cross-coin,E0047,20,C128,FHEUSDT,large,2026-05-31T06:00Z,calm+large,2026-05-23T20:00Z,2026-06-05T12:00Z
card-span/component/cross-coin,E0047,20,C156,KOMAUSDT,large,2026-05-28T11:00Z,calm+large,2026-05-23T20:00Z,2026-06-05T12:00Z
card-span/component/cross-coin,E0047,20,C200,NEWTUSDT,calm,2026-05-25T21:00Z,calm+large,2026-05-23T20:00Z,2026-06-05T12:00Z
card-span/component/cross-coin,E0047,20,C201,NEWTUSDT,large,2026-05-28T21:00Z,calm+large,2026-05-23T20:00Z,2026-06-05T12:00Z
card-span/component/cross-coin,E0047,20,C202,NEWTUSDT,large,2026-06-05T05:00Z,calm+large,2026-05-23T20:00Z,2026-06-05T12:00Z
card-span/component/cross-coin,E0047,20,C245,NILUSDT,large,2026-05-23T20:00Z,calm+large,2026-05-23T20:00Z,2026-06-05T12:00Z
card-span/component/cross-coin,E0047,20,C246,NILUSDT,calm,2026-05-30T05:00Z,calm+large,2026-05-23T20:00Z,2026-06-05T12:00Z
card-span/component/cross-coin,E0047,20,C247,NILUSDT,large,2026-06-03T22:00Z,calm+large,2026-05-23T20:00Z,2026-06-05T12:00Z
card-span/component/cross-coin,E0047,20,C255,NOKUSDT,large,2026-06-05T03:00Z,calm+large,2026-05-23T20:00Z,2026-06-05T12:00Z
card-span/component/cross-coin,E0047,20,C295,ZROUSDT,calm,2026-05-30T08:00Z,calm+large,2026-05-23T20:00Z,2026-06-05T12:00Z
card-span/component/cross-coin,E0047,20,C296,ZROUSDT,large,2026-06-04T19:00Z,calm+large,2026-05-23T20:00Z,2026-06-05T12:00Z
card-span/component/cross-coin,E0048,7,C006,AVGOUSDT,calm,2026-06-10T07:00Z,calm+large,2026-06-08T01:00Z,2026-06-10T07:00Z
card-span/component/cross-coin,E0048,7,C047,BCHUSDT,large,2026-06-08T01:00Z,calm+large,2026-06-08T01:00Z,2026-06-10T07:00Z
card-span/component/cross-coin,E0048,7,C087,FARTCOINUSDT,calm,2026-06-08T14:00Z,calm+large,2026-06-08T01:00Z,2026-06-10T07:00Z
card-span/component/cross-coin,E0048,7,C157,KOMAUSDT,large,2026-06-10T01:00Z,calm+large,2026-06-08T01:00Z,2026-06-10T07:00Z
card-span/component/cross-coin,E0048,7,C256,NOKUSDT,calm,2026-06-09T00:00Z,calm+large,2026-06-08T01:00Z,2026-06-10T07:00Z
card-span/component/cross-coin,E0048,7,C297,ZROUSDT,calm,2026-06-09T18:00Z,calm+large,2026-06-08T01:00Z,2026-06-10T07:00Z
card-span/component/cross-coin,E0048,7,C298,ZROUSDT,calm,2026-06-09T21:00Z,calm+large,2026-06-08T01:00Z,2026-06-10T07:00Z
card-span/component/cross-coin,E0049,8,C048,BCHUSDT,large,2026-06-14T15:00Z,calm+large,2026-06-14T12:00Z,2026-06-18T00:00Z
card-span/component/cross-coin,E0049,8,C049,BCHUSDT,large,2026-06-17T16:00Z,calm+large,2026-06-14T12:00Z,2026-06-18T00:00Z
card-span/component/cross-coin,E0049,8,C088,FARTCOINUSDT,large,2026-06-14T18:00Z,calm+large,2026-06-14T12:00Z,2026-06-18T00:00Z
card-span/component/cross-coin,E0049,8,C158,KOMAUSDT,large,2026-06-16T12:00Z,calm+large,2026-06-14T12:00Z,2026-06-18T00:00Z
card-span/component/cross-coin,E0049,8,C203,NEWTUSDT,calm,2026-06-14T12:00Z,calm+large,2026-06-14T12:00Z,2026-06-18T00:00Z
card-span/component/cross-coin,E0049,8,C204,NEWTUSDT,calm,2026-06-18T00:00Z,calm+large,2026-06-14T12:00Z,2026-06-18T00:00Z
card-span/component/cross-coin,E0049,8,C257,NOKUSDT,calm,2026-06-16T21:00Z,calm+large,2026-06-14T12:00Z,2026-06-18T00:00Z
card-span/component/cross-coin,E0049,8,C299,ZROUSDT,large,2026-06-14T15:00Z,calm+large,2026-06-14T12:00Z,2026-06-18T00:00Z
card-span/component/cross-coin,E0050,1,C205,NEWTUSDT,calm,2026-06-19T21:00Z,calm,2026-06-19T21:00Z,2026-06-19T21:00Z
card-span/component/cross-coin,E0051,11,C007,AVGOUSDT,large,2026-06-22T13:00Z,calm+large,2026-06-21T08:00Z,2026-06-29T10:00Z
card-span/component/cross-coin,E0051,11,C089,FARTCOINUSDT,calm,2026-06-26T22:00Z,calm+large,2026-06-21T08:00Z,2026-06-29T10:00Z
card-span/component/cross-coin,E0051,11,C129,FHEUSDT,calm,2026-06-29T10:00Z,calm+large,2026-06-21T08:00Z,2026-06-29T10:00Z
card-span/component/cross-coin,E0051,11,C159,KOMAUSDT,large,2026-06-22T04:00Z,calm+large,2026-06-21T08:00Z,2026-06-29T10:00Z
card-span/component/cross-coin,E0051,11,C160,KOMAUSDT,calm,2026-06-25T23:00Z,calm+large,2026-06-21T08:00Z,2026-06-29T10:00Z
card-span/component/cross-coin,E0051,11,C206,NEWTUSDT,calm,2026-06-21T08:00Z,calm+large,2026-06-21T08:00Z,2026-06-29T10:00Z
card-span/component/cross-coin,E0051,11,C207,NEWTUSDT,large,2026-06-24T14:00Z,calm+large,2026-06-21T08:00Z,2026-06-29T10:00Z
card-span/component/cross-coin,E0051,11,C258,NOKUSDT,calm,2026-06-23T19:00Z,calm+large,2026-06-21T08:00Z,2026-06-29T10:00Z
card-span/component/cross-coin,E0051,11,C259,NOKUSDT,calm,2026-06-28T14:00Z,calm+large,2026-06-21T08:00Z,2026-06-29T10:00Z
card-span/component/cross-coin,E0051,11,C300,ZROUSDT,calm,2026-06-26T04:00Z,calm+large,2026-06-21T08:00Z,2026-06-29T10:00Z
card-span/component/cross-coin,E0051,11,C301,ZROUSDT,calm,2026-06-28T17:00Z,calm+large,2026-06-21T08:00Z,2026-06-29T10:00Z
card-span/component/cross-coin,E0052,4,C008,AVGOUSDT,calm,2026-07-03T05:00Z,calm+large,2026-07-02T07:00Z,2026-07-04T02:00Z
card-span/component/cross-coin,E0052,4,C090,FARTCOINUSDT,large,2026-07-02T07:00Z,calm+large,2026-07-02T07:00Z,2026-07-04T02:00Z
card-span/component/cross-coin,E0052,4,C161,KOMAUSDT,calm,2026-07-03T11:00Z,calm+large,2026-07-02T07:00Z,2026-07-04T02:00Z
card-span/component/cross-coin,E0052,4,C162,KOMAUSDT,calm,2026-07-04T02:00Z,calm+large,2026-07-02T07:00Z,2026-07-04T02:00Z
card-span/component/cross-coin,E0053,5,C009,AVGOUSDT,large,2026-07-08T12:00Z,calm+large,2026-07-05T21:00Z,2026-07-09T00:00Z
card-span/component/cross-coin,E0053,5,C163,KOMAUSDT,calm,2026-07-05T21:00Z,calm+large,2026-07-05T21:00Z,2026-07-09T00:00Z
card-span/component/cross-coin,E0053,5,C164,KOMAUSDT,calm,2026-07-07T06:00Z,calm+large,2026-07-05T21:00Z,2026-07-09T00:00Z
card-span/component/cross-coin,E0053,5,C208,NEWTUSDT,calm,2026-07-09T00:00Z,calm+large,2026-07-05T21:00Z,2026-07-09T00:00Z
card-span/component/cross-coin,E0053,5,C248,NILUSDT,calm,2026-07-07T00:00Z,calm+large,2026-07-05T21:00Z,2026-07-09T00:00Z
card-span/component/cross-coin,E0054,4,C130,FHEUSDT,calm,2026-07-13T15:00Z,calm,2026-07-11T03:00Z,2026-07-13T15:00Z
card-span/component/cross-coin,E0054,4,C165,KOMAUSDT,calm,2026-07-12T01:00Z,calm,2026-07-11T03:00Z,2026-07-13T15:00Z
card-span/component/cross-coin,E0054,4,C209,NEWTUSDT,calm,2026-07-11T03:00Z,calm,2026-07-11T03:00Z,2026-07-13T15:00Z
card-span/component/cross-coin,E0054,4,C302,ZROUSDT,calm,2026-07-11T04:00Z,calm,2026-07-11T03:00Z,2026-07-13T15:00Z
card-span/component/cross-coin,E0055,7,C010,AVGOUSDT,calm,2026-07-16T00:00Z,calm+large,2026-07-16T00:00Z,2026-07-19T21:00Z
card-span/component/cross-coin,E0055,7,C011,AVGOUSDT,calm,2026-07-16T14:00Z,calm+large,2026-07-16T00:00Z,2026-07-19T21:00Z
card-span/component/cross-coin,E0055,7,C091,FARTCOINUSDT,calm,2026-07-19T00:00Z,calm+large,2026-07-16T00:00Z,2026-07-19T21:00Z
card-span/component/cross-coin,E0055,7,C166,KOMAUSDT,large,2026-07-19T21:00Z,calm+large,2026-07-16T00:00Z,2026-07-19T21:00Z
card-span/component/cross-coin,E0055,7,C210,NEWTUSDT,calm,2026-07-17T23:00Z,calm+large,2026-07-16T00:00Z,2026-07-19T21:00Z
card-span/component/cross-coin,E0055,7,C211,NEWTUSDT,calm,2026-07-18T10:00Z,calm+large,2026-07-16T00:00Z,2026-07-19T21:00Z
card-span/component/cross-coin,E0055,7,C260,NOKUSDT,large,2026-07-16T06:00Z,calm+large,2026-07-16T00:00Z,2026-07-19T21:00Z
card-span/component/cross-coin,E0056,10,C012,AVGOUSDT,calm,2026-07-24T06:00Z,calm+large,2026-07-23T07:00Z,2026-07-30T09:00Z
card-span/component/cross-coin,E0056,10,C050,BCHUSDT,calm,2026-07-28T19:00Z,calm+large,2026-07-23T07:00Z,2026-07-30T09:00Z
card-span/component/cross-coin,E0056,10,C051,BCHUSDT,calm,2026-07-29T02:00Z,calm+large,2026-07-23T07:00Z,2026-07-30T09:00Z
card-span/component/cross-coin,E0056,10,C052,BCHUSDT,calm,2026-07-30T09:00Z,calm+large,2026-07-23T07:00Z,2026-07-30T09:00Z
card-span/component/cross-coin,E0056,10,C167,KOMAUSDT,calm,2026-07-25T15:00Z,calm+large,2026-07-23T07:00Z,2026-07-30T09:00Z
card-span/component/cross-coin,E0056,10,C168,KOMAUSDT,large,2026-07-30T08:00Z,calm+large,2026-07-23T07:00Z,2026-07-30T09:00Z
card-span/component/cross-coin,E0056,10,C212,NEWTUSDT,calm,2026-07-26T20:00Z,calm+large,2026-07-23T07:00Z,2026-07-30T09:00Z
card-span/component/cross-coin,E0056,10,C249,NILUSDT,large,2026-07-26T11:00Z,calm+large,2026-07-23T07:00Z,2026-07-30T09:00Z
card-span/component/cross-coin,E0056,10,C261,NOKUSDT,large,2026-07-23T07:00Z,calm+large,2026-07-23T07:00Z,2026-07-30T09:00Z
card-span/component/cross-coin,E0056,10,C262,NOKUSDT,large,2026-07-30T07:00Z,calm+large,2026-07-23T07:00Z,2026-07-30T09:00Z
card-span/component/cross-coin,E0057,1,C169,KOMAUSDT,large,2026-08-01T10:00Z,large,2026-08-01T10:00Z,2026-08-01T10:00Z
card-span/component/cross-coin,E0058,7,C013,AVGOUSDT,large,2026-08-03T18:00Z,calm+large,2026-08-03T18:00Z,2026-08-06T19:00Z
card-span/component/cross-coin,E0058,7,C053,BCHUSDT,calm,2026-08-04T20:00Z,calm+large,2026-08-03T18:00Z,2026-08-06T19:00Z
card-span/component/cross-coin,E0058,7,C092,FARTCOINUSDT,calm,2026-08-05T17:00Z,calm+large,2026-08-03T18:00Z,2026-08-06T19:00Z
card-span/component/cross-coin,E0058,7,C093,FARTCOINUSDT,calm,2026-08-05T21:00Z,calm+large,2026-08-03T18:00Z,2026-08-06T19:00Z
card-span/component/cross-coin,E0058,7,C170,KOMAUSDT,large,2026-08-03T21:00Z,calm+large,2026-08-03T18:00Z,2026-08-06T19:00Z
card-span/component/cross-coin,E0058,7,C171,KOMAUSDT,large,2026-08-06T03:00Z,calm+large,2026-08-03T18:00Z,2026-08-06T19:00Z
card-span/component/cross-coin,E0058,7,C250,NILUSDT,large,2026-08-06T19:00Z,calm+large,2026-08-03T18:00Z,2026-08-06T19:00Z
card-span/component/cross-coin,E0059,11,C014,AVGOUSDT,large,2026-08-13T19:00Z,calm+large,2026-08-09T05:00Z,2026-08-17T03:00Z
card-span/component/cross-coin,E0059,11,C131,FHEUSDT,calm,2026-08-09T13:00Z,calm+large,2026-08-09T05:00Z,2026-08-17T03:00Z
card-span/component/cross-coin,E0059,11,C132,FHEUSDT,calm,2026-08-11T15:00Z,calm+large,2026-08-09T05:00Z,2026-08-17T03:00Z
card-span/component/cross-coin,E0059,11,C172,KOMAUSDT,calm,2026-08-17T03:00Z,calm+large,2026-08-09T05:00Z,2026-08-17T03:00Z
card-span/component/cross-coin,E0059,11,C251,NILUSDT,large,2026-08-09T05:00Z,calm+large,2026-08-09T05:00Z,2026-08-17T03:00Z
card-span/component/cross-coin,E0059,11,C252,NILUSDT,large,2026-08-11T23:00Z,calm+large,2026-08-09T05:00Z,2026-08-17T03:00Z
card-span/component/cross-coin,E0059,11,C253,NILUSDT,large,2026-08-14T19:00Z,calm+large,2026-08-09T05:00Z,2026-08-17T03:00Z
card-span/component/cross-coin,E0059,11,C263,NOKUSDT,large,2026-08-11T12:00Z,calm+large,2026-08-09T05:00Z,2026-08-17T03:00Z
card-span/component/cross-coin,E0059,11,C264,NOKUSDT,calm,2026-08-15T13:00Z,calm+large,2026-08-09T05:00Z,2026-08-17T03:00Z
card-span/component/cross-coin,E0059,11,C303,ZROUSDT,calm,2026-08-09T14:00Z,calm+large,2026-08-09T05:00Z,2026-08-17T03:00Z
card-span/component/cross-coin,E0059,11,C304,ZROUSDT,calm,2026-08-13T07:00Z,calm+large,2026-08-09T05:00Z,2026-08-17T03:00Z
card-span/component/cross-coin,E0060,6,C054,BCHUSDT,large,2026-08-21T03:00Z,calm+large,2026-08-21T01:00Z,2026-08-22T08:00Z
card-span/component/cross-coin,E0060,6,C094,FARTCOINUSDT,large,2026-08-21T05:00Z,calm+large,2026-08-21T01:00Z,2026-08-22T08:00Z
card-span/component/cross-coin,E0060,6,C133,FHEUSDT,calm,2026-08-21T01:00Z,calm+large,2026-08-21T01:00Z,2026-08-22T08:00Z
card-span/component/cross-coin,E0060,6,C173,KOMAUSDT,large,2026-08-22T05:00Z,calm+large,2026-08-21T01:00Z,2026-08-22T08:00Z
card-span/component/cross-coin,E0060,6,C213,NEWTUSDT,large,2026-08-21T04:00Z,calm+large,2026-08-21T01:00Z,2026-08-22T08:00Z
card-span/component/cross-coin,E0060,6,C305,ZROUSDT,large,2026-08-22T08:00Z,calm+large,2026-08-21T01:00Z,2026-08-22T08:00Z
card-span/component/cross-coin,E0061,3,C134,FHEUSDT,calm,2026-08-24T13:00Z,calm+large,2026-08-24T08:00Z,2026-08-24T17:00Z
card-span/component/cross-coin,E0061,3,C214,NEWTUSDT,calm,2026-08-24T08:00Z,calm+large,2026-08-24T08:00Z,2026-08-24T17:00Z
card-span/component/cross-coin,E0061,3,C306,ZROUSDT,large,2026-08-24T17:00Z,calm+large,2026-08-24T08:00Z,2026-08-24T17:00Z
card-span/component/cross-coin,E0062,2,C174,KOMAUSDT,large,2026-08-28T19:00Z,large,2026-08-28T19:00Z,2026-08-28T19:00Z
card-span/component/cross-coin,E0062,2,C254,NILUSDT,large,2026-08-28T19:00Z,large,2026-08-28T19:00Z,2026-08-28T19:00Z
card-span/greedy-clique/any,E0001,3,C135,KOMAUSDT,calm,2025-09-03T01:00Z,calm,2025-09-02T14:00Z,2025-09-03T10:00Z
card-span/greedy-clique/any,E0001,3,C215,NILUSDT,calm,2025-09-03T10:00Z,calm,2025-09-02T14:00Z,2025-09-03T10:00Z
card-span/greedy-clique/any,E0001,3,C267,ZROUSDT,calm,2025-09-02T14:00Z,calm,2025-09-02T14:00Z,2025-09-03T10:00Z
card-span/greedy-clique/any,E0002,2,C095,FHEUSDT,calm,2025-09-06T07:00Z,calm,2025-09-06T07:00Z,2025-09-07T09:00Z
card-span/greedy-clique/any,E0002,2,C216,NILUSDT,calm,2025-09-07T09:00Z,calm,2025-09-06T07:00Z,2025-09-07T09:00Z
card-span/greedy-clique/any,E0003,3,C175,NEWTUSDT,large,2025-09-08T07:00Z,calm+large,2025-09-08T07:00Z,2025-09-09T19:00Z
card-span/greedy-clique/any,E0003,3,C217,NILUSDT,calm,2025-09-09T15:00Z,calm+large,2025-09-08T07:00Z,2025-09-09T19:00Z
card-span/greedy-clique/any,E0003,3,C265,OMNIUSDT,large,2025-09-09T19:00Z,calm+large,2025-09-08T07:00Z,2025-09-09T19:00Z
card-span/greedy-clique/any,E0004,2,C176,NEWTUSDT,calm,2025-09-13T11:00Z,calm,2025-09-13T11:00Z,2025-09-13T14:00Z
card-span/greedy-clique/any,E0004,2,C177,NEWTUSDT,calm,2025-09-13T14:00Z,calm,2025-09-13T11:00Z,2025-09-13T14:00Z
card-span/greedy-clique/any,E0005,3,C055,FARTCOINUSDT,calm,2025-09-15T22:00Z,calm,2025-09-15T22:00Z,2025-09-17T17:00Z
card-span/greedy-clique/any,E0005,3,C096,FHEUSDT,calm,2025-09-17T17:00Z,calm,2025-09-15T22:00Z,2025-09-17T17:00Z
card-span/greedy-clique/any,E0005,3,C218,NILUSDT,calm,2025-09-16T05:00Z,calm,2025-09-15T22:00Z,2025-09-17T17:00Z
card-span/greedy-clique/any,E0006,2,C015,BCHUSDT,calm,2025-09-19T08:00Z,calm,2025-09-18T14:00Z,2025-09-19T08:00Z
card-span/greedy-clique/any,E0006,2,C268,ZROUSDT,calm,2025-09-18T14:00Z,calm,2025-09-18T14:00Z,2025-09-19T08:00Z
card-span/greedy-clique/any,E0007,6,C016,BCHUSDT,calm,2025-09-21T09:00Z,calm+large,2025-09-19T21:00Z,2025-09-21T16:00Z
card-span/greedy-clique/any,E0007,6,C056,FARTCOINUSDT,large,2025-09-21T08:00Z,calm+large,2025-09-19T21:00Z,2025-09-21T16:00Z
card-span/greedy-clique/any,E0007,6,C097,FHEUSDT,calm,2025-09-19T21:00Z,calm+large,2025-09-19T21:00Z,2025-09-21T16:00Z
card-span/greedy-clique/any,E0007,6,C136,KOMAUSDT,large,2025-09-21T07:00Z,calm+large,2025-09-19T21:00Z,2025-09-21T16:00Z
card-span/greedy-clique/any,E0007,6,C178,NEWTUSDT,large,2025-09-21T16:00Z,calm+large,2025-09-19T21:00Z,2025-09-21T16:00Z
card-span/greedy-clique/any,E0007,6,C266,OMNIUSDT,calm,2025-09-21T00:00Z,calm+large,2025-09-19T21:00Z,2025-09-21T16:00Z
card-span/greedy-clique/any,E0008,1,C269,ZROUSDT,large,2025-09-23T12:00Z,large,2025-09-23T12:00Z,2025-09-23T12:00Z
card-span/greedy-clique/any,E0009,1,C137,KOMAUSDT,calm,2025-09-28T17:00Z,calm,2025-09-28T17:00Z,2025-09-28T17:00Z
card-span/greedy-clique/any,E0010,4,C098,FHEUSDT,calm,2025-09-29T18:00Z,calm+large,2025-09-29T18:00Z,2025-10-01T07:00Z
card-span/greedy-clique/any,E0010,4,C179,NEWTUSDT,large,2025-09-30T19:00Z,calm+large,2025-09-29T18:00Z,2025-10-01T07:00Z
card-span/greedy-clique/any,E0010,4,C219,NILUSDT,large,2025-10-01T07:00Z,calm+large,2025-09-29T18:00Z,2025-10-01T07:00Z
card-span/greedy-clique/any,E0010,4,C270,ZROUSDT,large,2025-10-01T07:00Z,calm+large,2025-09-29T18:00Z,2025-10-01T07:00Z
card-span/greedy-clique/any,E0011,1,C271,ZROUSDT,calm,2025-10-04T16:00Z,calm,2025-10-04T16:00Z,2025-10-04T16:00Z
card-span/greedy-clique/any,E0012,3,C057,FARTCOINUSDT,calm,2025-10-06T03:00Z,calm+large,2025-10-06T03:00Z,2025-10-07T05:00Z
card-span/greedy-clique/any,E0012,3,C138,KOMAUSDT,large,2025-10-07T05:00Z,calm+large,2025-10-06T03:00Z,2025-10-07T05:00Z
card-span/greedy-clique/any,E0012,3,C220,NILUSDT,calm,2025-10-06T22:00Z,calm+large,2025-10-06T03:00Z,2025-10-07T05:00Z
card-span/greedy-clique/any,E0013,7,C017,BCHUSDT,large,2025-10-10T02:00Z,large,2025-10-09T10:00Z,2025-10-10T14:00Z
card-span/greedy-clique/any,E0013,7,C058,FARTCOINUSDT,large,2025-10-10T14:00Z,large,2025-10-09T10:00Z,2025-10-10T14:00Z
card-span/greedy-clique/any,E0013,7,C099,FHEUSDT,large,2025-10-09T22:00Z,large,2025-10-09T10:00Z,2025-10-10T14:00Z
card-span/greedy-clique/any,E0013,7,C139,KOMAUSDT,large,2025-10-09T10:00Z,large,2025-10-09T10:00Z,2025-10-10T14:00Z
card-span/greedy-clique/any,E0013,7,C180,NEWTUSDT,large,2025-10-09T22:00Z,large,2025-10-09T10:00Z,2025-10-10T14:00Z
card-span/greedy-clique/any,E0013,7,C221,NILUSDT,large,2025-10-10T05:00Z,large,2025-10-09T10:00Z,2025-10-10T14:00Z
card-span/greedy-clique/any,E0013,7,C272,ZROUSDT,large,2025-10-09T22:00Z,large,2025-10-09T10:00Z,2025-10-10T14:00Z
card-span/greedy-clique/any,E0014,4,C018,BCHUSDT,large,2025-10-12T02:00Z,large,2025-10-12T02:00Z,2025-10-12T14:00Z
card-span/greedy-clique/any,E0014,4,C059,FARTCOINUSDT,large,2025-10-12T14:00Z,large,2025-10-12T02:00Z,2025-10-12T14:00Z
card-span/greedy-clique/any,E0014,4,C181,NEWTUSDT,large,2025-10-12T14:00Z,large,2025-10-12T02:00Z,2025-10-12T14:00Z
card-span/greedy-clique/any,E0014,4,C273,ZROUSDT,large,2025-10-12T02:00Z,large,2025-10-12T02:00Z,2025-10-12T14:00Z
card-span/greedy-clique/any,E0015,5,C019,BCHUSDT,large,2025-10-16T09:00Z,calm+large,2025-10-16T08:00Z,2025-10-18T05:00Z
card-span/greedy-clique/any,E0015,5,C100,FHEUSDT,large,2025-10-17T01:00Z,calm+large,2025-10-16T08:00Z,2025-10-18T05:00Z
card-span/greedy-clique/any,E0015,5,C140,KOMAUSDT,large,2025-10-17T09:00Z,calm+large,2025-10-16T08:00Z,2025-10-18T05:00Z
card-span/greedy-clique/any,E0015,5,C182,NEWTUSDT,large,2025-10-16T08:00Z,calm+large,2025-10-16T08:00Z,2025-10-18T05:00Z
card-span/greedy-clique/any,E0015,5,C222,NILUSDT,calm,2025-10-18T05:00Z,calm+large,2025-10-16T08:00Z,2025-10-18T05:00Z
card-span/greedy-clique/any,E0016,1,C223,NILUSDT,large,2025-10-21T10:00Z,large,2025-10-21T10:00Z,2025-10-21T10:00Z
card-span/greedy-clique/any,E0017,1,C020,BCHUSDT,large,2025-10-25T13:00Z,large,2025-10-25T13:00Z,2025-10-25T13:00Z
card-span/greedy-clique/any,E0018,4,C060,FARTCOINUSDT,large,2025-10-29T21:00Z,calm+large,2025-10-29T10:00Z,2025-10-30T19:00Z
card-span/greedy-clique/any,E0018,4,C183,NEWTUSDT,large,2025-10-29T21:00Z,calm+large,2025-10-29T10:00Z,2025-10-30T19:00Z
card-span/greedy-clique/any,E0018,4,C224,NILUSDT,calm,2025-10-29T10:00Z,calm+large,2025-10-29T10:00Z,2025-10-30T19:00Z
card-span/greedy-clique/any,E0018,4,C225,NILUSDT,calm,2025-10-30T19:00Z,calm+large,2025-10-29T10:00Z,2025-10-30T19:00Z
card-span/greedy-clique/any,E0019,2,C021,BCHUSDT,calm,2025-11-01T04:00Z,calm,2025-10-31T22:00Z,2025-11-01T04:00Z
card-span/greedy-clique/any,E0019,2,C101,FHEUSDT,calm,2025-10-31T22:00Z,calm,2025-10-31T22:00Z,2025-11-01T04:00Z
card-span/greedy-clique/any,E0020,4,C061,FARTCOINUSDT,large,2025-11-03T08:00Z,calm+large,2025-11-02T21:00Z,2025-11-04T20:00Z
card-span/greedy-clique/any,E0020,4,C141,KOMAUSDT,calm,2025-11-04T20:00Z,calm+large,2025-11-02T21:00Z,2025-11-04T20:00Z
card-span/greedy-clique/any,E0020,4,C184,NEWTUSDT,large,2025-11-02T21:00Z,calm+large,2025-11-02T21:00Z,2025-11-04T20:00Z
card-span/greedy-clique/any,E0020,4,C226,NILUSDT,large,2025-11-03T00:00Z,calm+large,2025-11-02T21:00Z,2025-11-04T20:00Z
card-span/greedy-clique/any,E0021,4,C022,BCHUSDT,calm,2025-11-04T23:00Z,calm+large,2025-11-04T23:00Z,2025-11-06T21:00Z
card-span/greedy-clique/any,E0021,4,C062,FARTCOINUSDT,large,2025-11-06T21:00Z,calm+large,2025-11-04T23:00Z,2025-11-06T21:00Z
card-span/greedy-clique/any,E0021,4,C185,NEWTUSDT,calm,2025-11-06T14:00Z,calm+large,2025-11-04T23:00Z,2025-11-06T21:00Z
card-span/greedy-clique/any,E0021,4,C274,ZROUSDT,large,2025-11-06T08:00Z,calm+large,2025-11-04T23:00Z,2025-11-06T21:00Z
card-span/greedy-clique/any,E0022,1,C023,BCHUSDT,calm,2025-11-07T08:00Z,calm,2025-11-07T08:00Z,2025-11-07T08:00Z
card-span/greedy-clique/any,E0023,5,C024,BCHUSDT,calm,2025-11-15T03:00Z,calm+large,2025-11-14T06:00Z,2025-11-15T21:00Z
card-span/greedy-clique/any,E0023,5,C102,FHEUSDT,calm,2025-11-14T07:00Z,calm+large,2025-11-14T06:00Z,2025-11-15T21:00Z
card-span/greedy-clique/any,E0023,5,C142,KOMAUSDT,calm,2025-11-14T06:00Z,calm+large,2025-11-14T06:00Z,2025-11-15T21:00Z
card-span/greedy-clique/any,E0023,5,C186,NEWTUSDT,calm,2025-11-15T14:00Z,calm+large,2025-11-14T06:00Z,2025-11-15T21:00Z
card-span/greedy-clique/any,E0023,5,C227,NILUSDT,large,2025-11-15T21:00Z,calm+large,2025-11-14T06:00Z,2025-11-15T21:00Z
card-span/greedy-clique/any,E0024,3,C025,BCHUSDT,large,2025-11-18T20:00Z,calm+large,2025-11-17T08:00Z,2025-11-18T20:00Z
card-span/greedy-clique/any,E0024,3,C228,NILUSDT,large,2025-11-18T19:00Z,calm+large,2025-11-17T08:00Z,2025-11-18T20:00Z
card-span/greedy-clique/any,E0024,3,C275,ZROUSDT,calm,2025-11-17T08:00Z,calm+large,2025-11-17T08:00Z,2025-11-18T20:00Z
card-span/greedy-clique/any,E0025,4,C026,BCHUSDT,large,2025-11-21T12:00Z,large,2025-11-20T14:00Z,2025-11-21T12:00Z
card-span/greedy-clique/any,E0025,4,C063,FARTCOINUSDT,large,2025-11-20T23:00Z,large,2025-11-20T14:00Z,2025-11-21T12:00Z
card-span/greedy-clique/any,E0025,4,C187,NEWTUSDT,large,2025-11-20T14:00Z,large,2025-11-20T14:00Z,2025-11-21T12:00Z
card-span/greedy-clique/any,E0025,4,C229,NILUSDT,large,2025-11-20T23:00Z,large,2025-11-20T14:00Z,2025-11-21T12:00Z
card-span/greedy-clique/any,E0026,1,C064,FARTCOINUSDT,large,2025-11-23T21:00Z,large,2025-11-23T21:00Z,2025-11-23T21:00Z
card-span/greedy-clique/any,E0027,3,C065,FARTCOINUSDT,large,2025-11-25T22:00Z,calm+large,2025-11-25T22:00Z,2025-11-27T16:00Z
card-span/greedy-clique/any,E0027,3,C103,FHEUSDT,calm,2025-11-27T16:00Z,calm+large,2025-11-25T22:00Z,2025-11-27T16:00Z
card-span/greedy-clique/any,E0027,3,C188,NEWTUSDT,calm,2025-11-26T19:00Z,calm+large,2025-11-25T22:00Z,2025-11-27T16:00Z
card-span/greedy-clique/any,E0028,4,C027,BCHUSDT,large,2025-12-02T05:00Z,calm+large,2025-12-01T16:00Z,2025-12-02T05:00Z
card-span/greedy-clique/any,E0028,4,C066,FARTCOINUSDT,large,2025-12-01T16:00Z,calm+large,2025-12-01T16:00Z,2025-12-02T05:00Z
card-span/greedy-clique/any,E0028,4,C189,NEWTUSDT,calm,2025-12-02T05:00Z,calm+large,2025-12-01T16:00Z,2025-12-02T05:00Z
card-span/greedy-clique/any,E0028,4,C276,ZROUSDT,large,2025-12-01T18:00Z,calm+large,2025-12-01T16:00Z,2025-12-02T05:00Z
card-span/greedy-clique/any,E0029,1,C067,FARTCOINUSDT,large,2025-12-03T21:00Z,large,2025-12-03T21:00Z,2025-12-03T21:00Z
card-span/greedy-clique/any,E0030,1,C104,FHEUSDT,large,2025-12-06T19:00Z,large,2025-12-06T19:00Z,2025-12-06T19:00Z
card-span/greedy-clique/any,E0031,3,C105,FHEUSDT,large,2025-12-09T22:00Z,calm+large,2025-12-09T05:00Z,2025-12-10T07:00Z
card-span/greedy-clique/any,E0031,3,C230,NILUSDT,large,2025-12-09T05:00Z,calm+large,2025-12-09T05:00Z,2025-12-10T07:00Z
card-span/greedy-clique/any,E0031,3,C277,ZROUSDT,calm,2025-12-10T07:00Z,calm+large,2025-12-09T05:00Z,2025-12-10T07:00Z
card-span/greedy-clique/any,E0032,3,C028,BCHUSDT,calm,2025-12-15T02:00Z,calm+large,2025-12-15T02:00Z,2025-12-16T18:00Z
card-span/greedy-clique/any,E0032,3,C106,FHEUSDT,large,2025-12-15T04:00Z,calm+large,2025-12-15T02:00Z,2025-12-16T18:00Z
card-span/greedy-clique/any,E0032,3,C231,NILUSDT,calm,2025-12-16T18:00Z,calm+large,2025-12-15T02:00Z,2025-12-16T18:00Z
card-span/greedy-clique/any,E0033,5,C029,BCHUSDT,large,2025-12-18T20:00Z,calm+large,2025-12-18T01:00Z,2025-12-19T15:00Z
card-span/greedy-clique/any,E0033,5,C068,FARTCOINUSDT,large,2025-12-18T01:00Z,calm+large,2025-12-18T01:00Z,2025-12-19T15:00Z
card-span/greedy-clique/any,E0033,5,C107,FHEUSDT,large,2025-12-19T15:00Z,calm+large,2025-12-18T01:00Z,2025-12-19T15:00Z
card-span/greedy-clique/any,E0033,5,C143,KOMAUSDT,calm,2025-12-18T05:00Z,calm+large,2025-12-18T01:00Z,2025-12-19T15:00Z
card-span/greedy-clique/any,E0033,5,C190,NEWTUSDT,large,2025-12-19T13:00Z,calm+large,2025-12-18T01:00Z,2025-12-19T15:00Z
card-span/greedy-clique/any,E0034,2,C191,NEWTUSDT,large,2025-12-24T11:00Z,large,2025-12-24T11:00Z,2025-12-26T01:00Z
card-span/greedy-clique/any,E0034,2,C232,NILUSDT,large,2025-12-26T01:00Z,large,2025-12-24T11:00Z,2025-12-26T01:00Z
card-span/greedy-clique/any,E0035,2,C108,FHEUSDT,calm,2025-12-29T00:00Z,calm,2025-12-29T00:00Z,2025-12-30T01:00Z
card-span/greedy-clique/any,E0035,2,C144,KOMAUSDT,calm,2025-12-30T01:00Z,calm,2025-12-29T00:00Z,2025-12-30T01:00Z
card-span/greedy-clique/any,E0036,2,C069,FARTCOINUSDT,large,2026-01-02T03:00Z,calm+large,2026-01-02T03:00Z,2026-01-02T07:00Z
card-span/greedy-clique/any,E0036,2,C145,KOMAUSDT,calm,2026-01-02T07:00Z,calm+large,2026-01-02T03:00Z,2026-01-02T07:00Z
card-span/greedy-clique/any,E0037,4,C030,BCHUSDT,calm,2026-01-06T17:00Z,calm+large,2026-01-05T14:00Z,2026-01-07T00:00Z
card-span/greedy-clique/any,E0037,4,C070,FARTCOINUSDT,large,2026-01-05T14:00Z,calm+large,2026-01-05T14:00Z,2026-01-07T00:00Z
card-span/greedy-clique/any,E0037,4,C109,FHEUSDT,large,2026-01-06T02:00Z,calm+large,2026-01-05T14:00Z,2026-01-07T00:00Z
card-span/greedy-clique/any,E0037,4,C233,NILUSDT,calm,2026-01-07T00:00Z,calm+large,2026-01-05T14:00Z,2026-01-07T00:00Z
card-span/greedy-clique/any,E0038,2,C146,KOMAUSDT,calm,2026-01-08T17:00Z,calm,2026-01-08T17:00Z,2026-01-09T11:00Z
card-span/greedy-clique/any,E0038,2,C192,NEWTUSDT,calm,2026-01-09T11:00Z,calm,2026-01-08T17:00Z,2026-01-09T11:00Z
card-span/greedy-clique/any,E0039,1,C278,ZROUSDT,calm,2026-01-12T05:00Z,calm,2026-01-12T05:00Z,2026-01-12T05:00Z
card-span/greedy-clique/any,E0040,3,C071,FARTCOINUSDT,calm,2026-01-13T16:00Z,calm+large,2026-01-13T16:00Z,2026-01-14T20:00Z
card-span/greedy-clique/any,E0040,3,C072,FARTCOINUSDT,calm,2026-01-14T20:00Z,calm+large,2026-01-13T16:00Z,2026-01-14T20:00Z
card-span/greedy-clique/any,E0040,3,C110,FHEUSDT,large,2026-01-14T12:00Z,calm+large,2026-01-13T16:00Z,2026-01-14T20:00Z
card-span/greedy-clique/any,E0041,1,C111,FHEUSDT,large,2026-01-16T14:00Z,large,2026-01-16T14:00Z,2026-01-16T14:00Z
card-span/greedy-clique/any,E0042,1,C112,FHEUSDT,large,2026-01-18T14:00Z,large,2026-01-18T14:00Z,2026-01-18T14:00Z
card-span/greedy-clique/any,E0043,3,C113,FHEUSDT,large,2026-01-20T16:00Z,calm+large,2026-01-18T22:00Z,2026-01-20T16:00Z
card-span/greedy-clique/any,E0043,3,C234,NILUSDT,calm,2026-01-18T22:00Z,calm+large,2026-01-18T22:00Z,2026-01-20T16:00Z
card-span/greedy-clique/any,E0043,3,C279,ZROUSDT,large,2026-01-20T16:00Z,calm+large,2026-01-18T22:00Z,2026-01-20T16:00Z
card-span/greedy-clique/any,E0044,3,C193,NEWTUSDT,large,2026-01-24T01:00Z,calm+large,2026-01-22T08:00Z,2026-01-24T01:00Z
card-span/greedy-clique/any,E0044,3,C235,NILUSDT,calm,2026-01-22T08:00Z,calm+large,2026-01-22T08:00Z,2026-01-24T01:00Z
card-span/greedy-clique/any,E0044,3,C280,ZROUSDT,large,2026-01-22T17:00Z,calm+large,2026-01-22T08:00Z,2026-01-24T01:00Z
card-span/greedy-clique/any,E0045,3,C031,BCHUSDT,large,2026-01-30T20:00Z,large,2026-01-30T20:00Z,2026-01-30T20:00Z
card-span/greedy-clique/any,E0045,3,C194,NEWTUSDT,large,2026-01-30T20:00Z,large,2026-01-30T20:00Z,2026-01-30T20:00Z
card-span/greedy-clique/any,E0045,3,C281,ZROUSDT,large,2026-01-30T20:00Z,large,2026-01-30T20:00Z,2026-01-30T20:00Z
card-span/greedy-clique/any,E0046,1,C236,NILUSDT,calm,2026-02-01T21:00Z,calm,2026-02-01T21:00Z,2026-02-01T21:00Z
card-span/greedy-clique/any,E0047,4,C114,FHEUSDT,large,2026-02-03T15:00Z,calm+large,2026-02-03T03:00Z,2026-02-05T01:00Z
card-span/greedy-clique/any,E0047,4,C147,KOMAUSDT,calm,2026-02-03T03:00Z,calm+large,2026-02-03T03:00Z,2026-02-05T01:00Z
card-span/greedy-clique/any,E0047,4,C195,NEWTUSDT,large,2026-02-05T01:00Z,calm+large,2026-02-03T03:00Z,2026-02-05T01:00Z
card-span/greedy-clique/any,E0047,4,C282,ZROUSDT,large,2026-02-05T00:00Z,calm+large,2026-02-03T03:00Z,2026-02-05T01:00Z
card-span/greedy-clique/any,E0048,1,C032,BCHUSDT,large,2026-02-06T03:00Z,large,2026-02-06T03:00Z,2026-02-06T03:00Z
card-span/greedy-clique/any,E0049,4,C073,FARTCOINUSDT,calm,2026-02-11T10:00Z,calm+large,2026-02-09T14:00Z,2026-02-11T10:00Z
card-span/greedy-clique/any,E0049,4,C115,FHEUSDT,large,2026-02-09T14:00Z,calm+large,2026-02-09T14:00Z,2026-02-11T10:00Z
card-span/greedy-clique/any,E0049,4,C237,NILUSDT,large,2026-02-10T11:00Z,calm+large,2026-02-09T14:00Z,2026-02-11T10:00Z
card-span/greedy-clique/any,E0049,4,C283,ZROUSDT,large,2026-02-10T14:00Z,calm+large,2026-02-09T14:00Z,2026-02-11T10:00Z
card-span/greedy-clique/any,E0050,2,C033,BCHUSDT,large,2026-02-12T22:00Z,large,2026-02-11T14:00Z,2026-02-12T22:00Z
card-span/greedy-clique/any,E0050,2,C116,FHEUSDT,large,2026-02-11T14:00Z,large,2026-02-11T14:00Z,2026-02-12T22:00Z
card-span/greedy-clique/any,E0051,1,C117,FHEUSDT,large,2026-02-15T06:00Z,large,2026-02-15T06:00Z,2026-02-15T06:00Z
card-span/greedy-clique/any,E0052,2,C074,FARTCOINUSDT,calm,2026-02-17T17:00Z,calm+large,2026-02-17T17:00Z,2026-02-19T16:00Z
card-span/greedy-clique/any,E0052,2,C284,ZROUSDT,large,2026-02-19T16:00Z,calm+large,2026-02-17T17:00Z,2026-02-19T16:00Z
card-span/greedy-clique/any,E0053,1,C034,BCHUSDT,large,2026-02-23T00:00Z,large,2026-02-23T00:00Z,2026-02-23T00:00Z
card-span/greedy-clique/any,E0054,3,C118,FHEUSDT,calm,2026-02-28T08:00Z,calm+large,2026-02-26T12:00Z,2026-02-28T09:00Z
card-span/greedy-clique/any,E0054,3,C196,NEWTUSDT,large,2026-02-26T12:00Z,calm+large,2026-02-26T12:00Z,2026-02-28T09:00Z
card-span/greedy-clique/any,E0054,3,C285,ZROUSDT,large,2026-02-28T09:00Z,calm+large,2026-02-26T12:00Z,2026-02-28T09:00Z
card-span/greedy-clique/any,E0055,3,C075,FARTCOINUSDT,calm,2026-03-02T05:00Z,calm,2026-03-02T05:00Z,2026-03-03T03:00Z
card-span/greedy-clique/any,E0055,3,C119,FHEUSDT,calm,2026-03-03T03:00Z,calm,2026-03-02T05:00Z,2026-03-03T03:00Z
card-span/greedy-clique/any,E0055,3,C238,NILUSDT,calm,2026-03-02T09:00Z,calm,2026-03-02T05:00Z,2026-03-03T03:00Z
card-span/greedy-clique/any,E0056,2,C035,BCHUSDT,calm,2026-03-07T23:00Z,calm+large,2026-03-06T13:00Z,2026-03-07T23:00Z
card-span/greedy-clique/any,E0056,2,C120,FHEUSDT,large,2026-03-06T13:00Z,calm+large,2026-03-06T13:00Z,2026-03-07T23:00Z
card-span/greedy-clique/any,E0057,2,C076,FARTCOINUSDT,calm,2026-03-10T00:00Z,calm,2026-03-08T22:00Z,2026-03-10T00:00Z
card-span/greedy-clique/any,E0057,2,C239,NILUSDT,calm,2026-03-08T22:00Z,calm,2026-03-08T22:00Z,2026-03-10T00:00Z
card-span/greedy-clique/any,E0058,2,C121,FHEUSDT,calm,2026-03-12T23:00Z,calm,2026-03-12T23:00Z,2026-03-12T23:00Z
card-span/greedy-clique/any,E0058,2,C286,ZROUSDT,calm,2026-03-12T23:00Z,calm,2026-03-12T23:00Z,2026-03-12T23:00Z
card-span/greedy-clique/any,E0059,2,C077,FARTCOINUSDT,large,2026-03-16T02:00Z,calm+large,2026-03-16T02:00Z,2026-03-16T10:00Z
card-span/greedy-clique/any,E0059,2,C148,KOMAUSDT,calm,2026-03-16T10:00Z,calm+large,2026-03-16T02:00Z,2026-03-16T10:00Z
card-span/greedy-clique/any,E0060,2,C036,BCHUSDT,calm,2026-03-18T17:00Z,calm,2026-03-18T17:00Z,2026-03-19T19:00Z
card-span/greedy-clique/any,E0060,2,C287,ZROUSDT,calm,2026-03-19T19:00Z,calm,2026-03-18T17:00Z,2026-03-19T19:00Z
card-span/greedy-clique/any,E0061,2,C037,BCHUSDT,calm,2026-03-21T21:00Z,calm+large,2026-03-21T21:00Z,2026-03-23T01:00Z
card-span/greedy-clique/any,E0061,2,C288,ZROUSDT,large,2026-03-23T01:00Z,calm+large,2026-03-21T21:00Z,2026-03-23T01:00Z
card-span/greedy-clique/any,E0062,1,C240,NILUSDT,calm,2026-03-25T03:00Z,calm,2026-03-25T03:00Z,2026-03-25T03:00Z
card-span/greedy-clique/any,E0063,1,C038,BCHUSDT,calm,2026-03-30T04:00Z,calm,2026-03-30T04:00Z,2026-03-30T04:00Z
card-span/greedy-clique/any,E0064,1,C149,KOMAUSDT,large,2026-04-04T13:00Z,large,2026-04-04T13:00Z,2026-04-04T13:00Z
card-span/greedy-clique/any,E0065,3,C150,KOMAUSDT,large,2026-04-06T15:00Z,calm+large,2026-04-06T15:00Z,2026-04-08T02:00Z
card-span/greedy-clique/any,E0065,3,C241,NILUSDT,calm,2026-04-08T02:00Z,calm+large,2026-04-06T15:00Z,2026-04-08T02:00Z
card-span/greedy-clique/any,E0065,3,C289,ZROUSDT,large,2026-04-07T03:00Z,calm+large,2026-04-06T15:00Z,2026-04-08T02:00Z
card-span/greedy-clique/any,E0066,2,C078,FARTCOINUSDT,large,2026-04-08T23:00Z,calm+large,2026-04-08T23:00Z,2026-04-10T16:00Z
card-span/greedy-clique/any,E0066,2,C197,NEWTUSDT,calm,2026-04-10T16:00Z,calm+large,2026-04-08T23:00Z,2026-04-10T16:00Z
card-span/greedy-clique/any,E0067,2,C122,FHEUSDT,calm,2026-04-12T11:00Z,calm+large,2026-04-12T11:00Z,2026-04-13T02:00Z
card-span/greedy-clique/any,E0067,2,C151,KOMAUSDT,large,2026-04-13T02:00Z,calm+large,2026-04-12T11:00Z,2026-04-13T02:00Z
card-span/greedy-clique/any,E0068,2,C152,KOMAUSDT,large,2026-04-15T06:00Z,calm+large,2026-04-14T12:00Z,2026-04-15T06:00Z
card-span/greedy-clique/any,E0068,2,C242,NILUSDT,calm,2026-04-14T12:00Z,calm+large,2026-04-14T12:00Z,2026-04-15T06:00Z
card-span/greedy-clique/any,E0069,3,C123,FHEUSDT,large,2026-04-17T06:00Z,large,2026-04-17T06:00Z,2026-04-18T07:00Z
card-span/greedy-clique/any,E0069,3,C153,KOMAUSDT,large,2026-04-18T05:00Z,large,2026-04-17T06:00Z,2026-04-18T07:00Z
card-span/greedy-clique/any,E0069,3,C290,ZROUSDT,large,2026-04-18T07:00Z,large,2026-04-17T06:00Z,2026-04-18T07:00Z
card-span/greedy-clique/any,E0070,5,C039,BCHUSDT,calm,2026-04-20T03:00Z,calm+large,2026-04-19T00:00Z,2026-04-20T23:00Z
card-span/greedy-clique/any,E0070,5,C040,BCHUSDT,calm,2026-04-20T23:00Z,calm+large,2026-04-19T00:00Z,2026-04-20T23:00Z
card-span/greedy-clique/any,E0070,5,C079,FARTCOINUSDT,calm,2026-04-19T00:00Z,calm+large,2026-04-19T00:00Z,2026-04-20T23:00Z
card-span/greedy-clique/any,E0070,5,C080,FARTCOINUSDT,calm,2026-04-20T12:00Z,calm+large,2026-04-19T00:00Z,2026-04-20T23:00Z
card-span/greedy-clique/any,E0070,5,C198,NEWTUSDT,large,2026-04-20T12:00Z,calm+large,2026-04-19T00:00Z,2026-04-20T23:00Z
card-span/greedy-clique/any,E0071,2,C041,BCHUSDT,calm,2026-04-22T19:00Z,calm,2026-04-22T04:00Z,2026-04-22T19:00Z
card-span/greedy-clique/any,E0071,2,C154,KOMAUSDT,calm,2026-04-22T04:00Z,calm,2026-04-22T04:00Z,2026-04-22T19:00Z
card-span/greedy-clique/any,E0072,1,C081,FARTCOINUSDT,calm,2026-04-28T10:00Z,calm,2026-04-28T10:00Z,2026-04-28T10:00Z
card-span/greedy-clique/any,E0073,5,C082,FARTCOINUSDT,calm,2026-05-01T23:00Z,calm+large,2026-04-30T04:00Z,2026-05-02T01:00Z
card-span/greedy-clique/any,E0073,5,C124,FHEUSDT,large,2026-05-02T01:00Z,calm+large,2026-04-30T04:00Z,2026-05-02T01:00Z
card-span/greedy-clique/any,E0073,5,C155,KOMAUSDT,calm,2026-05-01T06:00Z,calm+large,2026-04-30T04:00Z,2026-05-02T01:00Z
card-span/greedy-clique/any,E0073,5,C291,ZROUSDT,calm,2026-04-30T04:00Z,calm+large,2026-04-30T04:00Z,2026-05-02T01:00Z
card-span/greedy-clique/any,E0073,5,C292,ZROUSDT,calm,2026-04-30T19:00Z,calm+large,2026-04-30T04:00Z,2026-05-02T01:00Z
card-span/greedy-clique/any,E0074,1,C125,FHEUSDT,large,2026-05-04T21:00Z,large,2026-05-04T21:00Z,2026-05-04T21:00Z
card-span/greedy-clique/any,E0075,4,C001,AVGOUSDT,calm,2026-05-07T20:00Z,calm+large,2026-05-05T21:00Z,2026-05-07T20:00Z
card-span/greedy-clique/any,E0075,4,C042,BCHUSDT,calm,2026-05-07T15:00Z,calm+large,2026-05-05T21:00Z,2026-05-07T20:00Z
card-span/greedy-clique/any,E0075,4,C199,NEWTUSDT,calm,2026-05-05T21:00Z,calm+large,2026-05-05T21:00Z,2026-05-07T20:00Z
card-span/greedy-clique/any,E0075,4,C243,NILUSDT,large,2026-05-06T23:00Z,calm+large,2026-05-05T21:00Z,2026-05-07T20:00Z
card-span/greedy-clique/any,E0076,1,C083,FARTCOINUSDT,calm,2026-05-09T08:00Z,calm,2026-05-09T08:00Z,2026-05-09T08:00Z
card-span/greedy-clique/any,E0077,3,C084,FARTCOINUSDT,calm,2026-05-13T16:00Z,calm,2026-05-13T16:00Z,2026-05-15T09:00Z
card-span/greedy-clique/any,E0077,3,C085,FARTCOINUSDT,calm,2026-05-15T01:00Z,calm,2026-05-13T16:00Z,2026-05-15T09:00Z
card-span/greedy-clique/any,E0077,3,C126,FHEUSDT,calm,2026-05-15T09:00Z,calm,2026-05-13T16:00Z,2026-05-15T09:00Z
card-span/greedy-clique/any,E0078,1,C043,BCHUSDT,large,2026-05-17T12:00Z,large,2026-05-17T12:00Z,2026-05-17T12:00Z
card-span/greedy-clique/any,E0079,3,C244,NILUSDT,large,2026-05-20T01:00Z,calm+large,2026-05-18T19:00Z,2026-05-20T01:00Z
card-span/greedy-clique/any,E0079,3,C293,ZROUSDT,calm,2026-05-18T19:00Z,calm+large,2026-05-18T19:00Z,2026-05-20T01:00Z
card-span/greedy-clique/any,E0079,3,C294,ZROUSDT,calm,2026-05-19T13:00Z,calm+large,2026-05-18T19:00Z,2026-05-20T01:00Z
card-span/greedy-clique/any,E0080,2,C002,AVGOUSDT,calm,2026-05-23T22:00Z,calm+large,2026-05-23T20:00Z,2026-05-23T22:00Z
card-span/greedy-clique/any,E0080,2,C245,NILUSDT,large,2026-05-23T20:00Z,calm+large,2026-05-23T20:00Z,2026-05-23T22:00Z
card-span/greedy-clique/any,E0081,1,C200,NEWTUSDT,calm,2026-05-25T21:00Z,calm,2026-05-25T21:00Z,2026-05-25T21:00Z
card-span/greedy-clique/any,E0082,4,C044,BCHUSDT,large,2026-05-27T16:00Z,calm+large,2026-05-27T16:00Z,2026-05-28T21:00Z
card-span/greedy-clique/any,E0082,4,C127,FHEUSDT,calm,2026-05-28T00:00Z,calm+large,2026-05-27T16:00Z,2026-05-28T21:00Z
card-span/greedy-clique/any,E0082,4,C156,KOMAUSDT,large,2026-05-28T11:00Z,calm+large,2026-05-27T16:00Z,2026-05-28T21:00Z
card-span/greedy-clique/any,E0082,4,C201,NEWTUSDT,large,2026-05-28T21:00Z,calm+large,2026-05-27T16:00Z,2026-05-28T21:00Z
card-span/greedy-clique/any,E0083,3,C128,FHEUSDT,large,2026-05-31T06:00Z,calm+large,2026-05-30T05:00Z,2026-05-31T06:00Z
card-span/greedy-clique/any,E0083,3,C246,NILUSDT,calm,2026-05-30T05:00Z,calm+large,2026-05-30T05:00Z,2026-05-31T06:00Z
card-span/greedy-clique/any,E0083,3,C295,ZROUSDT,calm,2026-05-30T08:00Z,calm+large,2026-05-30T05:00Z,2026-05-31T06:00Z
card-span/greedy-clique/any,E0084,2,C003,AVGOUSDT,large,2026-06-01T10:00Z,large,2026-06-01T10:00Z,2026-06-02T04:00Z
card-span/greedy-clique/any,E0084,2,C045,BCHUSDT,large,2026-06-02T04:00Z,large,2026-06-01T10:00Z,2026-06-02T04:00Z
card-span/greedy-clique/any,E0085,7,C004,AVGOUSDT,large,2026-06-03T12:00Z,large,2026-06-03T12:00Z,2026-06-05T05:00Z
card-span/greedy-clique/any,E0085,7,C046,BCHUSDT,large,2026-06-05T05:00Z,large,2026-06-03T12:00Z,2026-06-05T05:00Z
card-span/greedy-clique/any,E0085,7,C086,FARTCOINUSDT,large,2026-06-04T19:00Z,large,2026-06-03T12:00Z,2026-06-05T05:00Z
card-span/greedy-clique/any,E0085,7,C202,NEWTUSDT,large,2026-06-05T05:00Z,large,2026-06-03T12:00Z,2026-06-05T05:00Z
card-span/greedy-clique/any,E0085,7,C247,NILUSDT,large,2026-06-03T22:00Z,large,2026-06-03T12:00Z,2026-06-05T05:00Z
card-span/greedy-clique/any,E0085,7,C255,NOKUSDT,large,2026-06-05T03:00Z,large,2026-06-03T12:00Z,2026-06-05T05:00Z
card-span/greedy-clique/any,E0085,7,C296,ZROUSDT,large,2026-06-04T19:00Z,large,2026-06-03T12:00Z,2026-06-05T05:00Z
card-span/greedy-clique/any,E0086,1,C005,AVGOUSDT,large,2026-06-05T12:00Z,large,2026-06-05T12:00Z,2026-06-05T12:00Z
card-span/greedy-clique/any,E0087,1,C047,BCHUSDT,large,2026-06-08T01:00Z,large,2026-06-08T01:00Z,2026-06-08T01:00Z
card-span/greedy-clique/any,E0088,6,C006,AVGOUSDT,calm,2026-06-10T07:00Z,calm+large,2026-06-08T14:00Z,2026-06-10T07:00Z
card-span/greedy-clique/any,E0088,6,C087,FARTCOINUSDT,calm,2026-06-08T14:00Z,calm+large,2026-06-08T14:00Z,2026-06-10T07:00Z
card-span/greedy-clique/any,E0088,6,C157,KOMAUSDT,large,2026-06-10T01:00Z,calm+large,2026-06-08T14:00Z,2026-06-10T07:00Z
card-span/greedy-clique/any,E0088,6,C256,NOKUSDT,calm,2026-06-09T00:00Z,calm+large,2026-06-08T14:00Z,2026-06-10T07:00Z
card-span/greedy-clique/any,E0088,6,C297,ZROUSDT,calm,2026-06-09T18:00Z,calm+large,2026-06-08T14:00Z,2026-06-10T07:00Z
card-span/greedy-clique/any,E0088,6,C298,ZROUSDT,calm,2026-06-09T21:00Z,calm+large,2026-06-08T14:00Z,2026-06-10T07:00Z
card-span/greedy-clique/any,E0089,4,C048,BCHUSDT,large,2026-06-14T15:00Z,calm+large,2026-06-14T12:00Z,2026-06-14T18:00Z
card-span/greedy-clique/any,E0089,4,C088,FARTCOINUSDT,large,2026-06-14T18:00Z,calm+large,2026-06-14T12:00Z,2026-06-14T18:00Z
card-span/greedy-clique/any,E0089,4,C203,NEWTUSDT,calm,2026-06-14T12:00Z,calm+large,2026-06-14T12:00Z,2026-06-14T18:00Z
card-span/greedy-clique/any,E0089,4,C299,ZROUSDT,large,2026-06-14T15:00Z,calm+large,2026-06-14T12:00Z,2026-06-14T18:00Z
card-span/greedy-clique/any,E0090,4,C049,BCHUSDT,large,2026-06-17T16:00Z,calm+large,2026-06-16T12:00Z,2026-06-18T00:00Z
card-span/greedy-clique/any,E0090,4,C158,KOMAUSDT,large,2026-06-16T12:00Z,calm+large,2026-06-16T12:00Z,2026-06-18T00:00Z
card-span/greedy-clique/any,E0090,4,C204,NEWTUSDT,calm,2026-06-18T00:00Z,calm+large,2026-06-16T12:00Z,2026-06-18T00:00Z
card-span/greedy-clique/any,E0090,4,C257,NOKUSDT,calm,2026-06-16T21:00Z,calm+large,2026-06-16T12:00Z,2026-06-18T00:00Z
card-span/greedy-clique/any,E0091,1,C205,NEWTUSDT,calm,2026-06-19T21:00Z,calm,2026-06-19T21:00Z,2026-06-19T21:00Z
card-span/greedy-clique/any,E0092,3,C007,AVGOUSDT,large,2026-06-22T13:00Z,calm+large,2026-06-21T08:00Z,2026-06-22T13:00Z
card-span/greedy-clique/any,E0092,3,C159,KOMAUSDT,large,2026-06-22T04:00Z,calm+large,2026-06-21T08:00Z,2026-06-22T13:00Z
card-span/greedy-clique/any,E0092,3,C206,NEWTUSDT,calm,2026-06-21T08:00Z,calm+large,2026-06-21T08:00Z,2026-06-22T13:00Z
card-span/greedy-clique/any,E0093,1,C258,NOKUSDT,calm,2026-06-23T19:00Z,calm,2026-06-23T19:00Z,2026-06-23T19:00Z
card-span/greedy-clique/any,E0094,3,C160,KOMAUSDT,calm,2026-06-25T23:00Z,calm+large,2026-06-24T14:00Z,2026-06-26T04:00Z
card-span/greedy-clique/any,E0094,3,C207,NEWTUSDT,large,2026-06-24T14:00Z,calm+large,2026-06-24T14:00Z,2026-06-26T04:00Z
card-span/greedy-clique/any,E0094,3,C300,ZROUSDT,calm,2026-06-26T04:00Z,calm+large,2026-06-24T14:00Z,2026-06-26T04:00Z
card-span/greedy-clique/any,E0095,3,C089,FARTCOINUSDT,calm,2026-06-26T22:00Z,calm,2026-06-26T22:00Z,2026-06-28T17:00Z
card-span/greedy-clique/any,E0095,3,C259,NOKUSDT,calm,2026-06-28T14:00Z,calm,2026-06-26T22:00Z,2026-06-28T17:00Z
card-span/greedy-clique/any,E0095,3,C301,ZROUSDT,calm,2026-06-28T17:00Z,calm,2026-06-26T22:00Z,2026-06-28T17:00Z
card-span/greedy-clique/any,E0096,1,C129,FHEUSDT,calm,2026-06-29T10:00Z,calm,2026-06-29T10:00Z,2026-06-29T10:00Z
card-span/greedy-clique/any,E0097,4,C008,AVGOUSDT,calm,2026-07-03T05:00Z,calm+large,2026-07-02T07:00Z,2026-07-04T02:00Z
card-span/greedy-clique/any,E0097,4,C090,FARTCOINUSDT,large,2026-07-02T07:00Z,calm+large,2026-07-02T07:00Z,2026-07-04T02:00Z
card-span/greedy-clique/any,E0097,4,C161,KOMAUSDT,calm,2026-07-03T11:00Z,calm+large,2026-07-02T07:00Z,2026-07-04T02:00Z
card-span/greedy-clique/any,E0097,4,C162,KOMAUSDT,calm,2026-07-04T02:00Z,calm+large,2026-07-02T07:00Z,2026-07-04T02:00Z
card-span/greedy-clique/any,E0098,3,C163,KOMAUSDT,calm,2026-07-05T21:00Z,calm,2026-07-05T21:00Z,2026-07-07T06:00Z
card-span/greedy-clique/any,E0098,3,C164,KOMAUSDT,calm,2026-07-07T06:00Z,calm,2026-07-05T21:00Z,2026-07-07T06:00Z
card-span/greedy-clique/any,E0098,3,C248,NILUSDT,calm,2026-07-07T00:00Z,calm,2026-07-05T21:00Z,2026-07-07T06:00Z
card-span/greedy-clique/any,E0099,2,C009,AVGOUSDT,large,2026-07-08T12:00Z,calm+large,2026-07-08T12:00Z,2026-07-09T00:00Z
card-span/greedy-clique/any,E0099,2,C208,NEWTUSDT,calm,2026-07-09T00:00Z,calm+large,2026-07-08T12:00Z,2026-07-09T00:00Z
card-span/greedy-clique/any,E0100,3,C165,KOMAUSDT,calm,2026-07-12T01:00Z,calm,2026-07-11T03:00Z,2026-07-12T01:00Z
card-span/greedy-clique/any,E0100,3,C209,NEWTUSDT,calm,2026-07-11T03:00Z,calm,2026-07-11T03:00Z,2026-07-12T01:00Z
card-span/greedy-clique/any,E0100,3,C302,ZROUSDT,calm,2026-07-11T04:00Z,calm,2026-07-11T03:00Z,2026-07-12T01:00Z
card-span/greedy-clique/any,E0101,1,C130,FHEUSDT,calm,2026-07-13T15:00Z,calm,2026-07-13T15:00Z,2026-07-13T15:00Z
card-span/greedy-clique/any,E0102,4,C010,AVGOUSDT,calm,2026-07-16T00:00Z,calm+large,2026-07-16T00:00Z,2026-07-17T23:00Z
card-span/greedy-clique/any,E0102,4,C011,AVGOUSDT,calm,2026-07-16T14:00Z,calm+large,2026-07-16T00:00Z,2026-07-17T23:00Z
card-span/greedy-clique/any,E0102,4,C210,NEWTUSDT,calm,2026-07-17T23:00Z,calm+large,2026-07-16T00:00Z,2026-07-17T23:00Z
card-span/greedy-clique/any,E0102,4,C260,NOKUSDT,large,2026-07-16T06:00Z,calm+large,2026-07-16T00:00Z,2026-07-17T23:00Z
card-span/greedy-clique/any,E0103,3,C091,FARTCOINUSDT,calm,2026-07-19T00:00Z,calm+large,2026-07-18T10:00Z,2026-07-19T21:00Z
card-span/greedy-clique/any,E0103,3,C166,KOMAUSDT,large,2026-07-19T21:00Z,calm+large,2026-07-18T10:00Z,2026-07-19T21:00Z
card-span/greedy-clique/any,E0103,3,C211,NEWTUSDT,calm,2026-07-18T10:00Z,calm+large,2026-07-18T10:00Z,2026-07-19T21:00Z
card-span/greedy-clique/any,E0104,2,C012,AVGOUSDT,calm,2026-07-24T06:00Z,calm+large,2026-07-23T07:00Z,2026-07-24T06:00Z
card-span/greedy-clique/any,E0104,2,C261,NOKUSDT,large,2026-07-23T07:00Z,calm+large,2026-07-23T07:00Z,2026-07-24T06:00Z
card-span/greedy-clique/any,E0105,3,C167,KOMAUSDT,calm,2026-07-25T15:00Z,calm+large,2026-07-25T15:00Z,2026-07-26T20:00Z
card-span/greedy-clique/any,E0105,3,C212,NEWTUSDT,calm,2026-07-26T20:00Z,calm+large,2026-07-25T15:00Z,2026-07-26T20:00Z
card-span/greedy-clique/any,E0105,3,C249,NILUSDT,large,2026-07-26T11:00Z,calm+large,2026-07-25T15:00Z,2026-07-26T20:00Z
card-span/greedy-clique/any,E0106,5,C050,BCHUSDT,calm,2026-07-28T19:00Z,calm+large,2026-07-28T19:00Z,2026-07-30T09:00Z
card-span/greedy-clique/any,E0106,5,C051,BCHUSDT,calm,2026-07-29T02:00Z,calm+large,2026-07-28T19:00Z,2026-07-30T09:00Z
card-span/greedy-clique/any,E0106,5,C052,BCHUSDT,calm,2026-07-30T09:00Z,calm+large,2026-07-28T19:00Z,2026-07-30T09:00Z
card-span/greedy-clique/any,E0106,5,C168,KOMAUSDT,large,2026-07-30T08:00Z,calm+large,2026-07-28T19:00Z,2026-07-30T09:00Z
card-span/greedy-clique/any,E0106,5,C262,NOKUSDT,large,2026-07-30T07:00Z,calm+large,2026-07-28T19:00Z,2026-07-30T09:00Z
card-span/greedy-clique/any,E0107,1,C169,KOMAUSDT,large,2026-08-01T10:00Z,large,2026-08-01T10:00Z,2026-08-01T10:00Z
card-span/greedy-clique/any,E0108,2,C013,AVGOUSDT,large,2026-08-03T18:00Z,large,2026-08-03T18:00Z,2026-08-03T21:00Z
card-span/greedy-clique/any,E0108,2,C170,KOMAUSDT,large,2026-08-03T21:00Z,large,2026-08-03T18:00Z,2026-08-03T21:00Z
card-span/greedy-clique/any,E0109,5,C053,BCHUSDT,calm,2026-08-04T20:00Z,calm+large,2026-08-04T20:00Z,2026-08-06T19:00Z
card-span/greedy-clique/any,E0109,5,C092,FARTCOINUSDT,calm,2026-08-05T17:00Z,calm+large,2026-08-04T20:00Z,2026-08-06T19:00Z
card-span/greedy-clique/any,E0109,5,C093,FARTCOINUSDT,calm,2026-08-05T21:00Z,calm+large,2026-08-04T20:00Z,2026-08-06T19:00Z
card-span/greedy-clique/any,E0109,5,C171,KOMAUSDT,large,2026-08-06T03:00Z,calm+large,2026-08-04T20:00Z,2026-08-06T19:00Z
card-span/greedy-clique/any,E0109,5,C250,NILUSDT,large,2026-08-06T19:00Z,calm+large,2026-08-04T20:00Z,2026-08-06T19:00Z
card-span/greedy-clique/any,E0110,3,C131,FHEUSDT,calm,2026-08-09T13:00Z,calm+large,2026-08-09T05:00Z,2026-08-09T14:00Z
card-span/greedy-clique/any,E0110,3,C251,NILUSDT,large,2026-08-09T05:00Z,calm+large,2026-08-09T05:00Z,2026-08-09T14:00Z
card-span/greedy-clique/any,E0110,3,C303,ZROUSDT,calm,2026-08-09T14:00Z,calm+large,2026-08-09T05:00Z,2026-08-09T14:00Z
card-span/greedy-clique/any,E0111,4,C132,FHEUSDT,calm,2026-08-11T15:00Z,calm+large,2026-08-11T12:00Z,2026-08-13T07:00Z
card-span/greedy-clique/any,E0111,4,C252,NILUSDT,large,2026-08-11T23:00Z,calm+large,2026-08-11T12:00Z,2026-08-13T07:00Z
card-span/greedy-clique/any,E0111,4,C263,NOKUSDT,large,2026-08-11T12:00Z,calm+large,2026-08-11T12:00Z,2026-08-13T07:00Z
card-span/greedy-clique/any,E0111,4,C304,ZROUSDT,calm,2026-08-13T07:00Z,calm+large,2026-08-11T12:00Z,2026-08-13T07:00Z
card-span/greedy-clique/any,E0112,3,C014,AVGOUSDT,large,2026-08-13T19:00Z,calm+large,2026-08-13T19:00Z,2026-08-15T13:00Z
card-span/greedy-clique/any,E0112,3,C253,NILUSDT,large,2026-08-14T19:00Z,calm+large,2026-08-13T19:00Z,2026-08-15T13:00Z
card-span/greedy-clique/any,E0112,3,C264,NOKUSDT,calm,2026-08-15T13:00Z,calm+large,2026-08-13T19:00Z,2026-08-15T13:00Z
card-span/greedy-clique/any,E0113,1,C172,KOMAUSDT,calm,2026-08-17T03:00Z,calm,2026-08-17T03:00Z,2026-08-17T03:00Z
card-span/greedy-clique/any,E0114,6,C054,BCHUSDT,large,2026-08-21T03:00Z,calm+large,2026-08-21T01:00Z,2026-08-22T08:00Z
card-span/greedy-clique/any,E0114,6,C094,FARTCOINUSDT,large,2026-08-21T05:00Z,calm+large,2026-08-21T01:00Z,2026-08-22T08:00Z
card-span/greedy-clique/any,E0114,6,C133,FHEUSDT,calm,2026-08-21T01:00Z,calm+large,2026-08-21T01:00Z,2026-08-22T08:00Z
card-span/greedy-clique/any,E0114,6,C173,KOMAUSDT,large,2026-08-22T05:00Z,calm+large,2026-08-21T01:00Z,2026-08-22T08:00Z
card-span/greedy-clique/any,E0114,6,C213,NEWTUSDT,large,2026-08-21T04:00Z,calm+large,2026-08-21T01:00Z,2026-08-22T08:00Z
card-span/greedy-clique/any,E0114,6,C305,ZROUSDT,large,2026-08-22T08:00Z,calm+large,2026-08-21T01:00Z,2026-08-22T08:00Z
card-span/greedy-clique/any,E0115,3,C134,FHEUSDT,calm,2026-08-24T13:00Z,calm+large,2026-08-24T08:00Z,2026-08-24T17:00Z
card-span/greedy-clique/any,E0115,3,C214,NEWTUSDT,calm,2026-08-24T08:00Z,calm+large,2026-08-24T08:00Z,2026-08-24T17:00Z
card-span/greedy-clique/any,E0115,3,C306,ZROUSDT,large,2026-08-24T17:00Z,calm+large,2026-08-24T08:00Z,2026-08-24T17:00Z
card-span/greedy-clique/any,E0116,2,C174,KOMAUSDT,large,2026-08-28T19:00Z,large,2026-08-28T19:00Z,2026-08-28T19:00Z
card-span/greedy-clique/any,E0116,2,C254,NILUSDT,large,2026-08-28T19:00Z,large,2026-08-28T19:00Z,2026-08-28T19:00Z
card-span/greedy-clique/cross-coin,E0001,3,C135,KOMAUSDT,calm,2025-09-03T01:00Z,calm,2025-09-02T14:00Z,2025-09-03T10:00Z
card-span/greedy-clique/cross-coin,E0001,3,C215,NILUSDT,calm,2025-09-03T10:00Z,calm,2025-09-02T14:00Z,2025-09-03T10:00Z
card-span/greedy-clique/cross-coin,E0001,3,C267,ZROUSDT,calm,2025-09-02T14:00Z,calm,2025-09-02T14:00Z,2025-09-03T10:00Z
card-span/greedy-clique/cross-coin,E0002,2,C095,FHEUSDT,calm,2025-09-06T07:00Z,calm,2025-09-06T07:00Z,2025-09-07T09:00Z
card-span/greedy-clique/cross-coin,E0002,2,C216,NILUSDT,calm,2025-09-07T09:00Z,calm,2025-09-06T07:00Z,2025-09-07T09:00Z
card-span/greedy-clique/cross-coin,E0003,3,C175,NEWTUSDT,large,2025-09-08T07:00Z,calm+large,2025-09-08T07:00Z,2025-09-09T19:00Z
card-span/greedy-clique/cross-coin,E0003,3,C217,NILUSDT,calm,2025-09-09T15:00Z,calm+large,2025-09-08T07:00Z,2025-09-09T19:00Z
card-span/greedy-clique/cross-coin,E0003,3,C265,OMNIUSDT,large,2025-09-09T19:00Z,calm+large,2025-09-08T07:00Z,2025-09-09T19:00Z
card-span/greedy-clique/cross-coin,E0004,1,C176,NEWTUSDT,calm,2025-09-13T11:00Z,calm,2025-09-13T11:00Z,2025-09-13T11:00Z
card-span/greedy-clique/cross-coin,E0005,1,C177,NEWTUSDT,calm,2025-09-13T14:00Z,calm,2025-09-13T14:00Z,2025-09-13T14:00Z
card-span/greedy-clique/cross-coin,E0006,3,C055,FARTCOINUSDT,calm,2025-09-15T22:00Z,calm,2025-09-15T22:00Z,2025-09-17T17:00Z
card-span/greedy-clique/cross-coin,E0006,3,C096,FHEUSDT,calm,2025-09-17T17:00Z,calm,2025-09-15T22:00Z,2025-09-17T17:00Z
card-span/greedy-clique/cross-coin,E0006,3,C218,NILUSDT,calm,2025-09-16T05:00Z,calm,2025-09-15T22:00Z,2025-09-17T17:00Z
card-span/greedy-clique/cross-coin,E0007,2,C015,BCHUSDT,calm,2025-09-19T08:00Z,calm,2025-09-18T14:00Z,2025-09-19T08:00Z
card-span/greedy-clique/cross-coin,E0007,2,C268,ZROUSDT,calm,2025-09-18T14:00Z,calm,2025-09-18T14:00Z,2025-09-19T08:00Z
card-span/greedy-clique/cross-coin,E0008,6,C016,BCHUSDT,calm,2025-09-21T09:00Z,calm+large,2025-09-19T21:00Z,2025-09-21T16:00Z
card-span/greedy-clique/cross-coin,E0008,6,C056,FARTCOINUSDT,large,2025-09-21T08:00Z,calm+large,2025-09-19T21:00Z,2025-09-21T16:00Z
card-span/greedy-clique/cross-coin,E0008,6,C097,FHEUSDT,calm,2025-09-19T21:00Z,calm+large,2025-09-19T21:00Z,2025-09-21T16:00Z
card-span/greedy-clique/cross-coin,E0008,6,C136,KOMAUSDT,large,2025-09-21T07:00Z,calm+large,2025-09-19T21:00Z,2025-09-21T16:00Z
card-span/greedy-clique/cross-coin,E0008,6,C178,NEWTUSDT,large,2025-09-21T16:00Z,calm+large,2025-09-19T21:00Z,2025-09-21T16:00Z
card-span/greedy-clique/cross-coin,E0008,6,C266,OMNIUSDT,calm,2025-09-21T00:00Z,calm+large,2025-09-19T21:00Z,2025-09-21T16:00Z
card-span/greedy-clique/cross-coin,E0009,1,C269,ZROUSDT,large,2025-09-23T12:00Z,large,2025-09-23T12:00Z,2025-09-23T12:00Z
card-span/greedy-clique/cross-coin,E0010,1,C137,KOMAUSDT,calm,2025-09-28T17:00Z,calm,2025-09-28T17:00Z,2025-09-28T17:00Z
card-span/greedy-clique/cross-coin,E0011,4,C098,FHEUSDT,calm,2025-09-29T18:00Z,calm+large,2025-09-29T18:00Z,2025-10-01T07:00Z
card-span/greedy-clique/cross-coin,E0011,4,C179,NEWTUSDT,large,2025-09-30T19:00Z,calm+large,2025-09-29T18:00Z,2025-10-01T07:00Z
card-span/greedy-clique/cross-coin,E0011,4,C219,NILUSDT,large,2025-10-01T07:00Z,calm+large,2025-09-29T18:00Z,2025-10-01T07:00Z
card-span/greedy-clique/cross-coin,E0011,4,C270,ZROUSDT,large,2025-10-01T07:00Z,calm+large,2025-09-29T18:00Z,2025-10-01T07:00Z
card-span/greedy-clique/cross-coin,E0012,1,C271,ZROUSDT,calm,2025-10-04T16:00Z,calm,2025-10-04T16:00Z,2025-10-04T16:00Z
card-span/greedy-clique/cross-coin,E0013,3,C057,FARTCOINUSDT,calm,2025-10-06T03:00Z,calm+large,2025-10-06T03:00Z,2025-10-07T05:00Z
card-span/greedy-clique/cross-coin,E0013,3,C138,KOMAUSDT,large,2025-10-07T05:00Z,calm+large,2025-10-06T03:00Z,2025-10-07T05:00Z
card-span/greedy-clique/cross-coin,E0013,3,C220,NILUSDT,calm,2025-10-06T22:00Z,calm+large,2025-10-06T03:00Z,2025-10-07T05:00Z
card-span/greedy-clique/cross-coin,E0014,7,C017,BCHUSDT,large,2025-10-10T02:00Z,large,2025-10-09T10:00Z,2025-10-10T14:00Z
card-span/greedy-clique/cross-coin,E0014,7,C058,FARTCOINUSDT,large,2025-10-10T14:00Z,large,2025-10-09T10:00Z,2025-10-10T14:00Z
card-span/greedy-clique/cross-coin,E0014,7,C099,FHEUSDT,large,2025-10-09T22:00Z,large,2025-10-09T10:00Z,2025-10-10T14:00Z
card-span/greedy-clique/cross-coin,E0014,7,C139,KOMAUSDT,large,2025-10-09T10:00Z,large,2025-10-09T10:00Z,2025-10-10T14:00Z
card-span/greedy-clique/cross-coin,E0014,7,C180,NEWTUSDT,large,2025-10-09T22:00Z,large,2025-10-09T10:00Z,2025-10-10T14:00Z
card-span/greedy-clique/cross-coin,E0014,7,C221,NILUSDT,large,2025-10-10T05:00Z,large,2025-10-09T10:00Z,2025-10-10T14:00Z
card-span/greedy-clique/cross-coin,E0014,7,C272,ZROUSDT,large,2025-10-09T22:00Z,large,2025-10-09T10:00Z,2025-10-10T14:00Z
card-span/greedy-clique/cross-coin,E0015,4,C018,BCHUSDT,large,2025-10-12T02:00Z,large,2025-10-12T02:00Z,2025-10-12T14:00Z
card-span/greedy-clique/cross-coin,E0015,4,C059,FARTCOINUSDT,large,2025-10-12T14:00Z,large,2025-10-12T02:00Z,2025-10-12T14:00Z
card-span/greedy-clique/cross-coin,E0015,4,C181,NEWTUSDT,large,2025-10-12T14:00Z,large,2025-10-12T02:00Z,2025-10-12T14:00Z
card-span/greedy-clique/cross-coin,E0015,4,C273,ZROUSDT,large,2025-10-12T02:00Z,large,2025-10-12T02:00Z,2025-10-12T14:00Z
card-span/greedy-clique/cross-coin,E0016,5,C019,BCHUSDT,large,2025-10-16T09:00Z,calm+large,2025-10-16T08:00Z,2025-10-18T05:00Z
card-span/greedy-clique/cross-coin,E0016,5,C100,FHEUSDT,large,2025-10-17T01:00Z,calm+large,2025-10-16T08:00Z,2025-10-18T05:00Z
card-span/greedy-clique/cross-coin,E0016,5,C140,KOMAUSDT,large,2025-10-17T09:00Z,calm+large,2025-10-16T08:00Z,2025-10-18T05:00Z
card-span/greedy-clique/cross-coin,E0016,5,C182,NEWTUSDT,large,2025-10-16T08:00Z,calm+large,2025-10-16T08:00Z,2025-10-18T05:00Z
card-span/greedy-clique/cross-coin,E0016,5,C222,NILUSDT,calm,2025-10-18T05:00Z,calm+large,2025-10-16T08:00Z,2025-10-18T05:00Z
card-span/greedy-clique/cross-coin,E0017,1,C223,NILUSDT,large,2025-10-21T10:00Z,large,2025-10-21T10:00Z,2025-10-21T10:00Z
card-span/greedy-clique/cross-coin,E0018,1,C020,BCHUSDT,large,2025-10-25T13:00Z,large,2025-10-25T13:00Z,2025-10-25T13:00Z
card-span/greedy-clique/cross-coin,E0019,3,C060,FARTCOINUSDT,large,2025-10-29T21:00Z,calm+large,2025-10-29T10:00Z,2025-10-29T21:00Z
card-span/greedy-clique/cross-coin,E0019,3,C183,NEWTUSDT,large,2025-10-29T21:00Z,calm+large,2025-10-29T10:00Z,2025-10-29T21:00Z
card-span/greedy-clique/cross-coin,E0019,3,C224,NILUSDT,calm,2025-10-29T10:00Z,calm+large,2025-10-29T10:00Z,2025-10-29T21:00Z
card-span/greedy-clique/cross-coin,E0020,3,C021,BCHUSDT,calm,2025-11-01T04:00Z,calm,2025-10-30T19:00Z,2025-11-01T04:00Z
card-span/greedy-clique/cross-coin,E0020,3,C101,FHEUSDT,calm,2025-10-31T22:00Z,calm,2025-10-30T19:00Z,2025-11-01T04:00Z
card-span/greedy-clique/cross-coin,E0020,3,C225,NILUSDT,calm,2025-10-30T19:00Z,calm,2025-10-30T19:00Z,2025-11-01T04:00Z
card-span/greedy-clique/cross-coin,E0021,4,C061,FARTCOINUSDT,large,2025-11-03T08:00Z,calm+large,2025-11-02T21:00Z,2025-11-04T20:00Z
card-span/greedy-clique/cross-coin,E0021,4,C141,KOMAUSDT,calm,2025-11-04T20:00Z,calm+large,2025-11-02T21:00Z,2025-11-04T20:00Z
card-span/greedy-clique/cross-coin,E0021,4,C184,NEWTUSDT,large,2025-11-02T21:00Z,calm+large,2025-11-02T21:00Z,2025-11-04T20:00Z
card-span/greedy-clique/cross-coin,E0021,4,C226,NILUSDT,large,2025-11-03T00:00Z,calm+large,2025-11-02T21:00Z,2025-11-04T20:00Z
card-span/greedy-clique/cross-coin,E0022,4,C022,BCHUSDT,calm,2025-11-04T23:00Z,calm+large,2025-11-04T23:00Z,2025-11-06T21:00Z
card-span/greedy-clique/cross-coin,E0022,4,C062,FARTCOINUSDT,large,2025-11-06T21:00Z,calm+large,2025-11-04T23:00Z,2025-11-06T21:00Z
card-span/greedy-clique/cross-coin,E0022,4,C185,NEWTUSDT,calm,2025-11-06T14:00Z,calm+large,2025-11-04T23:00Z,2025-11-06T21:00Z
card-span/greedy-clique/cross-coin,E0022,4,C274,ZROUSDT,large,2025-11-06T08:00Z,calm+large,2025-11-04T23:00Z,2025-11-06T21:00Z
card-span/greedy-clique/cross-coin,E0023,1,C023,BCHUSDT,calm,2025-11-07T08:00Z,calm,2025-11-07T08:00Z,2025-11-07T08:00Z
card-span/greedy-clique/cross-coin,E0024,5,C024,BCHUSDT,calm,2025-11-15T03:00Z,calm+large,2025-11-14T06:00Z,2025-11-15T21:00Z
card-span/greedy-clique/cross-coin,E0024,5,C102,FHEUSDT,calm,2025-11-14T07:00Z,calm+large,2025-11-14T06:00Z,2025-11-15T21:00Z
card-span/greedy-clique/cross-coin,E0024,5,C142,KOMAUSDT,calm,2025-11-14T06:00Z,calm+large,2025-11-14T06:00Z,2025-11-15T21:00Z
card-span/greedy-clique/cross-coin,E0024,5,C186,NEWTUSDT,calm,2025-11-15T14:00Z,calm+large,2025-11-14T06:00Z,2025-11-15T21:00Z
card-span/greedy-clique/cross-coin,E0024,5,C227,NILUSDT,large,2025-11-15T21:00Z,calm+large,2025-11-14T06:00Z,2025-11-15T21:00Z
card-span/greedy-clique/cross-coin,E0025,3,C025,BCHUSDT,large,2025-11-18T20:00Z,calm+large,2025-11-17T08:00Z,2025-11-18T20:00Z
card-span/greedy-clique/cross-coin,E0025,3,C228,NILUSDT,large,2025-11-18T19:00Z,calm+large,2025-11-17T08:00Z,2025-11-18T20:00Z
card-span/greedy-clique/cross-coin,E0025,3,C275,ZROUSDT,calm,2025-11-17T08:00Z,calm+large,2025-11-17T08:00Z,2025-11-18T20:00Z
card-span/greedy-clique/cross-coin,E0026,4,C026,BCHUSDT,large,2025-11-21T12:00Z,large,2025-11-20T14:00Z,2025-11-21T12:00Z
card-span/greedy-clique/cross-coin,E0026,4,C063,FARTCOINUSDT,large,2025-11-20T23:00Z,large,2025-11-20T14:00Z,2025-11-21T12:00Z
card-span/greedy-clique/cross-coin,E0026,4,C187,NEWTUSDT,large,2025-11-20T14:00Z,large,2025-11-20T14:00Z,2025-11-21T12:00Z
card-span/greedy-clique/cross-coin,E0026,4,C229,NILUSDT,large,2025-11-20T23:00Z,large,2025-11-20T14:00Z,2025-11-21T12:00Z
card-span/greedy-clique/cross-coin,E0027,1,C064,FARTCOINUSDT,large,2025-11-23T21:00Z,large,2025-11-23T21:00Z,2025-11-23T21:00Z
card-span/greedy-clique/cross-coin,E0028,3,C065,FARTCOINUSDT,large,2025-11-25T22:00Z,calm+large,2025-11-25T22:00Z,2025-11-27T16:00Z
card-span/greedy-clique/cross-coin,E0028,3,C103,FHEUSDT,calm,2025-11-27T16:00Z,calm+large,2025-11-25T22:00Z,2025-11-27T16:00Z
card-span/greedy-clique/cross-coin,E0028,3,C188,NEWTUSDT,calm,2025-11-26T19:00Z,calm+large,2025-11-25T22:00Z,2025-11-27T16:00Z
card-span/greedy-clique/cross-coin,E0029,4,C027,BCHUSDT,large,2025-12-02T05:00Z,calm+large,2025-12-01T16:00Z,2025-12-02T05:00Z
card-span/greedy-clique/cross-coin,E0029,4,C066,FARTCOINUSDT,large,2025-12-01T16:00Z,calm+large,2025-12-01T16:00Z,2025-12-02T05:00Z
card-span/greedy-clique/cross-coin,E0029,4,C189,NEWTUSDT,calm,2025-12-02T05:00Z,calm+large,2025-12-01T16:00Z,2025-12-02T05:00Z
card-span/greedy-clique/cross-coin,E0029,4,C276,ZROUSDT,large,2025-12-01T18:00Z,calm+large,2025-12-01T16:00Z,2025-12-02T05:00Z
card-span/greedy-clique/cross-coin,E0030,1,C067,FARTCOINUSDT,large,2025-12-03T21:00Z,large,2025-12-03T21:00Z,2025-12-03T21:00Z
card-span/greedy-clique/cross-coin,E0031,1,C104,FHEUSDT,large,2025-12-06T19:00Z,large,2025-12-06T19:00Z,2025-12-06T19:00Z
card-span/greedy-clique/cross-coin,E0032,3,C105,FHEUSDT,large,2025-12-09T22:00Z,calm+large,2025-12-09T05:00Z,2025-12-10T07:00Z
card-span/greedy-clique/cross-coin,E0032,3,C230,NILUSDT,large,2025-12-09T05:00Z,calm+large,2025-12-09T05:00Z,2025-12-10T07:00Z
card-span/greedy-clique/cross-coin,E0032,3,C277,ZROUSDT,calm,2025-12-10T07:00Z,calm+large,2025-12-09T05:00Z,2025-12-10T07:00Z
card-span/greedy-clique/cross-coin,E0033,3,C028,BCHUSDT,calm,2025-12-15T02:00Z,calm+large,2025-12-15T02:00Z,2025-12-16T18:00Z
card-span/greedy-clique/cross-coin,E0033,3,C106,FHEUSDT,large,2025-12-15T04:00Z,calm+large,2025-12-15T02:00Z,2025-12-16T18:00Z
card-span/greedy-clique/cross-coin,E0033,3,C231,NILUSDT,calm,2025-12-16T18:00Z,calm+large,2025-12-15T02:00Z,2025-12-16T18:00Z
card-span/greedy-clique/cross-coin,E0034,5,C029,BCHUSDT,large,2025-12-18T20:00Z,calm+large,2025-12-18T01:00Z,2025-12-19T15:00Z
card-span/greedy-clique/cross-coin,E0034,5,C068,FARTCOINUSDT,large,2025-12-18T01:00Z,calm+large,2025-12-18T01:00Z,2025-12-19T15:00Z
card-span/greedy-clique/cross-coin,E0034,5,C107,FHEUSDT,large,2025-12-19T15:00Z,calm+large,2025-12-18T01:00Z,2025-12-19T15:00Z
card-span/greedy-clique/cross-coin,E0034,5,C143,KOMAUSDT,calm,2025-12-18T05:00Z,calm+large,2025-12-18T01:00Z,2025-12-19T15:00Z
card-span/greedy-clique/cross-coin,E0034,5,C190,NEWTUSDT,large,2025-12-19T13:00Z,calm+large,2025-12-18T01:00Z,2025-12-19T15:00Z
card-span/greedy-clique/cross-coin,E0035,2,C191,NEWTUSDT,large,2025-12-24T11:00Z,large,2025-12-24T11:00Z,2025-12-26T01:00Z
card-span/greedy-clique/cross-coin,E0035,2,C232,NILUSDT,large,2025-12-26T01:00Z,large,2025-12-24T11:00Z,2025-12-26T01:00Z
card-span/greedy-clique/cross-coin,E0036,2,C108,FHEUSDT,calm,2025-12-29T00:00Z,calm,2025-12-29T00:00Z,2025-12-30T01:00Z
card-span/greedy-clique/cross-coin,E0036,2,C144,KOMAUSDT,calm,2025-12-30T01:00Z,calm,2025-12-29T00:00Z,2025-12-30T01:00Z
card-span/greedy-clique/cross-coin,E0037,2,C069,FARTCOINUSDT,large,2026-01-02T03:00Z,calm+large,2026-01-02T03:00Z,2026-01-02T07:00Z
card-span/greedy-clique/cross-coin,E0037,2,C145,KOMAUSDT,calm,2026-01-02T07:00Z,calm+large,2026-01-02T03:00Z,2026-01-02T07:00Z
card-span/greedy-clique/cross-coin,E0038,4,C030,BCHUSDT,calm,2026-01-06T17:00Z,calm+large,2026-01-05T14:00Z,2026-01-07T00:00Z
card-span/greedy-clique/cross-coin,E0038,4,C070,FARTCOINUSDT,large,2026-01-05T14:00Z,calm+large,2026-01-05T14:00Z,2026-01-07T00:00Z
card-span/greedy-clique/cross-coin,E0038,4,C109,FHEUSDT,large,2026-01-06T02:00Z,calm+large,2026-01-05T14:00Z,2026-01-07T00:00Z
card-span/greedy-clique/cross-coin,E0038,4,C233,NILUSDT,calm,2026-01-07T00:00Z,calm+large,2026-01-05T14:00Z,2026-01-07T00:00Z
card-span/greedy-clique/cross-coin,E0039,2,C146,KOMAUSDT,calm,2026-01-08T17:00Z,calm,2026-01-08T17:00Z,2026-01-09T11:00Z
card-span/greedy-clique/cross-coin,E0039,2,C192,NEWTUSDT,calm,2026-01-09T11:00Z,calm,2026-01-08T17:00Z,2026-01-09T11:00Z
card-span/greedy-clique/cross-coin,E0040,2,C071,FARTCOINUSDT,calm,2026-01-13T16:00Z,calm,2026-01-12T05:00Z,2026-01-13T16:00Z
card-span/greedy-clique/cross-coin,E0040,2,C278,ZROUSDT,calm,2026-01-12T05:00Z,calm,2026-01-12T05:00Z,2026-01-13T16:00Z
card-span/greedy-clique/cross-coin,E0041,2,C072,FARTCOINUSDT,calm,2026-01-14T20:00Z,calm+large,2026-01-14T12:00Z,2026-01-14T20:00Z
card-span/greedy-clique/cross-coin,E0041,2,C110,FHEUSDT,large,2026-01-14T12:00Z,calm+large,2026-01-14T12:00Z,2026-01-14T20:00Z
card-span/greedy-clique/cross-coin,E0042,1,C111,FHEUSDT,large,2026-01-16T14:00Z,large,2026-01-16T14:00Z,2026-01-16T14:00Z
card-span/greedy-clique/cross-coin,E0043,1,C112,FHEUSDT,large,2026-01-18T14:00Z,large,2026-01-18T14:00Z,2026-01-18T14:00Z
card-span/greedy-clique/cross-coin,E0044,3,C113,FHEUSDT,large,2026-01-20T16:00Z,calm+large,2026-01-18T22:00Z,2026-01-20T16:00Z
card-span/greedy-clique/cross-coin,E0044,3,C234,NILUSDT,calm,2026-01-18T22:00Z,calm+large,2026-01-18T22:00Z,2026-01-20T16:00Z
card-span/greedy-clique/cross-coin,E0044,3,C279,ZROUSDT,large,2026-01-20T16:00Z,calm+large,2026-01-18T22:00Z,2026-01-20T16:00Z
card-span/greedy-clique/cross-coin,E0045,3,C193,NEWTUSDT,large,2026-01-24T01:00Z,calm+large,2026-01-22T08:00Z,2026-01-24T01:00Z
card-span/greedy-clique/cross-coin,E0045,3,C235,NILUSDT,calm,2026-01-22T08:00Z,calm+large,2026-01-22T08:00Z,2026-01-24T01:00Z
card-span/greedy-clique/cross-coin,E0045,3,C280,ZROUSDT,large,2026-01-22T17:00Z,calm+large,2026-01-22T08:00Z,2026-01-24T01:00Z
card-span/greedy-clique/cross-coin,E0046,3,C031,BCHUSDT,large,2026-01-30T20:00Z,large,2026-01-30T20:00Z,2026-01-30T20:00Z
card-span/greedy-clique/cross-coin,E0046,3,C194,NEWTUSDT,large,2026-01-30T20:00Z,large,2026-01-30T20:00Z,2026-01-30T20:00Z
card-span/greedy-clique/cross-coin,E0046,3,C281,ZROUSDT,large,2026-01-30T20:00Z,large,2026-01-30T20:00Z,2026-01-30T20:00Z
card-span/greedy-clique/cross-coin,E0047,1,C236,NILUSDT,calm,2026-02-01T21:00Z,calm,2026-02-01T21:00Z,2026-02-01T21:00Z
card-span/greedy-clique/cross-coin,E0048,4,C114,FHEUSDT,large,2026-02-03T15:00Z,calm+large,2026-02-03T03:00Z,2026-02-05T01:00Z
card-span/greedy-clique/cross-coin,E0048,4,C147,KOMAUSDT,calm,2026-02-03T03:00Z,calm+large,2026-02-03T03:00Z,2026-02-05T01:00Z
card-span/greedy-clique/cross-coin,E0048,4,C195,NEWTUSDT,large,2026-02-05T01:00Z,calm+large,2026-02-03T03:00Z,2026-02-05T01:00Z
card-span/greedy-clique/cross-coin,E0048,4,C282,ZROUSDT,large,2026-02-05T00:00Z,calm+large,2026-02-03T03:00Z,2026-02-05T01:00Z
card-span/greedy-clique/cross-coin,E0049,1,C032,BCHUSDT,large,2026-02-06T03:00Z,large,2026-02-06T03:00Z,2026-02-06T03:00Z
card-span/greedy-clique/cross-coin,E0050,4,C073,FARTCOINUSDT,calm,2026-02-11T10:00Z,calm+large,2026-02-09T14:00Z,2026-02-11T10:00Z
card-span/greedy-clique/cross-coin,E0050,4,C115,FHEUSDT,large,2026-02-09T14:00Z,calm+large,2026-02-09T14:00Z,2026-02-11T10:00Z
card-span/greedy-clique/cross-coin,E0050,4,C237,NILUSDT,large,2026-02-10T11:00Z,calm+large,2026-02-09T14:00Z,2026-02-11T10:00Z
card-span/greedy-clique/cross-coin,E0050,4,C283,ZROUSDT,large,2026-02-10T14:00Z,calm+large,2026-02-09T14:00Z,2026-02-11T10:00Z
card-span/greedy-clique/cross-coin,E0051,2,C033,BCHUSDT,large,2026-02-12T22:00Z,large,2026-02-11T14:00Z,2026-02-12T22:00Z
card-span/greedy-clique/cross-coin,E0051,2,C116,FHEUSDT,large,2026-02-11T14:00Z,large,2026-02-11T14:00Z,2026-02-12T22:00Z
card-span/greedy-clique/cross-coin,E0052,1,C117,FHEUSDT,large,2026-02-15T06:00Z,large,2026-02-15T06:00Z,2026-02-15T06:00Z
card-span/greedy-clique/cross-coin,E0053,2,C074,FARTCOINUSDT,calm,2026-02-17T17:00Z,calm+large,2026-02-17T17:00Z,2026-02-19T16:00Z
card-span/greedy-clique/cross-coin,E0053,2,C284,ZROUSDT,large,2026-02-19T16:00Z,calm+large,2026-02-17T17:00Z,2026-02-19T16:00Z
card-span/greedy-clique/cross-coin,E0054,1,C034,BCHUSDT,large,2026-02-23T00:00Z,large,2026-02-23T00:00Z,2026-02-23T00:00Z
card-span/greedy-clique/cross-coin,E0055,3,C118,FHEUSDT,calm,2026-02-28T08:00Z,calm+large,2026-02-26T12:00Z,2026-02-28T09:00Z
card-span/greedy-clique/cross-coin,E0055,3,C196,NEWTUSDT,large,2026-02-26T12:00Z,calm+large,2026-02-26T12:00Z,2026-02-28T09:00Z
card-span/greedy-clique/cross-coin,E0055,3,C285,ZROUSDT,large,2026-02-28T09:00Z,calm+large,2026-02-26T12:00Z,2026-02-28T09:00Z
card-span/greedy-clique/cross-coin,E0056,3,C075,FARTCOINUSDT,calm,2026-03-02T05:00Z,calm,2026-03-02T05:00Z,2026-03-03T03:00Z
card-span/greedy-clique/cross-coin,E0056,3,C119,FHEUSDT,calm,2026-03-03T03:00Z,calm,2026-03-02T05:00Z,2026-03-03T03:00Z
card-span/greedy-clique/cross-coin,E0056,3,C238,NILUSDT,calm,2026-03-02T09:00Z,calm,2026-03-02T05:00Z,2026-03-03T03:00Z
card-span/greedy-clique/cross-coin,E0057,2,C035,BCHUSDT,calm,2026-03-07T23:00Z,calm+large,2026-03-06T13:00Z,2026-03-07T23:00Z
card-span/greedy-clique/cross-coin,E0057,2,C120,FHEUSDT,large,2026-03-06T13:00Z,calm+large,2026-03-06T13:00Z,2026-03-07T23:00Z
card-span/greedy-clique/cross-coin,E0058,2,C076,FARTCOINUSDT,calm,2026-03-10T00:00Z,calm,2026-03-08T22:00Z,2026-03-10T00:00Z
card-span/greedy-clique/cross-coin,E0058,2,C239,NILUSDT,calm,2026-03-08T22:00Z,calm,2026-03-08T22:00Z,2026-03-10T00:00Z
card-span/greedy-clique/cross-coin,E0059,2,C121,FHEUSDT,calm,2026-03-12T23:00Z,calm,2026-03-12T23:00Z,2026-03-12T23:00Z
card-span/greedy-clique/cross-coin,E0059,2,C286,ZROUSDT,calm,2026-03-12T23:00Z,calm,2026-03-12T23:00Z,2026-03-12T23:00Z
card-span/greedy-clique/cross-coin,E0060,2,C077,FARTCOINUSDT,large,2026-03-16T02:00Z,calm+large,2026-03-16T02:00Z,2026-03-16T10:00Z
card-span/greedy-clique/cross-coin,E0060,2,C148,KOMAUSDT,calm,2026-03-16T10:00Z,calm+large,2026-03-16T02:00Z,2026-03-16T10:00Z
card-span/greedy-clique/cross-coin,E0061,2,C036,BCHUSDT,calm,2026-03-18T17:00Z,calm,2026-03-18T17:00Z,2026-03-19T19:00Z
card-span/greedy-clique/cross-coin,E0061,2,C287,ZROUSDT,calm,2026-03-19T19:00Z,calm,2026-03-18T17:00Z,2026-03-19T19:00Z
card-span/greedy-clique/cross-coin,E0062,2,C037,BCHUSDT,calm,2026-03-21T21:00Z,calm+large,2026-03-21T21:00Z,2026-03-23T01:00Z
card-span/greedy-clique/cross-coin,E0062,2,C288,ZROUSDT,large,2026-03-23T01:00Z,calm+large,2026-03-21T21:00Z,2026-03-23T01:00Z
card-span/greedy-clique/cross-coin,E0063,1,C240,NILUSDT,calm,2026-03-25T03:00Z,calm,2026-03-25T03:00Z,2026-03-25T03:00Z
card-span/greedy-clique/cross-coin,E0064,1,C038,BCHUSDT,calm,2026-03-30T04:00Z,calm,2026-03-30T04:00Z,2026-03-30T04:00Z
card-span/greedy-clique/cross-coin,E0065,1,C149,KOMAUSDT,large,2026-04-04T13:00Z,large,2026-04-04T13:00Z,2026-04-04T13:00Z
card-span/greedy-clique/cross-coin,E0066,3,C150,KOMAUSDT,large,2026-04-06T15:00Z,calm+large,2026-04-06T15:00Z,2026-04-08T02:00Z
card-span/greedy-clique/cross-coin,E0066,3,C241,NILUSDT,calm,2026-04-08T02:00Z,calm+large,2026-04-06T15:00Z,2026-04-08T02:00Z
card-span/greedy-clique/cross-coin,E0066,3,C289,ZROUSDT,large,2026-04-07T03:00Z,calm+large,2026-04-06T15:00Z,2026-04-08T02:00Z
card-span/greedy-clique/cross-coin,E0067,2,C078,FARTCOINUSDT,large,2026-04-08T23:00Z,calm+large,2026-04-08T23:00Z,2026-04-10T16:00Z
card-span/greedy-clique/cross-coin,E0067,2,C197,NEWTUSDT,calm,2026-04-10T16:00Z,calm+large,2026-04-08T23:00Z,2026-04-10T16:00Z
card-span/greedy-clique/cross-coin,E0068,2,C122,FHEUSDT,calm,2026-04-12T11:00Z,calm+large,2026-04-12T11:00Z,2026-04-13T02:00Z
card-span/greedy-clique/cross-coin,E0068,2,C151,KOMAUSDT,large,2026-04-13T02:00Z,calm+large,2026-04-12T11:00Z,2026-04-13T02:00Z
card-span/greedy-clique/cross-coin,E0069,2,C152,KOMAUSDT,large,2026-04-15T06:00Z,calm+large,2026-04-14T12:00Z,2026-04-15T06:00Z
card-span/greedy-clique/cross-coin,E0069,2,C242,NILUSDT,calm,2026-04-14T12:00Z,calm+large,2026-04-14T12:00Z,2026-04-15T06:00Z
card-span/greedy-clique/cross-coin,E0070,4,C079,FARTCOINUSDT,calm,2026-04-19T00:00Z,calm+large,2026-04-17T06:00Z,2026-04-19T00:00Z
card-span/greedy-clique/cross-coin,E0070,4,C123,FHEUSDT,large,2026-04-17T06:00Z,calm+large,2026-04-17T06:00Z,2026-04-19T00:00Z
card-span/greedy-clique/cross-coin,E0070,4,C153,KOMAUSDT,large,2026-04-18T05:00Z,calm+large,2026-04-17T06:00Z,2026-04-19T00:00Z
card-span/greedy-clique/cross-coin,E0070,4,C290,ZROUSDT,large,2026-04-18T07:00Z,calm+large,2026-04-17T06:00Z,2026-04-19T00:00Z
card-span/greedy-clique/cross-coin,E0071,1,C039,BCHUSDT,calm,2026-04-20T03:00Z,calm,2026-04-20T03:00Z,2026-04-20T03:00Z
card-span/greedy-clique/cross-coin,E0072,4,C040,BCHUSDT,calm,2026-04-20T23:00Z,calm+large,2026-04-20T12:00Z,2026-04-22T04:00Z
card-span/greedy-clique/cross-coin,E0072,4,C080,FARTCOINUSDT,calm,2026-04-20T12:00Z,calm+large,2026-04-20T12:00Z,2026-04-22T04:00Z
card-span/greedy-clique/cross-coin,E0072,4,C154,KOMAUSDT,calm,2026-04-22T04:00Z,calm+large,2026-04-20T12:00Z,2026-04-22T04:00Z
card-span/greedy-clique/cross-coin,E0072,4,C198,NEWTUSDT,large,2026-04-20T12:00Z,calm+large,2026-04-20T12:00Z,2026-04-22T04:00Z
card-span/greedy-clique/cross-coin,E0073,1,C041,BCHUSDT,calm,2026-04-22T19:00Z,calm,2026-04-22T19:00Z,2026-04-22T19:00Z
card-span/greedy-clique/cross-coin,E0074,1,C081,FARTCOINUSDT,calm,2026-04-28T10:00Z,calm,2026-04-28T10:00Z,2026-04-28T10:00Z
card-span/greedy-clique/cross-coin,E0075,4,C082,FARTCOINUSDT,calm,2026-05-01T23:00Z,calm+large,2026-04-30T04:00Z,2026-05-02T01:00Z
card-span/greedy-clique/cross-coin,E0075,4,C124,FHEUSDT,large,2026-05-02T01:00Z,calm+large,2026-04-30T04:00Z,2026-05-02T01:00Z
card-span/greedy-clique/cross-coin,E0075,4,C155,KOMAUSDT,calm,2026-05-01T06:00Z,calm+large,2026-04-30T04:00Z,2026-05-02T01:00Z
card-span/greedy-clique/cross-coin,E0075,4,C291,ZROUSDT,calm,2026-04-30T04:00Z,calm+large,2026-04-30T04:00Z,2026-05-02T01:00Z
card-span/greedy-clique/cross-coin,E0076,1,C292,ZROUSDT,calm,2026-04-30T19:00Z,calm,2026-04-30T19:00Z,2026-04-30T19:00Z
card-span/greedy-clique/cross-coin,E0077,1,C125,FHEUSDT,large,2026-05-04T21:00Z,large,2026-05-04T21:00Z,2026-05-04T21:00Z
card-span/greedy-clique/cross-coin,E0078,4,C001,AVGOUSDT,calm,2026-05-07T20:00Z,calm+large,2026-05-05T21:00Z,2026-05-07T20:00Z
card-span/greedy-clique/cross-coin,E0078,4,C042,BCHUSDT,calm,2026-05-07T15:00Z,calm+large,2026-05-05T21:00Z,2026-05-07T20:00Z
card-span/greedy-clique/cross-coin,E0078,4,C199,NEWTUSDT,calm,2026-05-05T21:00Z,calm+large,2026-05-05T21:00Z,2026-05-07T20:00Z
card-span/greedy-clique/cross-coin,E0078,4,C243,NILUSDT,large,2026-05-06T23:00Z,calm+large,2026-05-05T21:00Z,2026-05-07T20:00Z
card-span/greedy-clique/cross-coin,E0079,1,C083,FARTCOINUSDT,calm,2026-05-09T08:00Z,calm,2026-05-09T08:00Z,2026-05-09T08:00Z
card-span/greedy-clique/cross-coin,E0080,2,C084,FARTCOINUSDT,calm,2026-05-13T16:00Z,calm,2026-05-13T16:00Z,2026-05-15T09:00Z
card-span/greedy-clique/cross-coin,E0080,2,C126,FHEUSDT,calm,2026-05-15T09:00Z,calm,2026-05-13T16:00Z,2026-05-15T09:00Z
card-span/greedy-clique/cross-coin,E0081,1,C085,FARTCOINUSDT,calm,2026-05-15T01:00Z,calm,2026-05-15T01:00Z,2026-05-15T01:00Z
card-span/greedy-clique/cross-coin,E0082,2,C043,BCHUSDT,large,2026-05-17T12:00Z,calm+large,2026-05-17T12:00Z,2026-05-18T19:00Z
card-span/greedy-clique/cross-coin,E0082,2,C293,ZROUSDT,calm,2026-05-18T19:00Z,calm+large,2026-05-17T12:00Z,2026-05-18T19:00Z
card-span/greedy-clique/cross-coin,E0083,2,C244,NILUSDT,large,2026-05-20T01:00Z,calm+large,2026-05-19T13:00Z,2026-05-20T01:00Z
card-span/greedy-clique/cross-coin,E0083,2,C294,ZROUSDT,calm,2026-05-19T13:00Z,calm+large,2026-05-19T13:00Z,2026-05-20T01:00Z
card-span/greedy-clique/cross-coin,E0084,2,C002,AVGOUSDT,calm,2026-05-23T22:00Z,calm+large,2026-05-23T20:00Z,2026-05-23T22:00Z
card-span/greedy-clique/cross-coin,E0084,2,C245,NILUSDT,large,2026-05-23T20:00Z,calm+large,2026-05-23T20:00Z,2026-05-23T22:00Z
card-span/greedy-clique/cross-coin,E0085,1,C200,NEWTUSDT,calm,2026-05-25T21:00Z,calm,2026-05-25T21:00Z,2026-05-25T21:00Z
card-span/greedy-clique/cross-coin,E0086,4,C044,BCHUSDT,large,2026-05-27T16:00Z,calm+large,2026-05-27T16:00Z,2026-05-28T21:00Z
card-span/greedy-clique/cross-coin,E0086,4,C127,FHEUSDT,calm,2026-05-28T00:00Z,calm+large,2026-05-27T16:00Z,2026-05-28T21:00Z
card-span/greedy-clique/cross-coin,E0086,4,C156,KOMAUSDT,large,2026-05-28T11:00Z,calm+large,2026-05-27T16:00Z,2026-05-28T21:00Z
card-span/greedy-clique/cross-coin,E0086,4,C201,NEWTUSDT,large,2026-05-28T21:00Z,calm+large,2026-05-27T16:00Z,2026-05-28T21:00Z
card-span/greedy-clique/cross-coin,E0087,3,C128,FHEUSDT,large,2026-05-31T06:00Z,calm+large,2026-05-30T05:00Z,2026-05-31T06:00Z
card-span/greedy-clique/cross-coin,E0087,3,C246,NILUSDT,calm,2026-05-30T05:00Z,calm+large,2026-05-30T05:00Z,2026-05-31T06:00Z
card-span/greedy-clique/cross-coin,E0087,3,C295,ZROUSDT,calm,2026-05-30T08:00Z,calm+large,2026-05-30T05:00Z,2026-05-31T06:00Z
card-span/greedy-clique/cross-coin,E0088,2,C003,AVGOUSDT,large,2026-06-01T10:00Z,large,2026-06-01T10:00Z,2026-06-02T04:00Z
card-span/greedy-clique/cross-coin,E0088,2,C045,BCHUSDT,large,2026-06-02T04:00Z,large,2026-06-01T10:00Z,2026-06-02T04:00Z
card-span/greedy-clique/cross-coin,E0089,7,C004,AVGOUSDT,large,2026-06-03T12:00Z,large,2026-06-03T12:00Z,2026-06-05T05:00Z
card-span/greedy-clique/cross-coin,E0089,7,C046,BCHUSDT,large,2026-06-05T05:00Z,large,2026-06-03T12:00Z,2026-06-05T05:00Z
card-span/greedy-clique/cross-coin,E0089,7,C086,FARTCOINUSDT,large,2026-06-04T19:00Z,large,2026-06-03T12:00Z,2026-06-05T05:00Z
card-span/greedy-clique/cross-coin,E0089,7,C202,NEWTUSDT,large,2026-06-05T05:00Z,large,2026-06-03T12:00Z,2026-06-05T05:00Z
card-span/greedy-clique/cross-coin,E0089,7,C247,NILUSDT,large,2026-06-03T22:00Z,large,2026-06-03T12:00Z,2026-06-05T05:00Z
card-span/greedy-clique/cross-coin,E0089,7,C255,NOKUSDT,large,2026-06-05T03:00Z,large,2026-06-03T12:00Z,2026-06-05T05:00Z
card-span/greedy-clique/cross-coin,E0089,7,C296,ZROUSDT,large,2026-06-04T19:00Z,large,2026-06-03T12:00Z,2026-06-05T05:00Z
card-span/greedy-clique/cross-coin,E0090,1,C005,AVGOUSDT,large,2026-06-05T12:00Z,large,2026-06-05T12:00Z,2026-06-05T12:00Z
card-span/greedy-clique/cross-coin,E0091,2,C047,BCHUSDT,large,2026-06-08T01:00Z,calm+large,2026-06-08T01:00Z,2026-06-09T21:00Z
card-span/greedy-clique/cross-coin,E0091,2,C298,ZROUSDT,calm,2026-06-09T21:00Z,calm+large,2026-06-08T01:00Z,2026-06-09T21:00Z
card-span/greedy-clique/cross-coin,E0092,5,C006,AVGOUSDT,calm,2026-06-10T07:00Z,calm+large,2026-06-08T14:00Z,2026-06-10T07:00Z
card-span/greedy-clique/cross-coin,E0092,5,C087,FARTCOINUSDT,calm,2026-06-08T14:00Z,calm+large,2026-06-08T14:00Z,2026-06-10T07:00Z
card-span/greedy-clique/cross-coin,E0092,5,C157,KOMAUSDT,large,2026-06-10T01:00Z,calm+large,2026-06-08T14:00Z,2026-06-10T07:00Z
card-span/greedy-clique/cross-coin,E0092,5,C256,NOKUSDT,calm,2026-06-09T00:00Z,calm+large,2026-06-08T14:00Z,2026-06-10T07:00Z
card-span/greedy-clique/cross-coin,E0092,5,C297,ZROUSDT,calm,2026-06-09T18:00Z,calm+large,2026-06-08T14:00Z,2026-06-10T07:00Z
card-span/greedy-clique/cross-coin,E0093,4,C048,BCHUSDT,large,2026-06-14T15:00Z,calm+large,2026-06-14T12:00Z,2026-06-14T18:00Z
card-span/greedy-clique/cross-coin,E0093,4,C088,FARTCOINUSDT,large,2026-06-14T18:00Z,calm+large,2026-06-14T12:00Z,2026-06-14T18:00Z
card-span/greedy-clique/cross-coin,E0093,4,C203,NEWTUSDT,calm,2026-06-14T12:00Z,calm+large,2026-06-14T12:00Z,2026-06-14T18:00Z
card-span/greedy-clique/cross-coin,E0093,4,C299,ZROUSDT,large,2026-06-14T15:00Z,calm+large,2026-06-14T12:00Z,2026-06-14T18:00Z
card-span/greedy-clique/cross-coin,E0094,4,C049,BCHUSDT,large,2026-06-17T16:00Z,calm+large,2026-06-16T12:00Z,2026-06-18T00:00Z
card-span/greedy-clique/cross-coin,E0094,4,C158,KOMAUSDT,large,2026-06-16T12:00Z,calm+large,2026-06-16T12:00Z,2026-06-18T00:00Z
card-span/greedy-clique/cross-coin,E0094,4,C204,NEWTUSDT,calm,2026-06-18T00:00Z,calm+large,2026-06-16T12:00Z,2026-06-18T00:00Z
card-span/greedy-clique/cross-coin,E0094,4,C257,NOKUSDT,calm,2026-06-16T21:00Z,calm+large,2026-06-16T12:00Z,2026-06-18T00:00Z
card-span/greedy-clique/cross-coin,E0095,1,C205,NEWTUSDT,calm,2026-06-19T21:00Z,calm,2026-06-19T21:00Z,2026-06-19T21:00Z
card-span/greedy-clique/cross-coin,E0096,3,C007,AVGOUSDT,large,2026-06-22T13:00Z,calm+large,2026-06-21T08:00Z,2026-06-22T13:00Z
card-span/greedy-clique/cross-coin,E0096,3,C159,KOMAUSDT,large,2026-06-22T04:00Z,calm+large,2026-06-21T08:00Z,2026-06-22T13:00Z
card-span/greedy-clique/cross-coin,E0096,3,C206,NEWTUSDT,calm,2026-06-21T08:00Z,calm+large,2026-06-21T08:00Z,2026-06-22T13:00Z
card-span/greedy-clique/cross-coin,E0097,1,C258,NOKUSDT,calm,2026-06-23T19:00Z,calm,2026-06-23T19:00Z,2026-06-23T19:00Z
card-span/greedy-clique/cross-coin,E0098,3,C160,KOMAUSDT,calm,2026-06-25T23:00Z,calm+large,2026-06-24T14:00Z,2026-06-26T04:00Z
card-span/greedy-clique/cross-coin,E0098,3,C207,NEWTUSDT,large,2026-06-24T14:00Z,calm+large,2026-06-24T14:00Z,2026-06-26T04:00Z
card-span/greedy-clique/cross-coin,E0098,3,C300,ZROUSDT,calm,2026-06-26T04:00Z,calm+large,2026-06-24T14:00Z,2026-06-26T04:00Z
card-span/greedy-clique/cross-coin,E0099,3,C089,FARTCOINUSDT,calm,2026-06-26T22:00Z,calm,2026-06-26T22:00Z,2026-06-28T17:00Z
card-span/greedy-clique/cross-coin,E0099,3,C259,NOKUSDT,calm,2026-06-28T14:00Z,calm,2026-06-26T22:00Z,2026-06-28T17:00Z
card-span/greedy-clique/cross-coin,E0099,3,C301,ZROUSDT,calm,2026-06-28T17:00Z,calm,2026-06-26T22:00Z,2026-06-28T17:00Z
card-span/greedy-clique/cross-coin,E0100,1,C129,FHEUSDT,calm,2026-06-29T10:00Z,calm,2026-06-29T10:00Z,2026-06-29T10:00Z
card-span/greedy-clique/cross-coin,E0101,3,C008,AVGOUSDT,calm,2026-07-03T05:00Z,calm+large,2026-07-02T07:00Z,2026-07-03T11:00Z
card-span/greedy-clique/cross-coin,E0101,3,C090,FARTCOINUSDT,large,2026-07-02T07:00Z,calm+large,2026-07-02T07:00Z,2026-07-03T11:00Z
card-span/greedy-clique/cross-coin,E0101,3,C161,KOMAUSDT,calm,2026-07-03T11:00Z,calm+large,2026-07-02T07:00Z,2026-07-03T11:00Z
card-span/greedy-clique/cross-coin,E0102,1,C162,KOMAUSDT,calm,2026-07-04T02:00Z,calm,2026-07-04T02:00Z,2026-07-04T02:00Z
card-span/greedy-clique/cross-coin,E0103,1,C163,KOMAUSDT,calm,2026-07-05T21:00Z,calm,2026-07-05T21:00Z,2026-07-05T21:00Z
card-span/greedy-clique/cross-coin,E0104,3,C009,AVGOUSDT,large,2026-07-08T12:00Z,calm+large,2026-07-07T00:00Z,2026-07-08T12:00Z
card-span/greedy-clique/cross-coin,E0104,3,C164,KOMAUSDT,calm,2026-07-07T06:00Z,calm+large,2026-07-07T00:00Z,2026-07-08T12:00Z
card-span/greedy-clique/cross-coin,E0104,3,C248,NILUSDT,calm,2026-07-07T00:00Z,calm+large,2026-07-07T00:00Z,2026-07-08T12:00Z
card-span/greedy-clique/cross-coin,E0105,1,C208,NEWTUSDT,calm,2026-07-09T00:00Z,calm,2026-07-09T00:00Z,2026-07-09T00:00Z
card-span/greedy-clique/cross-coin,E0106,3,C165,KOMAUSDT,calm,2026-07-12T01:00Z,calm,2026-07-11T03:00Z,2026-07-12T01:00Z
card-span/greedy-clique/cross-coin,E0106,3,C209,NEWTUSDT,calm,2026-07-11T03:00Z,calm,2026-07-11T03:00Z,2026-07-12T01:00Z
card-span/greedy-clique/cross-coin,E0106,3,C302,ZROUSDT,calm,2026-07-11T04:00Z,calm,2026-07-11T03:00Z,2026-07-12T01:00Z
card-span/greedy-clique/cross-coin,E0107,1,C130,FHEUSDT,calm,2026-07-13T15:00Z,calm,2026-07-13T15:00Z,2026-07-13T15:00Z
card-span/greedy-clique/cross-coin,E0108,3,C010,AVGOUSDT,calm,2026-07-16T00:00Z,calm+large,2026-07-16T00:00Z,2026-07-17T23:00Z
card-span/greedy-clique/cross-coin,E0108,3,C210,NEWTUSDT,calm,2026-07-17T23:00Z,calm+large,2026-07-16T00:00Z,2026-07-17T23:00Z
card-span/greedy-clique/cross-coin,E0108,3,C260,NOKUSDT,large,2026-07-16T06:00Z,calm+large,2026-07-16T00:00Z,2026-07-17T23:00Z
card-span/greedy-clique/cross-coin,E0109,1,C011,AVGOUSDT,calm,2026-07-16T14:00Z,calm,2026-07-16T14:00Z,2026-07-16T14:00Z
card-span/greedy-clique/cross-coin,E0110,3,C091,FARTCOINUSDT,calm,2026-07-19T00:00Z,calm+large,2026-07-18T10:00Z,2026-07-19T21:00Z
card-span/greedy-clique/cross-coin,E0110,3,C166,KOMAUSDT,large,2026-07-19T21:00Z,calm+large,2026-07-18T10:00Z,2026-07-19T21:00Z
card-span/greedy-clique/cross-coin,E0110,3,C211,NEWTUSDT,calm,2026-07-18T10:00Z,calm+large,2026-07-18T10:00Z,2026-07-19T21:00Z
card-span/greedy-clique/cross-coin,E0111,2,C012,AVGOUSDT,calm,2026-07-24T06:00Z,calm+large,2026-07-23T07:00Z,2026-07-24T06:00Z
card-span/greedy-clique/cross-coin,E0111,2,C261,NOKUSDT,large,2026-07-23T07:00Z,calm+large,2026-07-23T07:00Z,2026-07-24T06:00Z
card-span/greedy-clique/cross-coin,E0112,3,C167,KOMAUSDT,calm,2026-07-25T15:00Z,calm+large,2026-07-25T15:00Z,2026-07-26T20:00Z
card-span/greedy-clique/cross-coin,E0112,3,C212,NEWTUSDT,calm,2026-07-26T20:00Z,calm+large,2026-07-25T15:00Z,2026-07-26T20:00Z
card-span/greedy-clique/cross-coin,E0112,3,C249,NILUSDT,large,2026-07-26T11:00Z,calm+large,2026-07-25T15:00Z,2026-07-26T20:00Z
card-span/greedy-clique/cross-coin,E0113,3,C050,BCHUSDT,calm,2026-07-28T19:00Z,calm+large,2026-07-28T19:00Z,2026-07-30T08:00Z
card-span/greedy-clique/cross-coin,E0113,3,C168,KOMAUSDT,large,2026-07-30T08:00Z,calm+large,2026-07-28T19:00Z,2026-07-30T08:00Z
card-span/greedy-clique/cross-coin,E0113,3,C262,NOKUSDT,large,2026-07-30T07:00Z,calm+large,2026-07-28T19:00Z,2026-07-30T08:00Z
card-span/greedy-clique/cross-coin,E0114,1,C051,BCHUSDT,calm,2026-07-29T02:00Z,calm,2026-07-29T02:00Z,2026-07-29T02:00Z
card-span/greedy-clique/cross-coin,E0115,1,C052,BCHUSDT,calm,2026-07-30T09:00Z,calm,2026-07-30T09:00Z,2026-07-30T09:00Z
card-span/greedy-clique/cross-coin,E0116,1,C169,KOMAUSDT,large,2026-08-01T10:00Z,large,2026-08-01T10:00Z,2026-08-01T10:00Z
card-span/greedy-clique/cross-coin,E0117,4,C013,AVGOUSDT,large,2026-08-03T18:00Z,calm+large,2026-08-03T18:00Z,2026-08-05T17:00Z
card-span/greedy-clique/cross-coin,E0117,4,C053,BCHUSDT,calm,2026-08-04T20:00Z,calm+large,2026-08-03T18:00Z,2026-08-05T17:00Z
card-span/greedy-clique/cross-coin,E0117,4,C092,FARTCOINUSDT,calm,2026-08-05T17:00Z,calm+large,2026-08-03T18:00Z,2026-08-05T17:00Z
card-span/greedy-clique/cross-coin,E0117,4,C170,KOMAUSDT,large,2026-08-03T21:00Z,calm+large,2026-08-03T18:00Z,2026-08-05T17:00Z
card-span/greedy-clique/cross-coin,E0118,3,C093,FARTCOINUSDT,calm,2026-08-05T21:00Z,calm+large,2026-08-05T21:00Z,2026-08-06T19:00Z
card-span/greedy-clique/cross-coin,E0118,3,C171,KOMAUSDT,large,2026-08-06T03:00Z,calm+large,2026-08-05T21:00Z,2026-08-06T19:00Z
card-span/greedy-clique/cross-coin,E0118,3,C250,NILUSDT,large,2026-08-06T19:00Z,calm+large,2026-08-05T21:00Z,2026-08-06T19:00Z
card-span/greedy-clique/cross-coin,E0119,3,C131,FHEUSDT,calm,2026-08-09T13:00Z,calm+large,2026-08-09T05:00Z,2026-08-09T14:00Z
card-span/greedy-clique/cross-coin,E0119,3,C251,NILUSDT,large,2026-08-09T05:00Z,calm+large,2026-08-09T05:00Z,2026-08-09T14:00Z
card-span/greedy-clique/cross-coin,E0119,3,C303,ZROUSDT,calm,2026-08-09T14:00Z,calm+large,2026-08-09T05:00Z,2026-08-09T14:00Z
card-span/greedy-clique/cross-coin,E0120,4,C132,FHEUSDT,calm,2026-08-11T15:00Z,calm+large,2026-08-11T12:00Z,2026-08-13T07:00Z
card-span/greedy-clique/cross-coin,E0120,4,C252,NILUSDT,large,2026-08-11T23:00Z,calm+large,2026-08-11T12:00Z,2026-08-13T07:00Z
card-span/greedy-clique/cross-coin,E0120,4,C263,NOKUSDT,large,2026-08-11T12:00Z,calm+large,2026-08-11T12:00Z,2026-08-13T07:00Z
card-span/greedy-clique/cross-coin,E0120,4,C304,ZROUSDT,calm,2026-08-13T07:00Z,calm+large,2026-08-11T12:00Z,2026-08-13T07:00Z
card-span/greedy-clique/cross-coin,E0121,3,C014,AVGOUSDT,large,2026-08-13T19:00Z,calm+large,2026-08-13T19:00Z,2026-08-15T13:00Z
card-span/greedy-clique/cross-coin,E0121,3,C253,NILUSDT,large,2026-08-14T19:00Z,calm+large,2026-08-13T19:00Z,2026-08-15T13:00Z
card-span/greedy-clique/cross-coin,E0121,3,C264,NOKUSDT,calm,2026-08-15T13:00Z,calm+large,2026-08-13T19:00Z,2026-08-15T13:00Z
card-span/greedy-clique/cross-coin,E0122,1,C172,KOMAUSDT,calm,2026-08-17T03:00Z,calm,2026-08-17T03:00Z,2026-08-17T03:00Z
card-span/greedy-clique/cross-coin,E0123,6,C054,BCHUSDT,large,2026-08-21T03:00Z,calm+large,2026-08-21T01:00Z,2026-08-22T08:00Z
card-span/greedy-clique/cross-coin,E0123,6,C094,FARTCOINUSDT,large,2026-08-21T05:00Z,calm+large,2026-08-21T01:00Z,2026-08-22T08:00Z
card-span/greedy-clique/cross-coin,E0123,6,C133,FHEUSDT,calm,2026-08-21T01:00Z,calm+large,2026-08-21T01:00Z,2026-08-22T08:00Z
card-span/greedy-clique/cross-coin,E0123,6,C173,KOMAUSDT,large,2026-08-22T05:00Z,calm+large,2026-08-21T01:00Z,2026-08-22T08:00Z
card-span/greedy-clique/cross-coin,E0123,6,C213,NEWTUSDT,large,2026-08-21T04:00Z,calm+large,2026-08-21T01:00Z,2026-08-22T08:00Z
card-span/greedy-clique/cross-coin,E0123,6,C305,ZROUSDT,large,2026-08-22T08:00Z,calm+large,2026-08-21T01:00Z,2026-08-22T08:00Z
card-span/greedy-clique/cross-coin,E0124,3,C134,FHEUSDT,calm,2026-08-24T13:00Z,calm+large,2026-08-24T08:00Z,2026-08-24T17:00Z
card-span/greedy-clique/cross-coin,E0124,3,C214,NEWTUSDT,calm,2026-08-24T08:00Z,calm+large,2026-08-24T08:00Z,2026-08-24T17:00Z
card-span/greedy-clique/cross-coin,E0124,3,C306,ZROUSDT,large,2026-08-24T17:00Z,calm+large,2026-08-24T08:00Z,2026-08-24T17:00Z
card-span/greedy-clique/cross-coin,E0125,2,C174,KOMAUSDT,large,2026-08-28T19:00Z,large,2026-08-28T19:00Z,2026-08-28T19:00Z
card-span/greedy-clique/cross-coin,E0125,2,C254,NILUSDT,large,2026-08-28T19:00Z,large,2026-08-28T19:00Z,2026-08-28T19:00Z
